species,common_name,genus,family,clade,group
Saccharina japonica,kombu,Saccharina,Laminariaceae,brown,Brown algae
Saccharina latissima,sugar kelp,Saccharina,Laminariaceae,brown,Brown algae
Laminaria digitata,oarweed,Laminaria,Laminariaceae,brown,Brown algae
Laminaria hyperborea,tangle kelp,Laminaria,Laminariaceae,brown,Brown algae
Laminaria ochroleuca,golden kelp,Laminaria,Laminariaceae,brown,Brown algae
Undaria pinnatifida,wakame,Undaria,Alariaceae,brown,Brown algae
Alaria esculenta,winged kelp / dabberlocks,Alaria,Alariaceae,brown,Brown algae
Alaria marginata,ribbon kelp,Alaria,Alariaceae,brown,Brown algae
Ecklonia cava,kajime,Ecklonia,Lessoniaceae,brown,Brown algae
Ecklonia radiata,common kelp (Australia),Ecklonia,Lessoniaceae,brown,Brown algae
Eisenia bicyclis,arame,Eisenia,Lessoniaceae,brown,Brown algae
Macrocystis pyrifera,giant kelp,Macrocystis,Laminariaceae,brown,Brown algae
Nereocystis luetkeana,bull kelp,Nereocystis,Laminariaceae,brown,Brown algae
Postelsia palmaeformis,sea palm,Postelsia,Laminariaceae,brown,Brown algae
Lessonia nigrescens,huiro negro,Lessonia,Lessoniaceae,brown,Brown algae
Durvillaea antarctica,cochayuyo,Durvillaea,Durvillaeaceae,brown,Brown algae
Sargassum fusiforme,hijiki,Sargassum,Sargassaceae,brown,Brown algae
Sargassum horneri,akamoku,Sargassum,Sargassaceae,brown,Brown algae
Sargassum muticum,wireweed,Sargassum,Sargassaceae,brown,Brown algae
Ascophyllum nodosum,rockweed / knotted wrack,Ascophyllum,Fucaceae,brown,Brown algae
Fucus vesiculosus,bladderwrack,Fucus,Fucaceae,brown,Brown algae
Fucus serratus,serrated wrack,Fucus,Fucaceae,brown,Brown algae
Fucus spiralis,spiral wrack,Fucus,Fucaceae,brown,Brown algae
Himanthalia elongata,sea spaghetti,Himanthalia,Himanthaliaceae,brown,Brown algae
Cladosiphon okamuranus,mozuku,Cladosiphon,Chordariaceae,brown,Brown algae
Nemacystus decipiens,ito-mozuku,Nemacystus,Chordariaceae,brown,Brown algae
Petalonia binghamiae,seiyo-habanori,Petalonia,Scytosiphonaceae,brown,Brown algae
Analipus japonicus,matsumo,Analipus,Ralfsiaceae,brown,Brown algae
Chorda filum,sea lace,Chorda,Chordaceae,brown,Brown algae
Pyropia yezoensis,nori,Pyropia,Bangiaceae,red,Red algae
Pyropia tenera,asakusa nori,Pyropia,Bangiaceae,red,Red algae
Pyropia haitanensis,tan zicai,Pyropia,Bangiaceae,red,Red algae
Porphyra umbilicalis,laver,Porphyra,Bangiaceae,red,Red algae
Porphyra purpurea,purple laver,Porphyra,Bangiaceae,red,Red algae
Porphyra dioica,laver (Atlantic),Porphyra,Bangiaceae,red,Red algae
Bangia fuscopurpurea,bangia,Bangia,Bangiaceae,red,Red algae
Palmaria palmata,dulse,Palmaria,Palmariaceae,red,Red algae
Palmaria mollis,Pacific dulse,Palmaria,Palmariaceae,red,Red algae
Devaleraea mollis,red ribbon,Devaleraea,Palmariaceae,red,Red algae
Chondrus crispus,Irish moss,Chondrus,Gigartinaceae,red,Red algae
Mastocarpus stellatus,false Irish moss,Mastocarpus,Phyllophoraceae,red,Red algae
Gigartina skottsbergii,luga negra,Gigartina,Gigartinaceae,red,Red algae
Chondracanthus chamissoi,chicorea de mar,Chondracanthus,Gigartinaceae,red,Red algae
Gracilaria gracilis,ogo,Gracilaria,Gracilariaceae,red,Red algae
Gracilaria edulis,ceylon moss,Gracilaria,Gracilariaceae,red,Red algae
Gracilaria verrucosa,gracilaria,Gracilaria,Gracilariaceae,red,Red algae
Gracilariopsis lemaneiformis,longxucai,Gracilariopsis,Gracilariaceae,red,Red algae
Gelidium amansii,tengusa (agar),Gelidium,Gelidiaceae,red,Red algae
Gelidium corneum,agar weed,Gelidium,Gelidiaceae,red,Red algae
Pterocladiella capillacea,hirakusa,Pterocladiella,Pterocladiaceae,red,Red algae
Kappaphycus alvarezii,cottonii (carrageenan),Kappaphycus,Solieriaceae,red,Red algae
Eucheuma denticulatum,spinosum,Eucheuma,Solieriaceae,red,Red algae
Asparagopsis taxiformis,limu kohu,Asparagopsis,Bonnemaisoniaceae,red,Red algae
Asparagopsis armata,harpoon weed,Asparagopsis,Bonnemaisoniaceae,red,Red algae
Callophyllis variegata,carola,Callophyllis,Kallymeniaceae,red,Red algae
Meristotheca papulosa,tosakanori,Meristotheca,Solieriaceae,red,Red algae
Grateloupia turuturu,devil's tongue weed,Grateloupia,Halymeniaceae,red,Red algae
Hypnea musciformis,hooked red weed,Hypnea,Cystocloniaceae,red,Red algae
Gloiopeltis furcata,funori,Gloiopeltis,Endocladiaceae,red,Red algae
Osmundea pinnatifida,pepper dulse,Osmundea,Rhodomelaceae,red,Red algae
Vertebrata lanosa,truffle seaweed,Vertebrata,Rhodomelaceae,red,Red algae
Catenella nipae,catenella,Catenella,Caulacanthaceae,red,Red algae
Nemalion helminthoides,sea noodle / umisomen,Nemalion,Liagoraceae,red,Red algae
Acanthophora spicifera,limu lipeepee,Acanthophora,Rhodomelaceae,red,Red algae
Sarcodia ceylanica,sarcodia,Sarcodia,Sarcodiaceae,red,Red algae
Solieria robusta,solieria,Solieria,Solieriaceae,red,Red algae
Halymenia durvillei,halymenia,Halymenia,Halymeniaceae,red,Red algae
Betaphycus gelatinus,gelatinous betaphycus,Betaphycus,Solieriaceae,red,Red algae
Dumontia contorta,dumont's tubular weed,Dumontia,Dumontiaceae,red,Red algae
Ahnfeltia plicata,landlady's wig,Ahnfeltia,Ahnfeltiaceae,red,Red algae
Ulva lactuca,sea lettuce,Ulva,Ulvaceae,green,Green algae
Ulva prolifera,aonori,Ulva,Ulvaceae,green,Green algae
Ulva pertusa,aosa,Ulva,Ulvaceae,green,Green algae
Ulva intestinalis,gutweed,Ulva,Ulvaceae,green,Green algae
Ulva rigida,rigid sea lettuce,Ulva,Ulvaceae,green,Green algae
Ulva linza,linza,Ulva,Ulvaceae,green,Green algae
Monostroma nitidum,hitoegusa,Monostroma,Monostromataceae,green,Green algae
Monostroma latissimum,monostroma,Monostroma,Monostromataceae,green,Green algae
Caulerpa lentillifera,sea grapes / umibudo,Caulerpa,Caulerpaceae,green,Green algae
Caulerpa racemosa,lato,Caulerpa,Caulerpaceae,green,Green algae
Codium fragile,miru / dead man's fingers,Codium,Codiaceae,green,Green algae
Codium tomentosum,velvet horn,Codium,Codiaceae,green,Green algae
Chlorella vulgaris,chlorella,Chlorella,Chlorellaceae,green,Green algae
Auxenochlorella pyrenoidosa,chlorella (pyrenoidosa),Auxenochlorella,Chlorellaceae,green,Green algae
Haematococcus lacustris,haematococcus (astaxanthin),Haematococcus,Haematococcaceae,green,Green algae
Dunaliella salina,dunaliella,Dunaliella,Dunaliellaceae,green,Green algae
Prasiola japonica,kawanori,Prasiola,Prasiolaceae,green,Green algae
Euglena gracilis,euglena (midorimushi),Euglena,Euglenaceae,other,Other protists
Saccharomyces cerevisiae,baker's / brewer's yeast,Saccharomyces,Saccharomycetaceae,fungus,Fungi: yeasts and moulds
Saccharomyces pastorianus,lager yeast,Saccharomyces,Saccharomycetaceae,fungus,Fungi: yeasts and moulds
Saccharomyces bayanus,wine yeast,Saccharomyces,Saccharomycetaceae,fungus,Fungi: yeasts and moulds
Brettanomyces bruxellensis,brett,Brettanomyces,Pichiaceae,fungus,Fungi: yeasts and moulds
Kluyveromyces lactis,kefir yeast,Kluyveromyces,Saccharomycetaceae,fungus,Fungi: yeasts and moulds
Kluyveromyces marxianus,kefir yeast (marxianus),Kluyveromyces,Saccharomycetaceae,fungus,Fungi: yeasts and moulds
Debaryomyces hansenii,cheese-rind yeast,Debaryomyces,Debaryomycetaceae,fungus,Fungi: yeasts and moulds
Geotrichum candidum,cheese mould (geotrichum),Geotrichum,Dipodascaceae,fungus,Fungi: yeasts and moulds
Torulaspora delbrueckii,torulaspora (wine),Torulaspora,Saccharomycetaceae,fungus,Fungi: yeasts and moulds
Aspergillus oryzae,koji,Aspergillus,Aspergillaceae,fungus,Fungi: yeasts and moulds
Aspergillus sojae,soy sauce koji,Aspergillus,Aspergillaceae,fungus,Fungi: yeasts and moulds
Aspergillus luchuensis,awamori koji,Aspergillus,Aspergillaceae,fungus,Fungi: yeasts and moulds
Penicillium roqueforti,blue cheese mould,Penicillium,Aspergillaceae,fungus,Fungi: yeasts and moulds
Penicillium camemberti,camembert mould,Penicillium,Aspergillaceae,fungus,Fungi: yeasts and moulds
Penicillium nalgiovense,salami mould,Penicillium,Aspergillaceae,fungus,Fungi: yeasts and moulds
Fusarium venenatum,mycoprotein (Quorn),Fusarium,Nectriaceae,fungus,Fungi: yeasts and moulds
Monascus purpureus,red yeast rice,Monascus,Monascaceae,fungus,Fungi: yeasts and moulds
Neurospora sitophila,oncom mould,Neurospora,Sordariaceae,fungus,Fungi: yeasts and moulds
Neurospora intermedia,oncom mould (intermedia),Neurospora,Sordariaceae,fungus,Fungi: yeasts and moulds
Rhizopus oligosporus,tempeh mould,Rhizopus,Rhizopodaceae,fungus,Fungi: yeasts and moulds
Rhizopus oryzae,tempeh / ragi mould,Rhizopus,Rhizopodaceae,fungus,Fungi: yeasts and moulds
Actinomucor elegans,sufu mould,Actinomucor,Mucoraceae,fungus,Fungi: yeasts and moulds
Mucor racemosus,mucor (cheese),Mucor,Mucoraceae,fungus,Fungi: yeasts and moulds
Tuber melanosporum,black truffle,Tuber,Tuberaceae,fungus,Fungi: mushrooms and truffles
Tuber magnatum,white truffle,Tuber,Tuberaceae,fungus,Fungi: mushrooms and truffles
Tuber aestivum,summer truffle,Tuber,Tuberaceae,fungus,Fungi: mushrooms and truffles
Tuber borchii,bianchetto truffle,Tuber,Tuberaceae,fungus,Fungi: mushrooms and truffles
Tuber indicum,Chinese truffle,Tuber,Tuberaceae,fungus,Fungi: mushrooms and truffles
Tuber oregonense,Oregon white truffle,Tuber,Tuberaceae,fungus,Fungi: mushrooms and truffles
Morchella esculenta,morel,Morchella,Morchellaceae,fungus,Fungi: mushrooms and truffles
Morchella elata,black morel,Morchella,Morchellaceae,fungus,Fungi: mushrooms and truffles
Morchella americana,American yellow morel,Morchella,Morchellaceae,fungus,Fungi: mushrooms and truffles
Morchella importuna,landscape morel,Morchella,Morchellaceae,fungus,Fungi: mushrooms and truffles
Gyromitra esculenta,false morel (processed),Gyromitra,Discinaceae,fungus,Fungi: mushrooms and truffles
Sarcoscypha coccinea,scarlet elf cup,Sarcoscypha,Sarcoscyphaceae,fungus,Fungi: mushrooms and truffles
Aleuria aurantia,orange peel fungus,Aleuria,Pyronemataceae,fungus,Fungi: mushrooms and truffles
Cordyceps militaris,cordyceps,Cordyceps,Cordycipitaceae,fungus,Fungi: mushrooms and truffles
Ophiocordyceps sinensis,caterpillar fungus,Ophiocordyceps,Ophiocordycipitaceae,fungus,Fungi: mushrooms and truffles
Hypomyces lactifluorum,lobster mushroom,Hypomyces,Hypocreaceae,fungus,Fungi: mushrooms and truffles
Cyttaria espinosae,digüeñe,Cyttaria,Cyttariaceae,fungus,Fungi: mushrooms and truffles
Agaricus bisporus,button / cremini / portobello,Agaricus,Agaricaceae,fungus,Fungi: mushrooms and truffles
Agaricus campestris,field mushroom,Agaricus,Agaricaceae,fungus,Fungi: mushrooms and truffles
Agaricus arvensis,horse mushroom,Agaricus,Agaricaceae,fungus,Fungi: mushrooms and truffles
Agaricus augustus,the prince,Agaricus,Agaricaceae,fungus,Fungi: mushrooms and truffles
Agaricus subrufescens,almond mushroom (blazei),Agaricus,Agaricaceae,fungus,Fungi: mushrooms and truffles
Lentinula edodes,shiitake,Lentinula,Omphalotaceae,fungus,Fungi: mushrooms and truffles
Pleurotus ostreatus,oyster mushroom,Pleurotus,Pleurotaceae,fungus,Fungi: mushrooms and truffles
Pleurotus eryngii,king oyster,Pleurotus,Pleurotaceae,fungus,Fungi: mushrooms and truffles
Pleurotus pulmonarius,phoenix oyster,Pleurotus,Pleurotaceae,fungus,Fungi: mushrooms and truffles
Pleurotus citrinopileatus,golden oyster,Pleurotus,Pleurotaceae,fungus,Fungi: mushrooms and truffles
Pleurotus djamor,pink oyster,Pleurotus,Pleurotaceae,fungus,Fungi: mushrooms and truffles
Pleurotus cornucopiae,branched oyster,Pleurotus,Pleurotaceae,fungus,Fungi: mushrooms and truffles
Pleurotus giganteus,giant oyster,Pleurotus,Pleurotaceae,fungus,Fungi: mushrooms and truffles
Flammulina filiformis,enoki (cultivated),Flammulina,Physalacriaceae,fungus,Fungi: mushrooms and truffles
Flammulina velutipes,velvet shank,Flammulina,Physalacriaceae,fungus,Fungi: mushrooms and truffles
Hypsizygus tessellatus,buna-shimeji,Hypsizygus,Lyophyllaceae,fungus,Fungi: mushrooms and truffles
Lyophyllum shimeji,hon-shimeji,Lyophyllum,Lyophyllaceae,fungus,Fungi: mushrooms and truffles
Volvariella volvacea,straw mushroom,Volvariella,Pluteaceae,fungus,Fungi: mushrooms and truffles
Auricularia auricula-judae,wood ear,Auricularia,Auriculariaceae,fungus,Fungi: mushrooms and truffles
Auricularia heimuer,black wood ear,Auricularia,Auriculariaceae,fungus,Fungi: mushrooms and truffles
Auricularia polytricha,cloud ear,Auricularia,Auriculariaceae,fungus,Fungi: mushrooms and truffles
Auricularia cornea,jelly ear (cornea),Auricularia,Auriculariaceae,fungus,Fungi: mushrooms and truffles
Tremella fuciformis,snow fungus,Tremella,Tremellaceae,fungus,Fungi: mushrooms and truffles
Naematelia aurantialba,golden ear,Naematelia,Naemateliaceae,fungus,Fungi: mushrooms and truffles
Grifola frondosa,maitake,Grifola,Grifolaceae,fungus,Fungi: mushrooms and truffles
Hericium erinaceus,lion's mane,Hericium,Hericiaceae,fungus,Fungi: mushrooms and truffles
Hericium coralloides,coral tooth,Hericium,Hericiaceae,fungus,Fungi: mushrooms and truffles
Boletus edulis,porcini,Boletus,Boletaceae,fungus,Fungi: mushrooms and truffles
Boletus aereus,bronze bolete,Boletus,Boletaceae,fungus,Fungi: mushrooms and truffles
Boletus reticulatus,summer bolete,Boletus,Boletaceae,fungus,Fungi: mushrooms and truffles
Boletus pinophilus,pine bolete,Boletus,Boletaceae,fungus,Fungi: mushrooms and truffles
Imleria badia,bay bolete,Imleria,Boletaceae,fungus,Fungi: mushrooms and truffles
Leccinum scabrum,birch bolete,Leccinum,Boletaceae,fungus,Fungi: mushrooms and truffles
Leccinum aurantiacum,orange birch bolete,Leccinum,Boletaceae,fungus,Fungi: mushrooms and truffles
Suillus luteus,slippery jack,Suillus,Suillaceae,fungus,Fungi: mushrooms and truffles
Suillus granulatus,weeping bolete,Suillus,Suillaceae,fungus,Fungi: mushrooms and truffles
Suillus bovinus,jersey cow bolete,Suillus,Suillaceae,fungus,Fungi: mushrooms and truffles
Gyroporus castaneus,chestnut bolete,Gyroporus,Gyroporaceae,fungus,Fungi: mushrooms and truffles
Phlebopus portentosus,black bolete (Thai),Phlebopus,Boletinellaceae,fungus,Fungi: mushrooms and truffles
Cantharellus cibarius,chanterelle,Cantharellus,Cantharellaceae,fungus,Fungi: mushrooms and truffles
Cantharellus formosus,Pacific golden chanterelle,Cantharellus,Cantharellaceae,fungus,Fungi: mushrooms and truffles
Cantharellus cinnabarinus,cinnabar chanterelle,Cantharellus,Cantharellaceae,fungus,Fungi: mushrooms and truffles
Cantharellus lateritius,smooth chanterelle,Cantharellus,Cantharellaceae,fungus,Fungi: mushrooms and truffles
Craterellus cornucopioides,black trumpet,Craterellus,Cantharellaceae,fungus,Fungi: mushrooms and truffles
Craterellus tubaeformis,winter chanterelle,Craterellus,Cantharellaceae,fungus,Fungi: mushrooms and truffles
Hydnum repandum,hedgehog mushroom,Hydnum,Hydnaceae,fungus,Fungi: mushrooms and truffles
Hydnum rufescens,terracotta hedgehog,Hydnum,Hydnaceae,fungus,Fungi: mushrooms and truffles
Sparassis crispa,cauliflower fungus,Sparassis,Sparassidaceae,fungus,Fungi: mushrooms and truffles
Laetiporus sulphureus,chicken of the woods,Laetiporus,Fomitopsidaceae,fungus,Fungi: mushrooms and truffles
Laetiporus cincinnatus,white-pored chicken of the woods,Laetiporus,Fomitopsidaceae,fungus,Fungi: mushrooms and truffles
Fistulina hepatica,beefsteak fungus,Fistulina,Fistulinaceae,fungus,Fungi: mushrooms and truffles
Cerioporus squamosus,dryad's saddle,Cerioporus,Polyporaceae,fungus,Fungi: mushrooms and truffles
Macrolepiota procera,parasol mushroom,Macrolepiota,Agaricaceae,fungus,Fungi: mushrooms and truffles
Coprinus comatus,shaggy ink cap,Coprinus,Agaricaceae,fungus,Fungi: mushrooms and truffles
Calvatia gigantea,giant puffball,Calvatia,Agaricaceae,fungus,Fungi: mushrooms and truffles
Lycoperdon perlatum,common puffball,Lycoperdon,Agaricaceae,fungus,Fungi: mushrooms and truffles
Amanita caesarea,Caesar's mushroom,Amanita,Amanitaceae,fungus,Fungi: mushrooms and truffles
Amanita jacksonii,American Caesar,Amanita,Amanitaceae,fungus,Fungi: mushrooms and truffles
Amanita rubescens,blusher,Amanita,Amanitaceae,fungus,Fungi: mushrooms and truffles
Russula virescens,green-cracking russula,Russula,Russulaceae,fungus,Fungi: mushrooms and truffles
Russula cyanoxantha,charcoal burner,Russula,Russulaceae,fungus,Fungi: mushrooms and truffles
Lactarius deliciosus,saffron milk cap,Lactarius,Russulaceae,fungus,Fungi: mushrooms and truffles
Lactarius deterrimus,false saffron milk cap,Lactarius,Russulaceae,fungus,Fungi: mushrooms and truffles
Lactarius indigo,indigo milk cap,Lactarius,Russulaceae,fungus,Fungi: mushrooms and truffles
Lactifluus volemus,weeping milk cap,Lactifluus,Russulaceae,fungus,Fungi: mushrooms and truffles
Armillaria mellea,honey fungus,Armillaria,Physalacriaceae,fungus,Fungi: mushrooms and truffles
Armillaria ostoyae,dark honey fungus,Armillaria,Physalacriaceae,fungus,Fungi: mushrooms and truffles
Tricholoma matsutake,matsutake,Tricholoma,Tricholomataceae,fungus,Fungi: mushrooms and truffles
Tricholoma murrillianum,American matsutake,Tricholoma,Tricholomataceae,fungus,Fungi: mushrooms and truffles
Calocybe gambosa,St George's mushroom,Calocybe,Lyophyllaceae,fungus,Fungi: mushrooms and truffles
Marasmius oreades,fairy ring champignon,Marasmius,Marasmiaceae,fungus,Fungi: mushrooms and truffles
Lepista nuda,wood blewit,Lepista,Tricholomataceae,fungus,Fungi: mushrooms and truffles
Lepista personata,field blewit,Lepista,Tricholomataceae,fungus,Fungi: mushrooms and truffles
Kuehneromyces mutabilis,sheathed woodtuft,Kuehneromyces,Strophariaceae,fungus,Fungi: mushrooms and truffles
Pholiota nameko,nameko,Pholiota,Strophariaceae,fungus,Fungi: mushrooms and truffles
Pholiota adiposa,chestnut mushroom (adiposa),Pholiota,Strophariaceae,fungus,Fungi: mushrooms and truffles
Stropharia rugosoannulata,wine cap,Stropharia,Strophariaceae,fungus,Fungi: mushrooms and truffles
Cyclocybe aegerita,pioppino,Cyclocybe,Strophariaceae,fungus,Fungi: mushrooms and truffles
Termitomyces titanicus,giant termite mushroom,Termitomyces,Lyophyllaceae,fungus,Fungi: mushrooms and truffles
Termitomyces robustus,termite mushroom,Termitomyces,Lyophyllaceae,fungus,Fungi: mushrooms and truffles
Phallus indusiatus,bamboo fungus,Phallus,Phallaceae,fungus,Fungi: mushrooms and truffles
Ganoderma lucidum,reishi,Ganoderma,Ganodermataceae,fungus,Fungi: mushrooms and truffles
Ganoderma lingzhi,lingzhi,Ganoderma,Ganodermataceae,fungus,Fungi: mushrooms and truffles
Trametes versicolor,turkey tail,Trametes,Polyporaceae,fungus,Fungi: mushrooms and truffles
Inonotus obliquus,chaga,Inonotus,Hymenochaetaceae,fungus,Fungi: mushrooms and truffles
Ustilago maydis,huitlacoche,Ustilago,Ustilaginaceae,fungus,Fungi: mushrooms and truffles
Ramaria botrytis,cauliflower coral,Ramaria,Gomphaceae,fungus,Fungi: mushrooms and truffles
Gomphus clavatus,pig's ear,Gomphus,Gomphaceae,fungus,Fungi: mushrooms and truffles
Sarcodon imbricatus,shingled hedgehog,Sarcodon,Bankeraceae,fungus,Fungi: mushrooms and truffles
Albatrellus ovinus,sheep polypore,Albatrellus,Albatrellaceae,fungus,Fungi: mushrooms and truffles
Lentinus squarrosulus,lentinus (tropical),Lentinus,Polyporaceae,fungus,Fungi: mushrooms and truffles
Lentinus polychrous,hed kradang,Lentinus,Polyporaceae,fungus,Fungi: mushrooms and truffles
Schizophyllum commune,split gill,Schizophyllum,Schizophyllaceae,fungus,Fungi: mushrooms and truffles
Rhodocollybia butyracea,butter cap,Rhodocollybia,Omphalotaceae,fungus,Fungi: mushrooms and truffles
Hygrophorus russula,pink waxcap,Hygrophorus,Hygrophoraceae,fungus,Fungi: mushrooms and truffles
Chroogomphus rutilus,copper spike,Chroogomphus,Gomphidiaceae,fungus,Fungi: mushrooms and truffles
Strobilomyces strobilaceus,old man of the woods,Strobilomyces,Boletaceae,fungus,Fungi: mushrooms and truffles
Rhopilema esculentum,edible jellyfish,Rhopilema,Rhizostomatidae,animal,"Cnidarians, echinoderms, tunicates, worms and other invertebrates"
Rhopilema hispidum,sand jellyfish,Rhopilema,Rhizostomatidae,animal,"Cnidarians, echinoderms, tunicates, worms and other invertebrates"
Stomolophus meleagris,cannonball jellyfish,Stomolophus,Stomolophidae,animal,"Cnidarians, echinoderms, tunicates, worms and other invertebrates"
Nemopilema nomurai,Nomura's jellyfish,Nemopilema,Rhizostomatidae,animal,"Cnidarians, echinoderms, tunicates, worms and other invertebrates"
Anemonia viridis,snakelocks anemone (ortiguillas),Anemonia,Actiniidae,animal,"Cnidarians, echinoderms, tunicates, worms and other invertebrates"
Strongylocentrotus purpuratus,purple sea urchin,Strongylocentrotus,Strongylocentrotidae,animal,"Cnidarians, echinoderms, tunicates, worms and other invertebrates"
Strongylocentrotus droebachiensis,green sea urchin,Strongylocentrotus,Strongylocentrotidae,animal,"Cnidarians, echinoderms, tunicates, worms and other invertebrates"
Mesocentrotus franciscanus,red sea urchin,Mesocentrotus,Strongylocentrotidae,animal,"Cnidarians, echinoderms, tunicates, worms and other invertebrates"
Mesocentrotus nudus,northern sea urchin (kita-murasaki),Mesocentrotus,Strongylocentrotidae,animal,"Cnidarians, echinoderms, tunicates, worms and other invertebrates"
Heliocidaris crassispina,murasaki uni,Heliocidaris,Echinometridae,animal,"Cnidarians, echinoderms, tunicates, worms and other invertebrates"
Paracentrotus lividus,purple urchin (Mediterranean),Paracentrotus,Parechinidae,animal,"Cnidarians, echinoderms, tunicates, worms and other invertebrates"
Loxechinus albus,Chilean sea urchin,Loxechinus,Parechinidae,animal,"Cnidarians, echinoderms, tunicates, worms and other invertebrates"
Tripneustes gratilla,collector urchin,Tripneustes,Toxopneustidae,animal,"Cnidarians, echinoderms, tunicates, worms and other invertebrates"
Echinus esculentus,edible sea urchin,Echinus,Echinidae,animal,"Cnidarians, echinoderms, tunicates, worms and other invertebrates"
Apostichopus japonicus,Japanese sea cucumber,Apostichopus,Stichopodidae,animal,"Cnidarians, echinoderms, tunicates, worms and other invertebrates"
Apostichopus californicus,California sea cucumber,Apostichopus,Stichopodidae,animal,"Cnidarians, echinoderms, tunicates, worms and other invertebrates"
Holothuria scabra,sandfish,Holothuria,Holothuriidae,animal,"Cnidarians, echinoderms, tunicates, worms and other invertebrates"
Stichopus horrens,dragonfish sea cucumber,Stichopus,Stichopodidae,animal,"Cnidarians, echinoderms, tunicates, worms and other invertebrates"
Thelenota ananas,prickly redfish,Thelenota,Stichopodidae,animal,"Cnidarians, echinoderms, tunicates, worms and other invertebrates"
Cucumaria frondosa,orange-footed sea cucumber,Cucumaria,Cucumariidae,animal,"Cnidarians, echinoderms, tunicates, worms and other invertebrates"
Isostichopus fuscus,brown sea cucumber,Isostichopus,Stichopodidae,animal,"Cnidarians, echinoderms, tunicates, worms and other invertebrates"
Halocynthia roretzi,sea pineapple,Halocynthia,Pyuridae,animal,"Cnidarians, echinoderms, tunicates, worms and other invertebrates"
Halocynthia aurantium,sea peach,Halocynthia,Pyuridae,animal,"Cnidarians, echinoderms, tunicates, worms and other invertebrates"
Pyura chilensis,piure,Pyura,Pyuridae,animal,"Cnidarians, echinoderms, tunicates, worms and other invertebrates"
Microcosmus sabatieri,violet (sea fig),Microcosmus,Pyuridae,animal,"Cnidarians, echinoderms, tunicates, worms and other invertebrates"
Styela clava,mideodeok,Styela,Styelidae,animal,"Cnidarians, echinoderms, tunicates, worms and other invertebrates"
Branchiostoma belcheri,amphioxus (lancelet),Branchiostoma,Branchiostomatidae,animal,"Cnidarians, echinoderms, tunicates, worms and other invertebrates"
Sipunculus nudus,peanut worm,Sipunculus,Sipunculidae,animal,"Cnidarians, echinoderms, tunicates, worms and other invertebrates"
Urechis unicinctus,fat innkeeper worm (gaebul),Urechis,Urechidae,animal,"Cnidarians, echinoderms, tunicates, worms and other invertebrates"
Palola viridis,palolo worm,Palola,Eunicidae,animal,"Cnidarians, echinoderms, tunicates, worms and other invertebrates"
Lingula anatina,lamp shell (brachiopod),Lingula,Lingulidae,animal,"Cnidarians, echinoderms, tunicates, worms and other invertebrates"
Crassostrea virginica,eastern oyster,Crassostrea,Ostreidae,animal,Molluscs
Magallana gigas,Pacific oyster,Magallana,Ostreidae,animal,Molluscs
Magallana angulata,Portuguese oyster,Magallana,Ostreidae,animal,Molluscs
Ostrea edulis,European flat oyster,Ostrea,Ostreidae,animal,Molluscs
Ostrea lurida,Olympia oyster,Ostrea,Ostreidae,animal,Molluscs
Saccostrea glomerata,Sydney rock oyster,Saccostrea,Ostreidae,animal,Molluscs
Mytilus edulis,blue mussel,Mytilus,Mytilidae,animal,Molluscs
Mytilus galloprovincialis,Mediterranean mussel,Mytilus,Mytilidae,animal,Molluscs
Mytilus chilensis,Chilean mussel,Mytilus,Mytilidae,animal,Molluscs
Perna canaliculus,green-lipped mussel,Perna,Mytilidae,animal,Molluscs
Perna viridis,Asian green mussel,Perna,Mytilidae,animal,Molluscs
Perna perna,brown mussel,Perna,Mytilidae,animal,Molluscs
Choromytilus chorus,choro zapato,Choromytilus,Mytilidae,animal,Molluscs
Modiolus modiolus,horse mussel,Modiolus,Mytilidae,animal,Molluscs
Placopecten magellanicus,sea scallop,Placopecten,Pectinidae,animal,Molluscs
Pecten maximus,king scallop,Pecten,Pectinidae,animal,Molluscs
Pecten jacobaeus,Mediterranean scallop,Pecten,Pectinidae,animal,Molluscs
Argopecten irradians,bay scallop,Argopecten,Pectinidae,animal,Molluscs
Argopecten purpuratus,Peruvian scallop,Argopecten,Pectinidae,animal,Molluscs
Mizuhopecten yessoensis,Yesso scallop (hotate),Mizuhopecten,Pectinidae,animal,Molluscs
Chlamys islandica,Iceland scallop,Chlamys,Pectinidae,animal,Molluscs
Aequipecten opercularis,queen scallop,Aequipecten,Pectinidae,animal,Molluscs
Mercenaria mercenaria,hard clam (quahog),Mercenaria,Veneridae,animal,Molluscs
Mya arenaria,soft-shell clam,Mya,Myidae,animal,Molluscs
Panopea generosa,geoduck,Panopea,Hiatellidae,animal,Molluscs
Ensis leei,Atlantic jackknife clam,Ensis,Pharidae,animal,Molluscs
Ensis magnus,razor clam (Europe),Ensis,Pharidae,animal,Molluscs
Solen marginatus,grooved razor,Solen,Solenidae,animal,Molluscs
Siliqua patula,Pacific razor clam,Siliqua,Pharidae,animal,Molluscs
Spisula solidissima,Atlantic surf clam,Spisula,Mactridae,animal,Molluscs
Mactromeris polynyma,Arctic surf clam (hokkigai),Mactromeris,Mactridae,animal,Molluscs
Cerastoderma edule,common cockle,Cerastoderma,Cardiidae,animal,Molluscs
Ruditapes philippinarum,Manila clam,Ruditapes,Veneridae,animal,Molluscs
Ruditapes decussatus,grooved carpet shell,Ruditapes,Veneridae,animal,Molluscs
Venerupis corrugata,pullet carpet shell,Venerupis,Veneridae,animal,Molluscs
Meretrix lusoria,hamaguri,Meretrix,Veneridae,animal,Molluscs
Meretrix lyrata,lyrate hard clam,Meretrix,Veneridae,animal,Molluscs
Paphia undulata,undulating venus (lala),Paphia,Veneridae,animal,Molluscs
Saxidomus gigantea,butter clam,Saxidomus,Veneridae,animal,Molluscs
Leukoma staminea,Pacific littleneck,Leukoma,Veneridae,animal,Molluscs
Callista chione,smooth venus,Callista,Veneridae,animal,Molluscs
Chamelea gallina,striped venus (vongola),Chamelea,Veneridae,animal,Molluscs
Dosinia exoleta,rayed artemis,Dosinia,Veneridae,animal,Molluscs
Tridacna gigas,giant clam,Tridacna,Cardiidae,animal,Molluscs
Tridacna maxima,small giant clam,Tridacna,Cardiidae,animal,Molluscs
Tegillarca granosa,blood cockle,Tegillarca,Arcidae,animal,Molluscs
Anadara broughtonii,akagai,Anadara,Arcidae,animal,Molluscs
Atrina pectinata,pen shell (tairagi),Atrina,Pinnidae,animal,Molluscs
Pinctada margaritifera,black-lip pearl oyster,Pinctada,Margaritidae,animal,Molluscs
Corbicula fluminea,Asian clam,Corbicula,Cyrenidae,animal,Molluscs
Corbicula japonica,shijimi,Corbicula,Cyrenidae,animal,Molluscs
Donax trunculus,wedge clam (tellina),Donax,Donacidae,animal,Molluscs
Donax variabilis,coquina clam,Donax,Donacidae,animal,Molluscs
Glycymeris glycymeris,dog cockle,Glycymeris,Glycymerididae,animal,Molluscs
Arctica islandica,ocean quahog,Arctica,Arcticidae,animal,Molluscs
Tresus capax,fat gaper (horse clam),Tresus,Mactridae,animal,Molluscs
Pholas dactylus,common piddock,Pholas,Pholadidae,animal,Molluscs
Kuphus polythalamius,giant shipworm,Kuphus,Teredinidae,animal,Molluscs
Bactronophorus thoracites,tamilok (shipworm),Bactronophorus,Teredinidae,animal,Molluscs
Haliotis discus,Japanese abalone (ezo awabi),Haliotis,Haliotidae,animal,Molluscs
Haliotis rufescens,red abalone,Haliotis,Haliotidae,animal,Molluscs
Haliotis midae,South African abalone (perlemoen),Haliotis,Haliotidae,animal,Molluscs
Haliotis iris,paua,Haliotis,Haliotidae,animal,Molluscs
Haliotis tuberculata,ormer,Haliotis,Haliotidae,animal,Molluscs
Haliotis laevigata,greenlip abalone,Haliotis,Haliotidae,animal,Molluscs
Haliotis rubra,blacklip abalone,Haliotis,Haliotidae,animal,Molluscs
Haliotis diversicolor,small abalone,Haliotis,Haliotidae,animal,Molluscs
Helix pomatia,Roman snail (escargot),Helix,Helicidae,animal,Molluscs
Cornu aspersum,garden snail (petit-gris),Cornu,Helicidae,animal,Molluscs
Helix lucorum,Turkish snail,Helix,Helicidae,animal,Molluscs
Otala lactea,milk snail,Otala,Helicidae,animal,Molluscs
Lissachatina fulica,giant African snail,Lissachatina,Achatinidae,animal,Molluscs
Archachatina marginata,giant West African snail,Archachatina,Achatinidae,animal,Molluscs
Littorina littorea,periwinkle,Littorina,Littorinidae,animal,Molluscs
Tympanotonus fuscatus,mangrove periwinkle (West Africa),Tympanotonus,Potamididae,animal,Molluscs
Telescopium telescopium,horn snail (mud creeper),Telescopium,Potamididae,animal,Molluscs
Buccinum undatum,common whelk,Buccinum,Buccinidae,animal,Molluscs
Busycon carica,knobbed whelk,Busycon,Busyconidae,animal,Molluscs
Busycotypus canaliculatus,channeled whelk,Busycotypus,Busyconidae,animal,Molluscs
Babylonia areolata,spotted babylon,Babylonia,Babyloniidae,animal,Molluscs
Babylonia japonica,Japanese babylon (bai),Babylonia,Babyloniidae,animal,Molluscs
Aliger gigas,queen conch,Aliger,Strombidae,animal,Molluscs
Turbo cornutus,sazae (horned turban),Turbo,Turbinidae,animal,Molluscs
Turbo marmoratus,green turban,Turbo,Turbinidae,animal,Molluscs
Lunella coronata,coronate moon turban,Lunella,Turbinidae,animal,Molluscs
Tectus niloticus,trochus (top shell),Tectus,Tegulidae,animal,Molluscs
Phorcus turbinatus,turbinate monodont,Phorcus,Trochidae,animal,Molluscs
Rapana venosa,veined rapa whelk,Rapana,Muricidae,animal,Molluscs
Hexaplex trunculus,banded dye-murex,Hexaplex,Muricidae,animal,Molluscs
Bolinus brandaris,purple dye murex,Bolinus,Muricidae,animal,Molluscs
Concholepas concholepas,loco,Concholepas,Muricidae,animal,Molluscs
Nucella lapillus,dog whelk,Nucella,Muricidae,animal,Molluscs
Fissurella latimarginata,lapa negra (keyhole limpet),Fissurella,Fissurellidae,animal,Molluscs
Patella vulgata,common limpet,Patella,Patellidae,animal,Molluscs
Cellana grata,Japanese limpet,Cellana,Nacellidae,animal,Molluscs
Nerita albicilla,nerite,Nerita,Neritidae,animal,Molluscs
Pila globosa,apple snail,Pila,Ampullariidae,animal,Molluscs
Pomacea canaliculata,golden apple snail,Pomacea,Ampullariidae,animal,Molluscs
Cipangopaludina chinensis,Chinese mystery snail,Cipangopaludina,Viviparidae,animal,Molluscs
Viviparus viviparus,river snail,Viviparus,Viviparidae,animal,Molluscs
Semisulcospira libertina,kawanina,Semisulcospira,Semisulcospiridae,animal,Molluscs
Melanoides tuberculata,red-rimmed melania,Melanoides,Thiaridae,animal,Molluscs
Dolabella auricularia,wedge sea hare,Dolabella,Aplysiidae,animal,Molluscs
Chiton magnificus,Chilean chiton,Chiton,Chitonidae,animal,Molluscs
Acanthopleura granulata,fuzzy chiton,Acanthopleura,Chitonidae,animal,Molluscs
Octopus vulgaris,common octopus,Octopus,Octopodidae,animal,Molluscs
Octopus sinensis,East Asian common octopus,Octopus,Octopodidae,animal,Molluscs
Enteroctopus dofleini,giant Pacific octopus,Enteroctopus,Enteroctopodidae,animal,Molluscs
Octopus maya,Mexican four-eyed octopus,Octopus,Octopodidae,animal,Molluscs
Octopus cyanea,day octopus (he'e),Octopus,Octopodidae,animal,Molluscs
Eledone cirrhosa,curled octopus,Eledone,Eledonidae,animal,Molluscs
Eledone moschata,musky octopus,Eledone,Eledonidae,animal,Molluscs
Amphioctopus fangsiao,iidako,Amphioctopus,Octopodidae,animal,Molluscs
Octopus minor,long-arm octopus (nakji),Octopus,Octopodidae,animal,Molluscs
Doryteuthis pealeii,longfin inshore squid,Doryteuthis,Loliginidae,animal,Molluscs
Doryteuthis opalescens,California market squid,Doryteuthis,Loliginidae,animal,Molluscs
Loligo vulgaris,European squid,Loligo,Loliginidae,animal,Molluscs
Loligo forbesii,veined squid,Loligo,Loliginidae,animal,Molluscs
Loligo reynaudii,chokka squid,Loligo,Loliginidae,animal,Molluscs
Uroteuthis edulis,swordtip squid,Uroteuthis,Loliginidae,animal,Molluscs
Uroteuthis duvaucelii,Indian squid,Uroteuthis,Loliginidae,animal,Molluscs
Sepioteuthis lessoniana,bigfin reef squid,Sepioteuthis,Loliginidae,animal,Molluscs
Sepioteuthis sepioidea,Caribbean reef squid,Sepioteuthis,Loliginidae,animal,Molluscs
Todarodes pacificus,Japanese flying squid (surume-ika),Todarodes,Ommastrephidae,animal,Molluscs
Todarodes sagittatus,European flying squid,Todarodes,Ommastrephidae,animal,Molluscs
Illex argentinus,Argentine shortfin squid,Illex,Ommastrephidae,animal,Molluscs
Illex illecebrosus,northern shortfin squid,Illex,Ommastrephidae,animal,Molluscs
Dosidicus gigas,Humboldt squid,Dosidicus,Ommastrephidae,animal,Molluscs
Ommastrephes bartramii,neon flying squid,Ommastrephes,Ommastrephidae,animal,Molluscs
Nototodarus sloanii,New Zealand arrow squid,Nototodarus,Ommastrephidae,animal,Molluscs
Watasenia scintillans,firefly squid (hotaru-ika),Watasenia,Enoploteuthidae,animal,Molluscs
Sepia officinalis,common cuttlefish,Sepia,Sepiidae,animal,Molluscs
Sepia esculenta,golden cuttlefish,Sepia,Sepiidae,animal,Molluscs
Sepia pharaonis,pharaoh cuttlefish,Sepia,Sepiidae,animal,Molluscs
Sepia lycidas,kisslip cuttlefish,Sepia,Sepiidae,animal,Molluscs
Sepiella japonica,Japanese spineless cuttlefish,Sepiella,Sepiidae,animal,Molluscs
Sepiola atlantica,little cuttle,Sepiola,Sepiolidae,animal,Molluscs
Euprymna berryi,double-ear bobtail squid,Euprymna,Sepiolidae,animal,Molluscs
Penaeus monodon,giant tiger prawn,Penaeus,Penaeidae,animal,Crustaceans and barnacles
Penaeus vannamei,whiteleg shrimp,Penaeus,Penaeidae,animal,Crustaceans and barnacles
Penaeus indicus,Indian white prawn,Penaeus,Penaeidae,animal,Crustaceans and barnacles
Penaeus japonicus,kuruma prawn,Penaeus,Penaeidae,animal,Crustaceans and barnacles
Penaeus chinensis,Chinese white shrimp,Penaeus,Penaeidae,animal,Crustaceans and barnacles
Penaeus semisulcatus,green tiger prawn,Penaeus,Penaeidae,animal,Crustaceans and barnacles
Penaeus merguiensis,banana prawn,Penaeus,Penaeidae,animal,Crustaceans and barnacles
Penaeus setiferus,Atlantic white shrimp,Penaeus,Penaeidae,animal,Crustaceans and barnacles
Penaeus aztecus,brown shrimp (Gulf),Penaeus,Penaeidae,animal,Crustaceans and barnacles
Penaeus duorarum,pink shrimp (Gulf),Penaeus,Penaeidae,animal,Crustaceans and barnacles
Metapenaeus monoceros,speckled shrimp,Metapenaeus,Penaeidae,animal,Crustaceans and barnacles
Xiphopenaeus kroyeri,Atlantic seabob,Xiphopenaeus,Penaeidae,animal,Crustaceans and barnacles
Pandalus borealis,northern shrimp,Pandalus,Pandalidae,animal,Crustaceans and barnacles
Pandalus platyceros,spot prawn,Pandalus,Pandalidae,animal,Crustaceans and barnacles
Pandalus jordani,ocean pink shrimp,Pandalus,Pandalidae,animal,Crustaceans and barnacles
Heterocarpus reedi,Chilean nylon shrimp,Heterocarpus,Pandalidae,animal,Crustaceans and barnacles
Crangon crangon,brown shrimp (North Sea),Crangon,Crangonidae,animal,Crustaceans and barnacles
Sclerocrangon boreas,sculptured shrimp,Sclerocrangon,Crangonidae,animal,Crustaceans and barnacles
Palaemon serratus,common prawn,Palaemon,Palaemonidae,animal,Crustaceans and barnacles
Macrobrachium rosenbergii,giant river prawn,Macrobrachium,Palaemonidae,animal,Crustaceans and barnacles
Macrobrachium nipponense,oriental river prawn,Macrobrachium,Palaemonidae,animal,Crustaceans and barnacles
Aristaeomorpha foliacea,giant red shrimp,Aristaeomorpha,Aristeidae,animal,Crustaceans and barnacles
Aristeus antennatus,blue and red shrimp (gamba roja),Aristeus,Aristeidae,animal,Crustaceans and barnacles
Pleoticus muelleri,Argentine red shrimp,Pleoticus,Solenoceridae,animal,Crustaceans and barnacles
Plesionika edwardsii,striped soldier shrimp,Plesionika,Pandalidae,animal,Crustaceans and barnacles
Acetes japonicus,akiami paste shrimp,Acetes,Sergestidae,animal,Crustaceans and barnacles
Acetes indicus,jawla paste shrimp,Acetes,Sergestidae,animal,Crustaceans and barnacles
Euphausia superba,Antarctic krill,Euphausia,Euphausiidae,animal,Crustaceans and barnacles
Euphausia pacifica,Pacific krill (isada),Euphausia,Euphausiidae,animal,Crustaceans and barnacles
Neomysis intermedia,Japanese mysid (ami),Neomysis,Mysidae,animal,Crustaceans and barnacles
Homarus americanus,American lobster,Homarus,Nephropidae,animal,Crustaceans and barnacles
Homarus gammarus,European lobster,Homarus,Nephropidae,animal,Crustaceans and barnacles
Nephrops norvegicus,langoustine,Nephrops,Nephropidae,animal,Crustaceans and barnacles
Metanephrops challengeri,New Zealand scampi,Metanephrops,Nephropidae,animal,Crustaceans and barnacles
Panulirus argus,Caribbean spiny lobster,Panulirus,Palinuridae,animal,Crustaceans and barnacles
Panulirus cygnus,western rock lobster,Panulirus,Palinuridae,animal,Crustaceans and barnacles
Panulirus interruptus,California spiny lobster,Panulirus,Palinuridae,animal,Crustaceans and barnacles
Panulirus ornatus,ornate spiny lobster,Panulirus,Palinuridae,animal,Crustaceans and barnacles
Panulirus homarus,scalloped spiny lobster,Panulirus,Palinuridae,animal,Crustaceans and barnacles
Palinurus elephas,European spiny lobster,Palinurus,Palinuridae,animal,Crustaceans and barnacles
Jasus edwardsii,southern rock lobster,Jasus,Palinuridae,animal,Crustaceans and barnacles
Jasus lalandii,West Coast rock lobster,Jasus,Palinuridae,animal,Crustaceans and barnacles
Sagmariasus verreauxi,eastern rock lobster,Sagmariasus,Palinuridae,animal,Crustaceans and barnacles
Thenus orientalis,Moreton Bay bug,Thenus,Scyllaridae,animal,Crustaceans and barnacles
Scyllarides latus,Mediterranean slipper lobster,Scyllarides,Scyllaridae,animal,Crustaceans and barnacles
Ibacus peronii,Balmain bug,Ibacus,Scyllaridae,animal,Crustaceans and barnacles
Munida gregaria,squat lobster (langostino),Munida,Munididae,animal,Crustaceans and barnacles
Pleuroncodes monodon,red squat lobster,Pleuroncodes,Munididae,animal,Crustaceans and barnacles
Procambarus clarkii,red swamp crayfish,Procambarus,Cambaridae,animal,Crustaceans and barnacles
Astacus astacus,noble crayfish,Astacus,Astacidae,animal,Crustaceans and barnacles
Pacifastacus leniusculus,signal crayfish,Pacifastacus,Astacidae,animal,Crustaceans and barnacles
Austropotamobius pallipes,white-clawed crayfish,Austropotamobius,Astacidae,animal,Crustaceans and barnacles
Cherax quadricarinatus,redclaw,Cherax,Parastacidae,animal,Crustaceans and barnacles
Cherax destructor,yabby,Cherax,Parastacidae,animal,Crustaceans and barnacles
Cherax cainii,marron,Cherax,Parastacidae,animal,Crustaceans and barnacles
Faxonius virilis,virile crayfish,Faxonius,Cambaridae,animal,Crustaceans and barnacles
Cancer pagurus,brown crab,Cancer,Cancridae,animal,Crustaceans and barnacles
Metacarcinus magister,Dungeness crab,Metacarcinus,Cancridae,animal,Crustaceans and barnacles
Callinectes sapidus,blue crab,Callinectes,Portunidae,animal,Crustaceans and barnacles
Portunus trituberculatus,gazami crab,Portunus,Portunidae,animal,Crustaceans and barnacles
Portunus pelagicus,blue swimmer crab,Portunus,Portunidae,animal,Crustaceans and barnacles
Scylla serrata,mud crab,Scylla,Portunidae,animal,Crustaceans and barnacles
Scylla paramamosain,green mud crab,Scylla,Portunidae,animal,Crustaceans and barnacles
Charybdis feriata,crucifix crab,Charybdis,Portunidae,animal,Crustaceans and barnacles
Charybdis japonica,Asian paddle crab,Charybdis,Portunidae,animal,Crustaceans and barnacles
Necora puber,velvet crab,Necora,Polybiidae,animal,Crustaceans and barnacles
Carcinus maenas,European shore crab,Carcinus,Carcinidae,animal,Crustaceans and barnacles
Chionoecetes opilio,snow crab,Chionoecetes,Oregoniidae,animal,Crustaceans and barnacles
Chionoecetes bairdi,tanner crab,Chionoecetes,Oregoniidae,animal,Crustaceans and barnacles
Chionoecetes japonicus,red snow crab (beni-zuwai),Chionoecetes,Oregoniidae,animal,Crustaceans and barnacles
Paralithodes camtschaticus,red king crab,Paralithodes,Lithodidae,animal,Crustaceans and barnacles
Paralithodes platypus,blue king crab,Paralithodes,Lithodidae,animal,Crustaceans and barnacles
Lithodes santolla,southern king crab (centolla),Lithodes,Lithodidae,animal,Crustaceans and barnacles
Lithodes aequispinus,golden king crab,Lithodes,Lithodidae,animal,Crustaceans and barnacles
Maja squinado,Mediterranean spider crab,Maja,Majidae,animal,Crustaceans and barnacles
Maja brachydactyla,Atlantic spider crab,Maja,Majidae,animal,Crustaceans and barnacles
Eriocheir sinensis,Chinese mitten crab,Eriocheir,Varunidae,animal,Crustaceans and barnacles
Eriocheir japonica,Japanese mitten crab,Eriocheir,Varunidae,animal,Crustaceans and barnacles
Menippe mercenaria,Florida stone crab,Menippe,Menippidae,animal,Crustaceans and barnacles
Ranina ranina,spanner crab,Ranina,Raninidae,animal,Crustaceans and barnacles
Cardisoma guanhumi,blue land crab,Cardisoma,Gecarcinidae,animal,Crustaceans and barnacles
Ucides cordatus,mangrove crab (caranguejo-uçá),Ucides,Ucididae,animal,Crustaceans and barnacles
Erimacrus isenbeckii,horsehair crab (kegani),Erimacrus,Cheiragonidae,animal,Crustaceans and barnacles
Pseudocarcinus gigas,Tasmanian giant crab,Pseudocarcinus,Menippidae,animal,Crustaceans and barnacles
Chaceon quinquedens,red deep-sea crab,Chaceon,Geryonidae,animal,Crustaceans and barnacles
Ovalipes catharus,paddle crab,Ovalipes,Ovalipidae,animal,Crustaceans and barnacles
Oratosquilla oratoria,Japanese mantis shrimp (shako),Oratosquilla,Squillidae,animal,Crustaceans and barnacles
Squilla mantis,spottail mantis shrimp,Squilla,Squillidae,animal,Crustaceans and barnacles
Harpiosquilla raphidea,giant mantis shrimp,Harpiosquilla,Squillidae,animal,Crustaceans and barnacles
Pollicipes pollicipes,goose barnacle (percebes),Pollicipes,Pollicipedidae,animal,Crustaceans and barnacles
Pollicipes polymerus,Pacific goose barnacle,Pollicipes,Pollicipedidae,animal,Crustaceans and barnacles
Austromegabalanus psittacus,picoroco,Austromegabalanus,Balanidae,animal,Crustaceans and barnacles
Lepas anatifera,pelagic goose barnacle,Lepas,Lepadidae,animal,Crustaceans and barnacles
Tachypleus gigas,horseshoe crab (eggs),Tachypleus,Limulidae,animal,Crustaceans and barnacles
Carcinoscorpius rotundicauda,mangrove horseshoe crab (eggs),Carcinoscorpius,Limulidae,animal,Crustaceans and barnacles
Acheta domesticus,house cricket,Acheta,Gryllidae,animal,"Insects, arachnids and myriapods"
Gryllus bimaculatus,two-spotted cricket,Gryllus,Gryllidae,animal,"Insects, arachnids and myriapods"
Gryllodes sigillatus,banded cricket,Gryllodes,Gryllidae,animal,"Insects, arachnids and myriapods"
Brachytrupes membranaceus,giant cricket,Brachytrupes,Gryllidae,animal,"Insects, arachnids and myriapods"
Locusta migratoria,migratory locust,Locusta,Acrididae,animal,"Insects, arachnids and myriapods"
Schistocerca gregaria,desert locust,Schistocerca,Acrididae,animal,"Insects, arachnids and myriapods"
Sphenarium purpurascens,chapulín,Sphenarium,Pyrgomorphidae,animal,"Insects, arachnids and myriapods"
Ruspolia differens,nsenene (bush cricket),Ruspolia,Tettigoniidae,animal,"Insects, arachnids and myriapods"
Tenebrio molitor,mealworm,Tenebrio,Tenebrionidae,animal,"Insects, arachnids and myriapods"
Zophobas morio,superworm,Zophobas,Tenebrionidae,animal,"Insects, arachnids and myriapods"
Alphitobius diaperinus,lesser mealworm (buffalo worm),Alphitobius,Tenebrionidae,animal,"Insects, arachnids and myriapods"
Bombyx mori,silkworm pupa,Bombyx,Bombycidae,animal,"Insects, arachnids and myriapods"
Antheraea pernyi,tussah silkmoth pupa,Antheraea,Saturniidae,animal,"Insects, arachnids and myriapods"
Samia ricini,eri silkworm,Samia,Saturniidae,animal,"Insects, arachnids and myriapods"
Gonimbrasia belina,mopane worm,Gonimbrasia,Saturniidae,animal,"Insects, arachnids and myriapods"
Cirina forda,shea caterpillar (kanni),Cirina,Saturniidae,animal,"Insects, arachnids and myriapods"
Rhynchophorus ferrugineus,red palm weevil larva,Rhynchophorus,Curculionidae,animal,"Insects, arachnids and myriapods"
Rhynchophorus phoenicis,African palm weevil larva,Rhynchophorus,Curculionidae,animal,"Insects, arachnids and myriapods"
Rhynchophorus palmarum,South American palm weevil (chontacuro),Rhynchophorus,Curculionidae,animal,"Insects, arachnids and myriapods"
Oryctes rhinoceros,rhinoceros beetle larva,Oryctes,Scarabaeidae,animal,"Insects, arachnids and myriapods"
Hermetia illucens,black soldier fly larva,Hermetia,Stratiomyidae,animal,"Insects, arachnids and myriapods"
Chaoborus edulis,lake fly (kungu),Chaoborus,Chaoboridae,animal,"Insects, arachnids and myriapods"
Apis mellifera,honey bee (honey),Apis,Apidae,animal,"Insects, arachnids and myriapods"
Apis cerana,Asian honey bee (honey),Apis,Apidae,animal,"Insects, arachnids and myriapods"
Apis dorsata,giant honey bee (honey),Apis,Apidae,animal,"Insects, arachnids and myriapods"
Melipona beecheii,Maya stingless bee (honey),Melipona,Apidae,animal,"Insects, arachnids and myriapods"
Tetragonula carbonaria,sugarbag bee (honey),Tetragonula,Apidae,animal,"Insects, arachnids and myriapods"
Vespa mandarinia,giant hornet larvae (hachinoko),Vespa,Vespidae,animal,"Insects, arachnids and myriapods"
Vespula flaviceps,yellowjacket larvae,Vespula,Vespidae,animal,"Insects, arachnids and myriapods"
Polybia occidentalis,wasp brood (Mexico),Polybia,Vespidae,animal,"Insects, arachnids and myriapods"
Atta laevigata,hormigas culonas (leafcutter ant),Atta,Formicidae,animal,"Insects, arachnids and myriapods"
Oecophylla smaragdina,weaver ant eggs,Oecophylla,Formicidae,animal,"Insects, arachnids and myriapods"
Liometopum apiculatum,escamoles,Liometopum,Formicidae,animal,"Insects, arachnids and myriapods"
Macrotermes bellicosus,termite (alate),Macrotermes,Termitidae,animal,"Insects, arachnids and myriapods"
Macrotermes subhyalinus,termite (subhyalinus),Macrotermes,Termitidae,animal,"Insects, arachnids and myriapods"
Lethocerus indicus,giant water bug (maeng da),Lethocerus,Belostomatidae,animal,"Insects, arachnids and myriapods"
Corisella texcocana,ahuautle (water boatman eggs),Corisella,Corixidae,animal,"Insects, arachnids and myriapods"
Encosternum delegorguei,edible stink bug,Encosternum,Tessaratomidae,animal,"Insects, arachnids and myriapods"
Euschistus taxcoensis,jumil,Euschistus,Pentatomidae,animal,"Insects, arachnids and myriapods"
Cryptotympana atrata,black cicada,Cryptotympana,Cicadidae,animal,"Insects, arachnids and myriapods"
Magicicada septendecim,periodical cicada,Magicicada,Cicadidae,animal,"Insects, arachnids and myriapods"
Cybister tripunctatus,diving beetle (long ga),Cybister,Dytiscidae,animal,"Insects, arachnids and myriapods"
Endoxyla leucomochla,witchetty grub,Endoxyla,Cossidae,animal,"Insects, arachnids and myriapods"
Aegiale hesperiaris,maguey worm (white),Aegiale,Hesperiidae,animal,"Insects, arachnids and myriapods"
Comadia redtenbacheri,red maguey worm (chinicuil),Comadia,Cossidae,animal,"Insects, arachnids and myriapods"
Holotrichia parallela,chafer grub (Chinese),Holotrichia,Scarabaeidae,animal,"Insects, arachnids and myriapods"
Cyriopagopus albostriatus,edible tarantula (a-ping),Cyriopagopus,Theraphosidae,animal,"Insects, arachnids and myriapods"
Heterometrus longimanus,Asian forest scorpion,Heterometrus,Scorpionidae,animal,"Insects, arachnids and myriapods"
Scolopendra subspinipes,giant centipede (skewered),Scolopendra,Scolopendridae,animal,"Insects, arachnids and myriapods"
Petromyzon marinus,sea lamprey,Petromyzon,Petromyzontidae,animal,Jawless and cartilaginous fishes
Lampetra fluviatilis,river lamprey,Lampetra,Petromyzontidae,animal,Jawless and cartilaginous fishes
Lethenteron camtschaticum,Arctic lamprey,Lethenteron,Petromyzontidae,animal,Jawless and cartilaginous fishes
Entosphenus tridentatus,Pacific lamprey,Entosphenus,Petromyzontidae,animal,Jawless and cartilaginous fishes
Geotria australis,pouched lamprey,Geotria,Geotriidae,animal,Jawless and cartilaginous fishes
Eptatretus burgeri,inshore hagfish (kkomjangeo),Eptatretus,Myxinidae,animal,Jawless and cartilaginous fishes
Eptatretus stoutii,Pacific hagfish,Eptatretus,Myxinidae,animal,Jawless and cartilaginous fishes
Squalus acanthias,spiny dogfish,Squalus,Squalidae,animal,Jawless and cartilaginous fishes
Mustelus mustelus,smoothhound,Mustelus,Triakidae,animal,Jawless and cartilaginous fishes
Mustelus canis,dusky smoothhound,Mustelus,Triakidae,animal,Jawless and cartilaginous fishes
Galeorhinus galeus,tope / school shark,Galeorhinus,Triakidae,animal,Jawless and cartilaginous fishes
Scyliorhinus canicula,small-spotted catshark,Scyliorhinus,Scyliorhinidae,animal,Jawless and cartilaginous fishes
Prionace glauca,blue shark,Prionace,Carcharhinidae,animal,Jawless and cartilaginous fishes
Isurus oxyrinchus,shortfin mako,Isurus,Lamnidae,animal,Jawless and cartilaginous fishes
Lamna nasus,porbeagle,Lamna,Lamnidae,animal,Jawless and cartilaginous fishes
Raja clavata,thornback ray,Raja,Rajidae,animal,Jawless and cartilaginous fishes
Leucoraja erinacea,little skate,Leucoraja,Rajidae,animal,Jawless and cartilaginous fishes
Amblyraja radiata,thorny skate,Amblyraja,Rajidae,animal,Jawless and cartilaginous fishes
Beringraja binoculata,big skate,Beringraja,Rajidae,animal,Jawless and cartilaginous fishes
Maculabatis gerrardi,whitespotted whipray,Maculabatis,Dasyatidae,animal,Jawless and cartilaginous fishes
Callorhinchus milii,elephant fish,Callorhinchus,Callorhinchidae,animal,Jawless and cartilaginous fishes
Chimaera monstrosa,rabbitfish (chimaera),Chimaera,Chimaeridae,animal,Jawless and cartilaginous fishes
Acipenser gueldenstaedtii,Russian sturgeon (osetra),Acipenser,Acipenseridae,animal,"Bony fishes: primitive groups, eels, herrings, carps, catfish, characins"
Acipenser stellatus,stellate sturgeon (sevruga),Acipenser,Acipenseridae,animal,"Bony fishes: primitive groups, eels, herrings, carps, catfish, characins"
Acipenser baerii,Siberian sturgeon,Acipenser,Acipenseridae,animal,"Bony fishes: primitive groups, eels, herrings, carps, catfish, characins"
Acipenser transmontanus,white sturgeon,Acipenser,Acipenseridae,animal,"Bony fishes: primitive groups, eels, herrings, carps, catfish, characins"
Acipenser oxyrinchus,Atlantic sturgeon,Acipenser,Acipenseridae,animal,"Bony fishes: primitive groups, eels, herrings, carps, catfish, characins"
Huso huso,beluga sturgeon,Huso,Acipenseridae,animal,"Bony fishes: primitive groups, eels, herrings, carps, catfish, characins"
Polyodon spathula,paddlefish,Polyodon,Polyodontidae,animal,"Bony fishes: primitive groups, eels, herrings, carps, catfish, characins"
Lepisosteus osseus,longnose gar,Lepisosteus,Lepisosteidae,animal,"Bony fishes: primitive groups, eels, herrings, carps, catfish, characins"
Atractosteus spatula,alligator gar,Atractosteus,Lepisosteidae,animal,"Bony fishes: primitive groups, eels, herrings, carps, catfish, characins"
Amia calva,bowfin,Amia,Amiidae,animal,"Bony fishes: primitive groups, eels, herrings, carps, catfish, characins"
Polypterus senegalus,bichir,Polypterus,Polypteridae,animal,"Bony fishes: primitive groups, eels, herrings, carps, catfish, characins"
Protopterus annectens,West African lungfish,Protopterus,Protopteridae,animal,"Bony fishes: primitive groups, eels, herrings, carps, catfish, characins"
Anguilla anguilla,European eel,Anguilla,Anguillidae,animal,"Bony fishes: primitive groups, eels, herrings, carps, catfish, characins"
Anguilla japonica,Japanese eel (unagi),Anguilla,Anguillidae,animal,"Bony fishes: primitive groups, eels, herrings, carps, catfish, characins"
Anguilla rostrata,American eel,Anguilla,Anguillidae,animal,"Bony fishes: primitive groups, eels, herrings, carps, catfish, characins"
Anguilla australis,shortfin eel,Anguilla,Anguillidae,animal,"Bony fishes: primitive groups, eels, herrings, carps, catfish, characins"
Conger conger,European conger,Conger,Congridae,animal,"Bony fishes: primitive groups, eels, herrings, carps, catfish, characins"
Conger myriaster,whitespotted conger (anago),Conger,Congridae,animal,"Bony fishes: primitive groups, eels, herrings, carps, catfish, characins"
Muraenesox cinereus,daggertooth pike conger (hamo),Muraenesox,Muraenesocidae,animal,"Bony fishes: primitive groups, eels, herrings, carps, catfish, characins"
Gymnothorax javanicus,giant moray,Gymnothorax,Muraenidae,animal,"Bony fishes: primitive groups, eels, herrings, carps, catfish, characins"
Elops saurus,ladyfish,Elops,Elopidae,animal,"Bony fishes: primitive groups, eels, herrings, carps, catfish, characins"
Megalops atlanticus,tarpon,Megalops,Megalopidae,animal,"Bony fishes: primitive groups, eels, herrings, carps, catfish, characins"
Albula vulpes,bonefish,Albula,Albulidae,animal,"Bony fishes: primitive groups, eels, herrings, carps, catfish, characins"
Chitala ornata,clown featherback,Chitala,Notopteridae,animal,"Bony fishes: primitive groups, eels, herrings, carps, catfish, characins"
Notopterus notopterus,bronze featherback,Notopterus,Notopteridae,animal,"Bony fishes: primitive groups, eels, herrings, carps, catfish, characins"
Arapaima gigas,arapaima (pirarucu),Arapaima,Arapaimidae,animal,"Bony fishes: primitive groups, eels, herrings, carps, catfish, characins"
Heterotis niloticus,African bonytongue,Heterotis,Arapaimidae,animal,"Bony fishes: primitive groups, eels, herrings, carps, catfish, characins"
Hiodon alosoides,goldeye,Hiodon,Hiodontidae,animal,"Bony fishes: primitive groups, eels, herrings, carps, catfish, characins"
Mormyrops anguilloides,cornish jack,Mormyrops,Mormyridae,animal,"Bony fishes: primitive groups, eels, herrings, carps, catfish, characins"
Gymnarchus niloticus,aba,Gymnarchus,Gymnarchidae,animal,"Bony fishes: primitive groups, eels, herrings, carps, catfish, characins"
Clupea harengus,Atlantic herring,Clupea,Clupeidae,animal,"Bony fishes: primitive groups, eels, herrings, carps, catfish, characins"
Clupea pallasii,Pacific herring,Clupea,Clupeidae,animal,"Bony fishes: primitive groups, eels, herrings, carps, catfish, characins"
Sardina pilchardus,European pilchard (sardine),Sardina,Clupeidae,animal,"Bony fishes: primitive groups, eels, herrings, carps, catfish, characins"
Sardinops sagax,Pacific sardine,Sardinops,Clupeidae,animal,"Bony fishes: primitive groups, eels, herrings, carps, catfish, characins"
Sardinella aurita,round sardinella,Sardinella,Dorosomatidae,animal,"Bony fishes: primitive groups, eels, herrings, carps, catfish, characins"
Sardinella longiceps,Indian oil sardine,Sardinella,Dorosomatidae,animal,"Bony fishes: primitive groups, eels, herrings, carps, catfish, characins"
Sprattus sprattus,sprat,Sprattus,Clupeidae,animal,"Bony fishes: primitive groups, eels, herrings, carps, catfish, characins"
Alosa sapidissima,American shad,Alosa,Alosidae,animal,"Bony fishes: primitive groups, eels, herrings, carps, catfish, characins"
Alosa alosa,allis shad,Alosa,Alosidae,animal,"Bony fishes: primitive groups, eels, herrings, carps, catfish, characins"
Alosa pseudoharengus,alewife,Alosa,Alosidae,animal,"Bony fishes: primitive groups, eels, herrings, carps, catfish, characins"
Brevoortia tyrannus,Atlantic menhaden,Brevoortia,Alosidae,animal,"Bony fishes: primitive groups, eels, herrings, carps, catfish, characins"
Ethmalosa fimbriata,bonga shad,Ethmalosa,Dorosomatidae,animal,"Bony fishes: primitive groups, eels, herrings, carps, catfish, characins"
Tenualosa ilisha,hilsa,Tenualosa,Dorosomatidae,animal,"Bony fishes: primitive groups, eels, herrings, carps, catfish, characins"
Konosirus punctatus,dotted gizzard shad (kohada),Konosirus,Dorosomatidae,animal,"Bony fishes: primitive groups, eels, herrings, carps, catfish, characins"
Engraulis encrasicolus,European anchovy,Engraulis,Engraulidae,animal,"Bony fishes: primitive groups, eels, herrings, carps, catfish, characins"
Engraulis japonicus,Japanese anchovy,Engraulis,Engraulidae,animal,"Bony fishes: primitive groups, eels, herrings, carps, catfish, characins"
Engraulis ringens,Peruvian anchoveta,Engraulis,Engraulidae,animal,"Bony fishes: primitive groups, eels, herrings, carps, catfish, characins"
Engraulis mordax,northern anchovy,Engraulis,Engraulidae,animal,"Bony fishes: primitive groups, eels, herrings, carps, catfish, characins"
Stolephorus indicus,Indian anchovy,Stolephorus,Engraulidae,animal,"Bony fishes: primitive groups, eels, herrings, carps, catfish, characins"
Coilia nasus,Japanese grenadier anchovy,Coilia,Engraulidae,animal,"Bony fishes: primitive groups, eels, herrings, carps, catfish, characins"
Chanos chanos,milkfish,Chanos,Chanidae,animal,"Bony fishes: primitive groups, eels, herrings, carps, catfish, characins"
Cyprinus carpio,common carp,Cyprinus,Cyprinidae,animal,"Bony fishes: primitive groups, eels, herrings, carps, catfish, characins"
Carassius carassius,crucian carp,Carassius,Cyprinidae,animal,"Bony fishes: primitive groups, eels, herrings, carps, catfish, characins"
Carassius gibelio,Prussian carp,Carassius,Cyprinidae,animal,"Bony fishes: primitive groups, eels, herrings, carps, catfish, characins"
Ctenopharyngodon idella,grass carp,Ctenopharyngodon,Xenocyprididae,animal,"Bony fishes: primitive groups, eels, herrings, carps, catfish, characins"
Hypophthalmichthys molitrix,silver carp,Hypophthalmichthys,Xenocyprididae,animal,"Bony fishes: primitive groups, eels, herrings, carps, catfish, characins"
Hypophthalmichthys nobilis,bighead carp,Hypophthalmichthys,Xenocyprididae,animal,"Bony fishes: primitive groups, eels, herrings, carps, catfish, characins"
Mylopharyngodon piceus,black carp,Mylopharyngodon,Xenocyprididae,animal,"Bony fishes: primitive groups, eels, herrings, carps, catfish, characins"
Megalobrama amblycephala,Wuchang bream,Megalobrama,Xenocyprididae,animal,"Bony fishes: primitive groups, eels, herrings, carps, catfish, characins"
Labeo rohita,rohu,Labeo,Cyprinidae,animal,"Bony fishes: primitive groups, eels, herrings, carps, catfish, characins"
Labeo catla,catla,Labeo,Cyprinidae,animal,"Bony fishes: primitive groups, eels, herrings, carps, catfish, characins"
Cirrhinus cirrhosus,mrigal,Cirrhinus,Cyprinidae,animal,"Bony fishes: primitive groups, eels, herrings, carps, catfish, characins"
Cirrhinus molitorella,mud carp,Cirrhinus,Cyprinidae,animal,"Bony fishes: primitive groups, eels, herrings, carps, catfish, characins"
Barbonymus gonionotus,silver barb,Barbonymus,Cyprinidae,animal,"Bony fishes: primitive groups, eels, herrings, carps, catfish, characins"
Barbus barbus,barbel,Barbus,Cyprinidae,animal,"Bony fishes: primitive groups, eels, herrings, carps, catfish, characins"
Tor putitora,golden mahseer,Tor,Cyprinidae,animal,"Bony fishes: primitive groups, eels, herrings, carps, catfish, characins"
Tor tambroides,Malaysian mahseer (empurau),Tor,Cyprinidae,animal,"Bony fishes: primitive groups, eels, herrings, carps, catfish, characins"
Tinca tinca,tench,Tinca,Tincidae,animal,"Bony fishes: primitive groups, eels, herrings, carps, catfish, characins"
Abramis brama,common bream,Abramis,Leuciscidae,animal,"Bony fishes: primitive groups, eels, herrings, carps, catfish, characins"
Rutilus rutilus,roach,Rutilus,Leuciscidae,animal,"Bony fishes: primitive groups, eels, herrings, carps, catfish, characins"
Squalius cephalus,chub,Squalius,Leuciscidae,animal,"Bony fishes: primitive groups, eels, herrings, carps, catfish, characins"
Leuciscus idus,ide,Leuciscus,Leuciscidae,animal,"Bony fishes: primitive groups, eels, herrings, carps, catfish, characins"
Elopichthys bambusa,yellowcheek,Elopichthys,Xenocyprididae,animal,"Bony fishes: primitive groups, eels, herrings, carps, catfish, characins"
Misgurnus anguillicaudatus,pond loach (dojo),Misgurnus,Cobitidae,animal,"Bony fishes: primitive groups, eels, herrings, carps, catfish, characins"
Catostomus commersonii,white sucker,Catostomus,Catostomidae,animal,"Bony fishes: primitive groups, eels, herrings, carps, catfish, characins"
Ictiobus bubalus,smallmouth buffalo,Ictiobus,Catostomidae,animal,"Bony fishes: primitive groups, eels, herrings, carps, catfish, characins"
Pangasianodon hypophthalmus,striped catfish (basa/swai),Pangasianodon,Pangasiidae,animal,"Bony fishes: primitive groups, eels, herrings, carps, catfish, characins"
Pangasius bocourti,basa,Pangasius,Pangasiidae,animal,"Bony fishes: primitive groups, eels, herrings, carps, catfish, characins"
Pangasianodon gigas,Mekong giant catfish,Pangasianodon,Pangasiidae,animal,"Bony fishes: primitive groups, eels, herrings, carps, catfish, characins"
Ictalurus punctatus,channel catfish,Ictalurus,Ictaluridae,animal,"Bony fishes: primitive groups, eels, herrings, carps, catfish, characins"
Ictalurus furcatus,blue catfish,Ictalurus,Ictaluridae,animal,"Bony fishes: primitive groups, eels, herrings, carps, catfish, characins"
Ameiurus nebulosus,brown bullhead,Ameiurus,Ictaluridae,animal,"Bony fishes: primitive groups, eels, herrings, carps, catfish, characins"
Pylodictis olivaris,flathead catfish,Pylodictis,Ictaluridae,animal,"Bony fishes: primitive groups, eels, herrings, carps, catfish, characins"
Silurus glanis,wels catfish,Silurus,Siluridae,animal,"Bony fishes: primitive groups, eels, herrings, carps, catfish, characins"
Silurus asotus,Amur catfish,Silurus,Siluridae,animal,"Bony fishes: primitive groups, eels, herrings, carps, catfish, characins"
Wallago attu,wallago,Wallago,Siluridae,animal,"Bony fishes: primitive groups, eels, herrings, carps, catfish, characins"
Clarias gariepinus,African sharptooth catfish,Clarias,Clariidae,animal,"Bony fishes: primitive groups, eels, herrings, carps, catfish, characins"
Clarias batrachus,walking catfish,Clarias,Clariidae,animal,"Bony fishes: primitive groups, eels, herrings, carps, catfish, characins"
Clarias macrocephalus,broadhead catfish,Clarias,Clariidae,animal,"Bony fishes: primitive groups, eels, herrings, carps, catfish, characins"
Heterobranchus longifilis,vundu,Heterobranchus,Clariidae,animal,"Bony fishes: primitive groups, eels, herrings, carps, catfish, characins"
Hemibagrus nemurus,Asian redtail catfish,Hemibagrus,Bagridae,animal,"Bony fishes: primitive groups, eels, herrings, carps, catfish, characins"
Bagrus bajad,bayad,Bagrus,Bagridae,animal,"Bony fishes: primitive groups, eels, herrings, carps, catfish, characins"
Chrysichthys nigrodigitatus,bagrid catfish (West Africa),Chrysichthys,Claroteidae,animal,"Bony fishes: primitive groups, eels, herrings, carps, catfish, characins"
Synodontis schall,Nile squeaker,Synodontis,Mochokidae,animal,"Bony fishes: primitive groups, eels, herrings, carps, catfish, characins"
Pseudoplatystoma corruscans,surubí,Pseudoplatystoma,Pimelodidae,animal,"Bony fishes: primitive groups, eels, herrings, carps, catfish, characins"
Pseudoplatystoma fasciatum,barred sorubim,Pseudoplatystoma,Pimelodidae,animal,"Bony fishes: primitive groups, eels, herrings, carps, catfish, characins"
Brachyplatystoma rousseauxii,dourada,Brachyplatystoma,Pimelodidae,animal,"Bony fishes: primitive groups, eels, herrings, carps, catfish, characins"
Brachyplatystoma filamentosum,piraíba,Brachyplatystoma,Pimelodidae,animal,"Bony fishes: primitive groups, eels, herrings, carps, catfish, characins"
Phractocephalus hemioliopterus,redtail catfish,Phractocephalus,Pimelodidae,animal,"Bony fishes: primitive groups, eels, herrings, carps, catfish, characins"
Rhamdia quelen,South American catfish (jundiá),Rhamdia,Heptapteridae,animal,"Bony fishes: primitive groups, eels, herrings, carps, catfish, characins"
Netuma thalassina,giant sea catfish,Netuma,Ariidae,animal,"Bony fishes: primitive groups, eels, herrings, carps, catfish, characins"
Bagre marinus,gafftopsail catfish,Bagre,Ariidae,animal,"Bony fishes: primitive groups, eels, herrings, carps, catfish, characins"
Genidens barbus,white sea catfish,Genidens,Ariidae,animal,"Bony fishes: primitive groups, eels, herrings, carps, catfish, characins"
Tandanus tandanus,eel-tailed catfish,Tandanus,Plotosidae,animal,"Bony fishes: primitive groups, eels, herrings, carps, catfish, characins"
Bagarius yarrelli,goonch,Bagarius,Sisoridae,animal,"Bony fishes: primitive groups, eels, herrings, carps, catfish, characins"
Pterygoplichthys pardalis,Amazon sailfin catfish,Pterygoplichthys,Loricariidae,animal,"Bony fishes: primitive groups, eels, herrings, carps, catfish, characins"
Malapterurus electricus,electric catfish,Malapterurus,Malapteruridae,animal,"Bony fishes: primitive groups, eels, herrings, carps, catfish, characins"
Colossoma macropomum,tambaqui,Colossoma,Serrasalmidae,animal,"Bony fishes: primitive groups, eels, herrings, carps, catfish, characins"
Piaractus brachypomus,pirapitinga,Piaractus,Serrasalmidae,animal,"Bony fishes: primitive groups, eels, herrings, carps, catfish, characins"
Piaractus mesopotamicus,pacu,Piaractus,Serrasalmidae,animal,"Bony fishes: primitive groups, eels, herrings, carps, catfish, characins"
Pygocentrus nattereri,red-bellied piranha,Pygocentrus,Serrasalmidae,animal,"Bony fishes: primitive groups, eels, herrings, carps, catfish, characins"
Prochilodus lineatus,sábalo (curimba),Prochilodus,Prochilodontidae,animal,"Bony fishes: primitive groups, eels, herrings, carps, catfish, characins"
Prochilodus nigricans,curimatã,Prochilodus,Prochilodontidae,animal,"Bony fishes: primitive groups, eels, herrings, carps, catfish, characins"
Brycon amazonicus,matrinxã,Brycon,Bryconidae,animal,"Bony fishes: primitive groups, eels, herrings, carps, catfish, characins"
Salminus brasiliensis,dorado,Salminus,Bryconidae,animal,"Bony fishes: primitive groups, eels, herrings, carps, catfish, characins"
Hoplias malabaricus,trahira,Hoplias,Erythrinidae,animal,"Bony fishes: primitive groups, eels, herrings, carps, catfish, characins"
Leporinus obtusidens,piapara,Leporinus,Anostomidae,animal,"Bony fishes: primitive groups, eels, herrings, carps, catfish, characins"
Hydrocynus vittatus,tigerfish,Hydrocynus,Alestidae,animal,"Bony fishes: primitive groups, eels, herrings, carps, catfish, characins"
Distichodus rostratus,grass-eater,Distichodus,Distichodontidae,animal,"Bony fishes: primitive groups, eels, herrings, carps, catfish, characins"
Citharinus citharus,moon fish,Citharinus,Citharinidae,animal,"Bony fishes: primitive groups, eels, herrings, carps, catfish, characins"
Salmo salar,Atlantic salmon,Salmo,Salmonidae,animal,"Bony fishes: salmon, smelts, pike, cod, and relatives"
Salmo trutta,brown / sea trout,Salmo,Salmonidae,animal,"Bony fishes: salmon, smelts, pike, cod, and relatives"
Oncorhynchus mykiss,rainbow trout / steelhead,Oncorhynchus,Salmonidae,animal,"Bony fishes: salmon, smelts, pike, cod, and relatives"
Oncorhynchus nerka,sockeye salmon,Oncorhynchus,Salmonidae,animal,"Bony fishes: salmon, smelts, pike, cod, and relatives"
Oncorhynchus kisutch,coho salmon,Oncorhynchus,Salmonidae,animal,"Bony fishes: salmon, smelts, pike, cod, and relatives"
Oncorhynchus tshawytscha,chinook salmon,Oncorhynchus,Salmonidae,animal,"Bony fishes: salmon, smelts, pike, cod, and relatives"
Oncorhynchus keta,chum salmon,Oncorhynchus,Salmonidae,animal,"Bony fishes: salmon, smelts, pike, cod, and relatives"
Oncorhynchus gorbuscha,pink salmon,Oncorhynchus,Salmonidae,animal,"Bony fishes: salmon, smelts, pike, cod, and relatives"
Oncorhynchus masou,masu salmon,Oncorhynchus,Salmonidae,animal,"Bony fishes: salmon, smelts, pike, cod, and relatives"
Oncorhynchus clarkii,cutthroat trout,Oncorhynchus,Salmonidae,animal,"Bony fishes: salmon, smelts, pike, cod, and relatives"
Salvelinus alpinus,Arctic char,Salvelinus,Salmonidae,animal,"Bony fishes: salmon, smelts, pike, cod, and relatives"
Salvelinus fontinalis,brook trout,Salvelinus,Salmonidae,animal,"Bony fishes: salmon, smelts, pike, cod, and relatives"
Salvelinus namaycush,lake trout,Salvelinus,Salmonidae,animal,"Bony fishes: salmon, smelts, pike, cod, and relatives"
Salvelinus malma,Dolly Varden,Salvelinus,Salmonidae,animal,"Bony fishes: salmon, smelts, pike, cod, and relatives"
Salvelinus leucomaenis,white-spotted char (iwana),Salvelinus,Salmonidae,animal,"Bony fishes: salmon, smelts, pike, cod, and relatives"
Hucho hucho,huchen,Hucho,Salmonidae,animal,"Bony fishes: salmon, smelts, pike, cod, and relatives"
Hucho taimen,taimen,Hucho,Salmonidae,animal,"Bony fishes: salmon, smelts, pike, cod, and relatives"
Thymallus thymallus,grayling,Thymallus,Salmonidae,animal,"Bony fishes: salmon, smelts, pike, cod, and relatives"
Thymallus arcticus,Arctic grayling,Thymallus,Salmonidae,animal,"Bony fishes: salmon, smelts, pike, cod, and relatives"
Coregonus clupeaformis,lake whitefish,Coregonus,Salmonidae,animal,"Bony fishes: salmon, smelts, pike, cod, and relatives"
Coregonus lavaretus,European whitefish,Coregonus,Salmonidae,animal,"Bony fishes: salmon, smelts, pike, cod, and relatives"
Coregonus albula,vendace,Coregonus,Salmonidae,animal,"Bony fishes: salmon, smelts, pike, cod, and relatives"
Coregonus artedi,cisco,Coregonus,Salmonidae,animal,"Bony fishes: salmon, smelts, pike, cod, and relatives"
Stenodus leucichthys,inconnu (sheefish),Stenodus,Salmonidae,animal,"Bony fishes: salmon, smelts, pike, cod, and relatives"
Osmerus mordax,rainbow smelt,Osmerus,Osmeridae,animal,"Bony fishes: salmon, smelts, pike, cod, and relatives"
Osmerus eperlanus,European smelt,Osmerus,Osmeridae,animal,"Bony fishes: salmon, smelts, pike, cod, and relatives"
Hypomesus nipponensis,wakasagi,Hypomesus,Osmeridae,animal,"Bony fishes: salmon, smelts, pike, cod, and relatives"
Mallotus villosus,capelin,Mallotus,Osmeridae,animal,"Bony fishes: salmon, smelts, pike, cod, and relatives"
Thaleichthys pacificus,eulachon,Thaleichthys,Osmeridae,animal,"Bony fishes: salmon, smelts, pike, cod, and relatives"
Plecoglossus altivelis,ayu,Plecoglossus,Plecoglossidae,animal,"Bony fishes: salmon, smelts, pike, cod, and relatives"
Salangichthys microdon,Japanese icefish (shirauo),Salangichthys,Salangidae,animal,"Bony fishes: salmon, smelts, pike, cod, and relatives"
Neosalanx taihuensis,Taihu icefish,Neosalanx,Salangidae,animal,"Bony fishes: salmon, smelts, pike, cod, and relatives"
Galaxias maculatus,inanga (whitebait),Galaxias,Galaxiidae,animal,"Bony fishes: salmon, smelts, pike, cod, and relatives"
Esox lucius,northern pike,Esox,Esocidae,animal,"Bony fishes: salmon, smelts, pike, cod, and relatives"
Esox masquinongy,muskellunge,Esox,Esocidae,animal,"Bony fishes: salmon, smelts, pike, cod, and relatives"
Gadus morhua,Atlantic cod,Gadus,Gadidae,animal,"Bony fishes: salmon, smelts, pike, cod, and relatives"
Gadus macrocephalus,Pacific cod,Gadus,Gadidae,animal,"Bony fishes: salmon, smelts, pike, cod, and relatives"
Gadus chalcogrammus,Alaska pollock,Gadus,Gadidae,animal,"Bony fishes: salmon, smelts, pike, cod, and relatives"
Melanogrammus aeglefinus,haddock,Melanogrammus,Gadidae,animal,"Bony fishes: salmon, smelts, pike, cod, and relatives"
Pollachius virens,saithe (coley),Pollachius,Gadidae,animal,"Bony fishes: salmon, smelts, pike, cod, and relatives"
Pollachius pollachius,pollack,Pollachius,Gadidae,animal,"Bony fishes: salmon, smelts, pike, cod, and relatives"
Merlangius merlangus,whiting,Merlangius,Gadidae,animal,"Bony fishes: salmon, smelts, pike, cod, and relatives"
Micromesistius poutassou,blue whiting,Micromesistius,Gadidae,animal,"Bony fishes: salmon, smelts, pike, cod, and relatives"
Trisopterus luscus,pouting,Trisopterus,Gadidae,animal,"Bony fishes: salmon, smelts, pike, cod, and relatives"
Boreogadus saida,polar cod,Boreogadus,Gadidae,animal,"Bony fishes: salmon, smelts, pike, cod, and relatives"
Eleginus gracilis,saffron cod,Eleginus,Gadidae,animal,"Bony fishes: salmon, smelts, pike, cod, and relatives"
Molva molva,ling,Molva,Lotidae,animal,"Bony fishes: salmon, smelts, pike, cod, and relatives"
Molva dypterygia,blue ling,Molva,Lotidae,animal,"Bony fishes: salmon, smelts, pike, cod, and relatives"
Brosme brosme,cusk (tusk),Brosme,Lotidae,animal,"Bony fishes: salmon, smelts, pike, cod, and relatives"
Lota lota,burbot,Lota,Lotidae,animal,"Bony fishes: salmon, smelts, pike, cod, and relatives"
Merluccius merluccius,European hake,Merluccius,Merlucciidae,animal,"Bony fishes: salmon, smelts, pike, cod, and relatives"
Merluccius hubbsi,Argentine hake,Merluccius,Merlucciidae,animal,"Bony fishes: salmon, smelts, pike, cod, and relatives"
Merluccius productus,Pacific hake,Merluccius,Merlucciidae,animal,"Bony fishes: salmon, smelts, pike, cod, and relatives"
Merluccius capensis,shallow-water Cape hake,Merluccius,Merlucciidae,animal,"Bony fishes: salmon, smelts, pike, cod, and relatives"
Merluccius paradoxus,deep-water Cape hake,Merluccius,Merlucciidae,animal,"Bony fishes: salmon, smelts, pike, cod, and relatives"
Merluccius australis,southern hake,Merluccius,Merlucciidae,animal,"Bony fishes: salmon, smelts, pike, cod, and relatives"
Merluccius bilinearis,silver hake,Merluccius,Merlucciidae,animal,"Bony fishes: salmon, smelts, pike, cod, and relatives"
Macruronus novaezelandiae,hoki,Macruronus,Merlucciidae,animal,"Bony fishes: salmon, smelts, pike, cod, and relatives"
Macruronus magellanicus,Patagonian grenadier,Macruronus,Merlucciidae,animal,"Bony fishes: salmon, smelts, pike, cod, and relatives"
Urophycis tenuis,white hake,Urophycis,Phycidae,animal,"Bony fishes: salmon, smelts, pike, cod, and relatives"
Urophycis chuss,red hake,Urophycis,Phycidae,animal,"Bony fishes: salmon, smelts, pike, cod, and relatives"
Coryphaenoides rupestris,roundnose grenadier,Coryphaenoides,Macrouridae,animal,"Bony fishes: salmon, smelts, pike, cod, and relatives"
Genypterus blacodes,pink ling (kingklip),Genypterus,Ophidiidae,animal,"Bony fishes: salmon, smelts, pike, cod, and relatives"
Genypterus capensis,kingklip,Genypterus,Ophidiidae,animal,"Bony fishes: salmon, smelts, pike, cod, and relatives"
Genypterus chilensis,congrio colorado,Genypterus,Ophidiidae,animal,"Bony fishes: salmon, smelts, pike, cod, and relatives"
Lophius piscatorius,monkfish,Lophius,Lophiidae,animal,"Bony fishes: salmon, smelts, pike, cod, and relatives"
Lophius americanus,American angler,Lophius,Lophiidae,animal,"Bony fishes: salmon, smelts, pike, cod, and relatives"
Lophius litulon,yellow goosefish (ankou),Lophius,Lophiidae,animal,"Bony fishes: salmon, smelts, pike, cod, and relatives"
Lophius budegassa,blackbellied angler,Lophius,Lophiidae,animal,"Bony fishes: salmon, smelts, pike, cod, and relatives"
Zeus faber,John Dory,Zeus,Zeidae,animal,"Bony fishes: salmon, smelts, pike, cod, and relatives"
Beryx splendens,splendid alfonsino,Beryx,Berycidae,animal,"Bony fishes: salmon, smelts, pike, cod, and relatives"
Beryx decadactylus,alfonsino,Beryx,Berycidae,animal,"Bony fishes: salmon, smelts, pike, cod, and relatives"
Hoplostethus atlanticus,orange roughy,Hoplostethus,Trachichthyidae,animal,"Bony fishes: salmon, smelts, pike, cod, and relatives"
Myripristis berndti,bigscale soldierfish (menpachi),Myripristis,Holocentridae,animal,"Bony fishes: salmon, smelts, pike, cod, and relatives"
Lampris guttatus,opah,Lampris,Lampridae,animal,"Bony fishes: salmon, smelts, pike, cod, and relatives"
Harpadon nehereus,Bombay duck,Harpadon,Synodontidae,animal,"Bony fishes: salmon, smelts, pike, cod, and relatives"
Saurida undosquamis,brushtooth lizardfish,Saurida,Synodontidae,animal,"Bony fishes: salmon, smelts, pike, cod, and relatives"
Mugil cephalus,flathead grey mullet (bottarga),Mugil,Mugilidae,animal,"Bony fishes: salmon, smelts, pike, cod, and relatives"
Chelon labrosus,thicklip grey mullet,Chelon,Mugilidae,animal,"Bony fishes: salmon, smelts, pike, cod, and relatives"
Planiliza haematocheila,redlip mullet,Planiliza,Mugilidae,animal,"Bony fishes: salmon, smelts, pike, cod, and relatives"
Mugil curema,white mullet,Mugil,Mugilidae,animal,"Bony fishes: salmon, smelts, pike, cod, and relatives"
Atherina boyeri,big-scale sand smelt,Atherina,Atherinidae,animal,"Bony fishes: salmon, smelts, pike, cod, and relatives"
Odontesthes bonariensis,pejerrey,Odontesthes,Atherinopsidae,animal,"Bony fishes: salmon, smelts, pike, cod, and relatives"
Chirostoma humboldtianum,charal,Chirostoma,Atherinopsidae,animal,"Bony fishes: salmon, smelts, pike, cod, and relatives"
Menidia menidia,Atlantic silverside,Menidia,Atherinopsidae,animal,"Bony fishes: salmon, smelts, pike, cod, and relatives"
Cololabis saira,Pacific saury (sanma),Cololabis,Scomberesocidae,animal,"Bony fishes: salmon, smelts, pike, cod, and relatives"
Scomberesox saurus,Atlantic saury,Scomberesox,Scomberesocidae,animal,"Bony fishes: salmon, smelts, pike, cod, and relatives"
Belone belone,garfish,Belone,Belonidae,animal,"Bony fishes: salmon, smelts, pike, cod, and relatives"
Hemiramphus brasiliensis,ballyhoo,Hemiramphus,Hemiramphidae,animal,"Bony fishes: salmon, smelts, pike, cod, and relatives"
Cheilopogon agoo,Japanese flying fish (tobiuo),Cheilopogon,Exocoetidae,animal,"Bony fishes: salmon, smelts, pike, cod, and relatives"
Cypselurus poecilopterus,yellowwing flyingfish (tobiko),Cypselurus,Exocoetidae,animal,"Bony fishes: salmon, smelts, pike, cod, and relatives"
Monopterus albus,Asian swamp eel,Monopterus,Synbranchidae,animal,"Bony fishes: salmon, smelts, pike, cod, and relatives"
Mastacembelus armatus,zig-zag eel,Mastacembelus,Mastacembelidae,animal,"Bony fishes: salmon, smelts, pike, cod, and relatives"
Oryzias latipes,medaka (historically eaten),Oryzias,Adrianichthyidae,animal,"Bony fishes: salmon, smelts, pike, cod, and relatives"
Sebastes norvegicus,golden redfish,Sebastes,Sebastidae,animal,"Bony fishes: perch-like fishes, tunas, flatfishes and others"
Sebastes mentella,beaked redfish,Sebastes,Sebastidae,animal,"Bony fishes: perch-like fishes, tunas, flatfishes and others"
Sebastes alutus,Pacific ocean perch,Sebastes,Sebastidae,animal,"Bony fishes: perch-like fishes, tunas, flatfishes and others"
Sebastes schlegelii,Korean rockfish (jopi-bolrak),Sebastes,Sebastidae,animal,"Bony fishes: perch-like fishes, tunas, flatfishes and others"
Sebastes inermis,Japanese rockfish (mebaru),Sebastes,Sebastidae,animal,"Bony fishes: perch-like fishes, tunas, flatfishes and others"
Sebastes flavidus,yellowtail rockfish,Sebastes,Sebastidae,animal,"Bony fishes: perch-like fishes, tunas, flatfishes and others"
Sebastes melanops,black rockfish,Sebastes,Sebastidae,animal,"Bony fishes: perch-like fishes, tunas, flatfishes and others"
Sebastolobus alascanus,shortspine thornyhead,Sebastolobus,Sebastidae,animal,"Bony fishes: perch-like fishes, tunas, flatfishes and others"
Helicolenus dactylopterus,blackbelly rosefish,Helicolenus,Sebastidae,animal,"Bony fishes: perch-like fishes, tunas, flatfishes and others"
Scorpaena scrofa,red scorpionfish (rascasse),Scorpaena,Scorpaenidae,animal,"Bony fishes: perch-like fishes, tunas, flatfishes and others"
Scorpaena porcus,black scorpionfish,Scorpaena,Scorpaenidae,animal,"Bony fishes: perch-like fishes, tunas, flatfishes and others"
Pterois volitans,red lionfish,Pterois,Scorpaenidae,animal,"Bony fishes: perch-like fishes, tunas, flatfishes and others"
Anoplopoma fimbria,sablefish,Anoplopoma,Anoplopomatidae,animal,"Bony fishes: perch-like fishes, tunas, flatfishes and others"
Hexagrammos otakii,fat greenling (ainame),Hexagrammos,Hexagrammidae,animal,"Bony fishes: perch-like fishes, tunas, flatfishes and others"
Ophiodon elongatus,lingcod,Ophiodon,Hexagrammidae,animal,"Bony fishes: perch-like fishes, tunas, flatfishes and others"
Pleurogrammus azonus,Okhotsk atka mackerel (hokke),Pleurogrammus,Hexagrammidae,animal,"Bony fishes: perch-like fishes, tunas, flatfishes and others"
Scorpaenichthys marmoratus,cabezon,Scorpaenichthys,Cottidae,animal,"Bony fishes: perch-like fishes, tunas, flatfishes and others"
Cyclopterus lumpus,lumpfish (roe),Cyclopterus,Cyclopteridae,animal,"Bony fishes: perch-like fishes, tunas, flatfishes and others"
Chelidonichthys lucerna,tub gurnard,Chelidonichthys,Triglidae,animal,"Bony fishes: perch-like fishes, tunas, flatfishes and others"
Eutrigla gurnardus,grey gurnard,Eutrigla,Triglidae,animal,"Bony fishes: perch-like fishes, tunas, flatfishes and others"
Prionotus carolinus,northern searobin,Prionotus,Triglidae,animal,"Bony fishes: perch-like fishes, tunas, flatfishes and others"
Platycephalus indicus,bartail flathead,Platycephalus,Platycephalidae,animal,"Bony fishes: perch-like fishes, tunas, flatfishes and others"
Perca fluviatilis,European perch,Perca,Percidae,animal,"Bony fishes: perch-like fishes, tunas, flatfishes and others"
Perca flavescens,yellow perch,Perca,Percidae,animal,"Bony fishes: perch-like fishes, tunas, flatfishes and others"
Sander lucioperca,zander,Sander,Percidae,animal,"Bony fishes: perch-like fishes, tunas, flatfishes and others"
Sander vitreus,walleye,Sander,Percidae,animal,"Bony fishes: perch-like fishes, tunas, flatfishes and others"
Sander canadensis,sauger,Sander,Percidae,animal,"Bony fishes: perch-like fishes, tunas, flatfishes and others"
Dicentrarchus labrax,European sea bass (branzino),Dicentrarchus,Moronidae,animal,"Bony fishes: perch-like fishes, tunas, flatfishes and others"
Morone saxatilis,striped bass,Morone,Moronidae,animal,"Bony fishes: perch-like fishes, tunas, flatfishes and others"
Morone chrysops,white bass,Morone,Moronidae,animal,"Bony fishes: perch-like fishes, tunas, flatfishes and others"
Morone americana,white perch,Morone,Moronidae,animal,"Bony fishes: perch-like fishes, tunas, flatfishes and others"
Lateolabrax japonicus,Japanese sea bass (suzuki),Lateolabrax,Lateolabracidae,animal,"Bony fishes: perch-like fishes, tunas, flatfishes and others"
Epinephelus marginatus,dusky grouper,Epinephelus,Serranidae,animal,"Bony fishes: perch-like fishes, tunas, flatfishes and others"
Epinephelus aeneus,white grouper,Epinephelus,Serranidae,animal,"Bony fishes: perch-like fishes, tunas, flatfishes and others"
Epinephelus coioides,orange-spotted grouper,Epinephelus,Serranidae,animal,"Bony fishes: perch-like fishes, tunas, flatfishes and others"
Epinephelus malabaricus,Malabar grouper,Epinephelus,Serranidae,animal,"Bony fishes: perch-like fishes, tunas, flatfishes and others"
Epinephelus lanceolatus,giant grouper,Epinephelus,Serranidae,animal,"Bony fishes: perch-like fishes, tunas, flatfishes and others"
Epinephelus fuscoguttatus,brown-marbled grouper,Epinephelus,Serranidae,animal,"Bony fishes: perch-like fishes, tunas, flatfishes and others"
Epinephelus morio,red grouper,Epinephelus,Serranidae,animal,"Bony fishes: perch-like fishes, tunas, flatfishes and others"
Epinephelus striatus,Nassau grouper,Epinephelus,Serranidae,animal,"Bony fishes: perch-like fishes, tunas, flatfishes and others"
Mycteroperca bonaci,black grouper,Mycteroperca,Serranidae,animal,"Bony fishes: perch-like fishes, tunas, flatfishes and others"
Mycteroperca microlepis,gag,Mycteroperca,Serranidae,animal,"Bony fishes: perch-like fishes, tunas, flatfishes and others"
Plectropomus leopardus,coral trout,Plectropomus,Serranidae,animal,"Bony fishes: perch-like fishes, tunas, flatfishes and others"
Cephalopholis miniata,coral hind,Cephalopholis,Serranidae,animal,"Bony fishes: perch-like fishes, tunas, flatfishes and others"
Hyporthodus nigritus,Warsaw grouper,Hyporthodus,Serranidae,animal,"Bony fishes: perch-like fishes, tunas, flatfishes and others"
Polyprion americanus,wreckfish,Polyprion,Polyprionidae,animal,"Bony fishes: perch-like fishes, tunas, flatfishes and others"
Serranus cabrilla,comber,Serranus,Serranidae,animal,"Bony fishes: perch-like fishes, tunas, flatfishes and others"
Doederleinia berycoides,blackthroat seaperch (nodoguro),Doederleinia,Acropomatidae,animal,"Bony fishes: perch-like fishes, tunas, flatfishes and others"
Micropterus salmoides,largemouth bass,Micropterus,Centrarchidae,animal,"Bony fishes: perch-like fishes, tunas, flatfishes and others"
Micropterus dolomieu,smallmouth bass,Micropterus,Centrarchidae,animal,"Bony fishes: perch-like fishes, tunas, flatfishes and others"
Lepomis macrochirus,bluegill,Lepomis,Centrarchidae,animal,"Bony fishes: perch-like fishes, tunas, flatfishes and others"
Pomoxis nigromaculatus,black crappie,Pomoxis,Centrarchidae,animal,"Bony fishes: perch-like fishes, tunas, flatfishes and others"
Lutjanus campechanus,northern red snapper,Lutjanus,Lutjanidae,animal,"Bony fishes: perch-like fishes, tunas, flatfishes and others"
Lutjanus argentimaculatus,mangrove red snapper,Lutjanus,Lutjanidae,animal,"Bony fishes: perch-like fishes, tunas, flatfishes and others"
Lutjanus griseus,grey snapper,Lutjanus,Lutjanidae,animal,"Bony fishes: perch-like fishes, tunas, flatfishes and others"
Lutjanus synagris,lane snapper,Lutjanus,Lutjanidae,animal,"Bony fishes: perch-like fishes, tunas, flatfishes and others"
Lutjanus analis,mutton snapper,Lutjanus,Lutjanidae,animal,"Bony fishes: perch-like fishes, tunas, flatfishes and others"
Lutjanus purpureus,southern red snapper,Lutjanus,Lutjanidae,animal,"Bony fishes: perch-like fishes, tunas, flatfishes and others"
Lutjanus johnii,John's snapper,Lutjanus,Lutjanidae,animal,"Bony fishes: perch-like fishes, tunas, flatfishes and others"
Lutjanus malabaricus,Malabar blood snapper,Lutjanus,Lutjanidae,animal,"Bony fishes: perch-like fishes, tunas, flatfishes and others"
Lutjanus bohar,two-spot red snapper,Lutjanus,Lutjanidae,animal,"Bony fishes: perch-like fishes, tunas, flatfishes and others"
Lutjanus kasmira,bluestripe snapper (ta'ape),Lutjanus,Lutjanidae,animal,"Bony fishes: perch-like fishes, tunas, flatfishes and others"
Ocyurus chrysurus,yellowtail snapper,Ocyurus,Lutjanidae,animal,"Bony fishes: perch-like fishes, tunas, flatfishes and others"
Rhomboplites aurorubens,vermilion snapper,Rhomboplites,Lutjanidae,animal,"Bony fishes: perch-like fishes, tunas, flatfishes and others"
Pristipomoides filamentosus,crimson jobfish (opakapaka),Pristipomoides,Lutjanidae,animal,"Bony fishes: perch-like fishes, tunas, flatfishes and others"
Etelis coruscans,deepwater longtail red snapper (onaga),Etelis,Lutjanidae,animal,"Bony fishes: perch-like fishes, tunas, flatfishes and others"
Etelis carbunculus,ruby snapper (ehu),Etelis,Lutjanidae,animal,"Bony fishes: perch-like fishes, tunas, flatfishes and others"
Aprion virescens,green jobfish (uku),Aprion,Lutjanidae,animal,"Bony fishes: perch-like fishes, tunas, flatfishes and others"
Haemulon plumierii,white grunt,Haemulon,Haemulidae,animal,"Bony fishes: perch-like fishes, tunas, flatfishes and others"
Anisotremus virginicus,porkfish,Anisotremus,Haemulidae,animal,"Bony fishes: perch-like fishes, tunas, flatfishes and others"
Plectorhinchus gibbosus,brown sweetlips,Plectorhinchus,Haemulidae,animal,"Bony fishes: perch-like fishes, tunas, flatfishes and others"
Pomadasys commersonnii,spotted grunter,Pomadasys,Haemulidae,animal,"Bony fishes: perch-like fishes, tunas, flatfishes and others"
Parapristipoma trilineatum,chicken grunt (isaki),Parapristipoma,Haemulidae,animal,"Bony fishes: perch-like fishes, tunas, flatfishes and others"
Sparus aurata,gilthead sea bream,Sparus,Sparidae,animal,"Bony fishes: perch-like fishes, tunas, flatfishes and others"
Pagrus pagrus,red porgy,Pagrus,Sparidae,animal,"Bony fishes: perch-like fishes, tunas, flatfishes and others"
Pagrus major,red sea bream (madai),Pagrus,Sparidae,animal,"Bony fishes: perch-like fishes, tunas, flatfishes and others"
Chrysophrys auratus,Australasian snapper,Chrysophrys,Sparidae,animal,"Bony fishes: perch-like fishes, tunas, flatfishes and others"
Dentex dentex,common dentex,Dentex,Sparidae,animal,"Bony fishes: perch-like fishes, tunas, flatfishes and others"
Dentex gibbosus,pink dentex,Dentex,Sparidae,animal,"Bony fishes: perch-like fishes, tunas, flatfishes and others"
Diplodus sargus,white sea bream,Diplodus,Sparidae,animal,"Bony fishes: perch-like fishes, tunas, flatfishes and others"
Diplodus vulgaris,two-banded sea bream,Diplodus,Sparidae,animal,"Bony fishes: perch-like fishes, tunas, flatfishes and others"
Diplodus annularis,annular sea bream,Diplodus,Sparidae,animal,"Bony fishes: perch-like fishes, tunas, flatfishes and others"
Boops boops,bogue,Boops,Sparidae,animal,"Bony fishes: perch-like fishes, tunas, flatfishes and others"
Sarpa salpa,salema,Sarpa,Sparidae,animal,"Bony fishes: perch-like fishes, tunas, flatfishes and others"
Lithognathus mormyrus,sand steenbras,Lithognathus,Sparidae,animal,"Bony fishes: perch-like fishes, tunas, flatfishes and others"
Spondyliosoma cantharus,black sea bream,Spondyliosoma,Sparidae,animal,"Bony fishes: perch-like fishes, tunas, flatfishes and others"
Pagellus bogaraveo,blackspot sea bream,Pagellus,Sparidae,animal,"Bony fishes: perch-like fishes, tunas, flatfishes and others"
Pagellus erythrinus,common pandora,Pagellus,Sparidae,animal,"Bony fishes: perch-like fishes, tunas, flatfishes and others"
Pagellus acarne,axillary sea bream,Pagellus,Sparidae,animal,"Bony fishes: perch-like fishes, tunas, flatfishes and others"
Archosargus probatocephalus,sheepshead,Archosargus,Sparidae,animal,"Bony fishes: perch-like fishes, tunas, flatfishes and others"
Stenotomus chrysops,scup,Stenotomus,Sparidae,animal,"Bony fishes: perch-like fishes, tunas, flatfishes and others"
Calamus bajonado,jolthead porgy,Calamus,Sparidae,animal,"Bony fishes: perch-like fishes, tunas, flatfishes and others"
Acanthopagrus schlegelii,blackhead sea bream (kurodai),Acanthopagrus,Sparidae,animal,"Bony fishes: perch-like fishes, tunas, flatfishes and others"
Acanthopagrus latus,yellowfin sea bream,Acanthopagrus,Sparidae,animal,"Bony fishes: perch-like fishes, tunas, flatfishes and others"
Acanthopagrus berda,picnic sea bream,Acanthopagrus,Sparidae,animal,"Bony fishes: perch-like fishes, tunas, flatfishes and others"
Evynnis tumifrons,yellowback sea bream,Evynnis,Sparidae,animal,"Bony fishes: perch-like fishes, tunas, flatfishes and others"
Argyrops spinifer,king soldier bream,Argyrops,Sparidae,animal,"Bony fishes: perch-like fishes, tunas, flatfishes and others"
Rhabdosargus sarba,goldlined sea bream,Rhabdosargus,Sparidae,animal,"Bony fishes: perch-like fishes, tunas, flatfishes and others"
Petrus rupestris,red steenbras,Petrus,Sparidae,animal,"Bony fishes: perch-like fishes, tunas, flatfishes and others"
Chrysoblephus laticeps,roman,Chrysoblephus,Sparidae,animal,"Bony fishes: perch-like fishes, tunas, flatfishes and others"
Argyrosomus regius,meagre,Argyrosomus,Sciaenidae,animal,"Bony fishes: perch-like fishes, tunas, flatfishes and others"
Argyrosomus japonicus,mulloway (kob),Argyrosomus,Sciaenidae,animal,"Bony fishes: perch-like fishes, tunas, flatfishes and others"
Sciaenops ocellatus,red drum,Sciaenops,Sciaenidae,animal,"Bony fishes: perch-like fishes, tunas, flatfishes and others"
Cynoscion nebulosus,spotted seatrout,Cynoscion,Sciaenidae,animal,"Bony fishes: perch-like fishes, tunas, flatfishes and others"
Cynoscion regalis,weakfish,Cynoscion,Sciaenidae,animal,"Bony fishes: perch-like fishes, tunas, flatfishes and others"
Cynoscion squamipinnis,corvina (Pacific),Cynoscion,Sciaenidae,animal,"Bony fishes: perch-like fishes, tunas, flatfishes and others"
Micropogonias undulatus,Atlantic croaker,Micropogonias,Sciaenidae,animal,"Bony fishes: perch-like fishes, tunas, flatfishes and others"
Micropogonias furnieri,whitemouth croaker,Micropogonias,Sciaenidae,animal,"Bony fishes: perch-like fishes, tunas, flatfishes and others"
Larimichthys crocea,large yellow croaker,Larimichthys,Sciaenidae,animal,"Bony fishes: perch-like fishes, tunas, flatfishes and others"
Larimichthys polyactis,small yellow croaker,Larimichthys,Sciaenidae,animal,"Bony fishes: perch-like fishes, tunas, flatfishes and others"
Pseudotolithus senegalensis,cassava croaker,Pseudotolithus,Sciaenidae,animal,"Bony fishes: perch-like fishes, tunas, flatfishes and others"
Umbrina cirrosa,shi drum,Umbrina,Sciaenidae,animal,"Bony fishes: perch-like fishes, tunas, flatfishes and others"
Pogonias cromis,black drum,Pogonias,Sciaenidae,animal,"Bony fishes: perch-like fishes, tunas, flatfishes and others"
Otolithes ruber,tigertooth croaker,Otolithes,Sciaenidae,animal,"Bony fishes: perch-like fishes, tunas, flatfishes and others"
Pennahia argentata,silver croaker,Pennahia,Sciaenidae,animal,"Bony fishes: perch-like fishes, tunas, flatfishes and others"
Atractoscion nobilis,white seabass,Atractoscion,Sciaenidae,animal,"Bony fishes: perch-like fishes, tunas, flatfishes and others"
Cilus gilberti,corvina (Chile),Cilus,Sciaenidae,animal,"Bony fishes: perch-like fishes, tunas, flatfishes and others"
Miichthys miiuy,brown croaker,Miichthys,Sciaenidae,animal,"Bony fishes: perch-like fishes, tunas, flatfishes and others"
Mullus surmuletus,striped red mullet,Mullus,Mullidae,animal,"Bony fishes: perch-like fishes, tunas, flatfishes and others"
Mullus barbatus,red mullet,Mullus,Mullidae,animal,"Bony fishes: perch-like fishes, tunas, flatfishes and others"
Parupeneus multifasciatus,manybar goatfish (moano),Parupeneus,Mullidae,animal,"Bony fishes: perch-like fishes, tunas, flatfishes and others"
Upeneus moluccensis,goldband goatfish,Upeneus,Mullidae,animal,"Bony fishes: perch-like fishes, tunas, flatfishes and others"
Eleutheronema tetradactylum,fourfinger threadfin,Eleutheronema,Polynemidae,animal,"Bony fishes: perch-like fishes, tunas, flatfishes and others"
Polydactylus sexfilis,six-finger threadfin (moi),Polydactylus,Polynemidae,animal,"Bony fishes: perch-like fishes, tunas, flatfishes and others"
Seriola quinqueradiata,Japanese amberjack (buri/hamachi),Seriola,Carangidae,animal,"Bony fishes: perch-like fishes, tunas, flatfishes and others"
Seriola dumerili,greater amberjack,Seriola,Carangidae,animal,"Bony fishes: perch-like fishes, tunas, flatfishes and others"
Seriola lalandi,yellowtail kingfish,Seriola,Carangidae,animal,"Bony fishes: perch-like fishes, tunas, flatfishes and others"
Seriola rivoliana,almaco jack (kampachi),Seriola,Carangidae,animal,"Bony fishes: perch-like fishes, tunas, flatfishes and others"
Trachurus trachurus,Atlantic horse mackerel,Trachurus,Carangidae,animal,"Bony fishes: perch-like fishes, tunas, flatfishes and others"
Trachurus japonicus,Japanese jack mackerel (aji),Trachurus,Carangidae,animal,"Bony fishes: perch-like fishes, tunas, flatfishes and others"
Trachurus murphyi,Chilean jack mackerel,Trachurus,Carangidae,animal,"Bony fishes: perch-like fishes, tunas, flatfishes and others"
Trachurus mediterraneus,Mediterranean horse mackerel,Trachurus,Carangidae,animal,"Bony fishes: perch-like fishes, tunas, flatfishes and others"
Trachurus symmetricus,Pacific jack mackerel,Trachurus,Carangidae,animal,"Bony fishes: perch-like fishes, tunas, flatfishes and others"
Decapterus macarellus,mackerel scad,Decapterus,Carangidae,animal,"Bony fishes: perch-like fishes, tunas, flatfishes and others"
Selar crumenophthalmus,bigeye scad (akule),Selar,Carangidae,animal,"Bony fishes: perch-like fishes, tunas, flatfishes and others"
Caranx hippos,crevalle jack,Caranx,Carangidae,animal,"Bony fishes: perch-like fishes, tunas, flatfishes and others"
Caranx ignobilis,giant trevally,Caranx,Carangidae,animal,"Bony fishes: perch-like fishes, tunas, flatfishes and others"
Caranx crysos,blue runner,Caranx,Carangidae,animal,"Bony fishes: perch-like fishes, tunas, flatfishes and others"
Caranx melampygus,bluefin trevally,Caranx,Carangidae,animal,"Bony fishes: perch-like fishes, tunas, flatfishes and others"
Trachinotus carolinus,Florida pompano,Trachinotus,Carangidae,animal,"Bony fishes: perch-like fishes, tunas, flatfishes and others"
Trachinotus falcatus,permit,Trachinotus,Carangidae,animal,"Bony fishes: perch-like fishes, tunas, flatfishes and others"
Trachinotus blochii,snubnose pompano,Trachinotus,Carangidae,animal,"Bony fishes: perch-like fishes, tunas, flatfishes and others"
Trachinotus ovatus,pompano (Mediterranean),Trachinotus,Carangidae,animal,"Bony fishes: perch-like fishes, tunas, flatfishes and others"
Pseudocaranx dentex,white trevally,Pseudocaranx,Carangidae,animal,"Bony fishes: perch-like fishes, tunas, flatfishes and others"
Elagatis bipinnulata,rainbow runner,Elagatis,Carangidae,animal,"Bony fishes: perch-like fishes, tunas, flatfishes and others"
Megalaspis cordyla,torpedo scad,Megalaspis,Carangidae,animal,"Bony fishes: perch-like fishes, tunas, flatfishes and others"
Lichia amia,leerfish,Lichia,Carangidae,animal,"Bony fishes: perch-like fishes, tunas, flatfishes and others"
Alectis ciliaris,African pompano,Alectis,Carangidae,animal,"Bony fishes: perch-like fishes, tunas, flatfishes and others"
Coryphaena hippurus,mahi-mahi,Coryphaena,Coryphaenidae,animal,"Bony fishes: perch-like fishes, tunas, flatfishes and others"
Rachycentron canadum,cobia,Rachycentron,Rachycentridae,animal,"Bony fishes: perch-like fishes, tunas, flatfishes and others"
Pomatomus saltatrix,bluefish,Pomatomus,Pomatomidae,animal,"Bony fishes: perch-like fishes, tunas, flatfishes and others"
Lobotes surinamensis,tripletail,Lobotes,Lobotidae,animal,"Bony fishes: perch-like fishes, tunas, flatfishes and others"
Gerres oyena,common silver-biddy,Gerres,Gerreidae,animal,"Bony fishes: perch-like fishes, tunas, flatfishes and others"
Leiognathus equulus,common ponyfish,Leiognathus,Leiognathidae,animal,"Bony fishes: perch-like fishes, tunas, flatfishes and others"
Sillago sihama,silver sillago,Sillago,Sillaginidae,animal,"Bony fishes: perch-like fishes, tunas, flatfishes and others"
Sillaginodes punctatus,King George whiting,Sillaginodes,Sillaginidae,animal,"Bony fishes: perch-like fishes, tunas, flatfishes and others"
Lates calcarifer,barramundi,Lates,Latidae,animal,"Bony fishes: perch-like fishes, tunas, flatfishes and others"
Lates niloticus,Nile perch,Lates,Latidae,animal,"Bony fishes: perch-like fishes, tunas, flatfishes and others"
Lates japonicus,akame,Lates,Latidae,animal,"Bony fishes: perch-like fishes, tunas, flatfishes and others"
Terapon jarbua,jarbua terapon,Terapon,Terapontidae,animal,"Bony fishes: perch-like fishes, tunas, flatfishes and others"
Kuhlia sandvicensis,Hawaiian flagtail (aholehole),Kuhlia,Kuhliidae,animal,"Bony fishes: perch-like fishes, tunas, flatfishes and others"
Oreochromis niloticus,Nile tilapia,Oreochromis,Cichlidae,animal,"Bony fishes: perch-like fishes, tunas, flatfishes and others"
Oreochromis mossambicus,Mozambique tilapia,Oreochromis,Cichlidae,animal,"Bony fishes: perch-like fishes, tunas, flatfishes and others"
Oreochromis aureus,blue tilapia,Oreochromis,Cichlidae,animal,"Bony fishes: perch-like fishes, tunas, flatfishes and others"
Coptodon rendalli,redbreast tilapia,Coptodon,Cichlidae,animal,"Bony fishes: perch-like fishes, tunas, flatfishes and others"
Coptodon zillii,redbelly tilapia,Coptodon,Cichlidae,animal,"Bony fishes: perch-like fishes, tunas, flatfishes and others"
Sarotherodon galilaeus,mango tilapia,Sarotherodon,Cichlidae,animal,"Bony fishes: perch-like fishes, tunas, flatfishes and others"
Sarotherodon melanotheron,blackchin tilapia,Sarotherodon,Cichlidae,animal,"Bony fishes: perch-like fishes, tunas, flatfishes and others"
Cichla ocellaris,butterfly peacock bass,Cichla,Cichlidae,animal,"Bony fishes: perch-like fishes, tunas, flatfishes and others"
Cichla temensis,speckled pavon,Cichla,Cichlidae,animal,"Bony fishes: perch-like fishes, tunas, flatfishes and others"
Astronotus ocellatus,oscar,Astronotus,Cichlidae,animal,"Bony fishes: perch-like fishes, tunas, flatfishes and others"
Boulengerochromis microlepis,giant cichlid,Boulengerochromis,Cichlidae,animal,"Bony fishes: perch-like fishes, tunas, flatfishes and others"
Labrus bergylta,ballan wrasse,Labrus,Labridae,animal,"Bony fishes: perch-like fishes, tunas, flatfishes and others"
Semicossyphus pulcher,California sheephead,Semicossyphus,Labridae,animal,"Bony fishes: perch-like fishes, tunas, flatfishes and others"
Tautoga onitis,tautog,Tautoga,Labridae,animal,"Bony fishes: perch-like fishes, tunas, flatfishes and others"
Choerodon schoenleinii,blackspot tuskfish,Choerodon,Labridae,animal,"Bony fishes: perch-like fishes, tunas, flatfishes and others"
Bodianus rufus,Spanish hogfish,Bodianus,Labridae,animal,"Bony fishes: perch-like fishes, tunas, flatfishes and others"
Lachnolaimus maximus,hogfish,Lachnolaimus,Labridae,animal,"Bony fishes: perch-like fishes, tunas, flatfishes and others"
Scarus ghobban,blue-barred parrotfish,Scarus,Scaridae,animal,"Bony fishes: perch-like fishes, tunas, flatfishes and others"
Sparisoma viride,stoplight parrotfish,Sparisoma,Scaridae,animal,"Bony fishes: perch-like fishes, tunas, flatfishes and others"
Chaetodipterus faber,Atlantic spadefish,Chaetodipterus,Ephippidae,animal,"Bony fishes: perch-like fishes, tunas, flatfishes and others"
Scatophagus argus,spotted scat,Scatophagus,Scatophagidae,animal,"Bony fishes: perch-like fishes, tunas, flatfishes and others"
Siganus canaliculatus,white-spotted rabbitfish,Siganus,Siganidae,animal,"Bony fishes: perch-like fishes, tunas, flatfishes and others"
Siganus guttatus,golden rabbitfish,Siganus,Siganidae,animal,"Bony fishes: perch-like fishes, tunas, flatfishes and others"
Siganus rivulatus,marbled spinefoot,Siganus,Siganidae,animal,"Bony fishes: perch-like fishes, tunas, flatfishes and others"
Siganus fuscescens,mottled spinefoot,Siganus,Siganidae,animal,"Bony fishes: perch-like fishes, tunas, flatfishes and others"
Naso unicornis,bluespine unicornfish (kala),Naso,Acanthuridae,animal,"Bony fishes: perch-like fishes, tunas, flatfishes and others"
Acanthurus triostegus,convict tang (manini),Acanthurus,Acanthuridae,animal,"Bony fishes: perch-like fishes, tunas, flatfishes and others"
Sphyraena barracuda,great barracuda,Sphyraena,Sphyraenidae,animal,"Bony fishes: perch-like fishes, tunas, flatfishes and others"
Sphyraena sphyraena,European barracuda,Sphyraena,Sphyraenidae,animal,"Bony fishes: perch-like fishes, tunas, flatfishes and others"
Sphyraena jello,pickhandle barracuda,Sphyraena,Sphyraenidae,animal,"Bony fishes: perch-like fishes, tunas, flatfishes and others"
Lepidocybium flavobrunneum,escolar,Lepidocybium,Gempylidae,animal,"Bony fishes: perch-like fishes, tunas, flatfishes and others"
Ruvettus pretiosus,oilfish,Ruvettus,Gempylidae,animal,"Bony fishes: perch-like fishes, tunas, flatfishes and others"
Thyrsites atun,snoek,Thyrsites,Gempylidae,animal,"Bony fishes: perch-like fishes, tunas, flatfishes and others"
Rexea solandri,gemfish,Rexea,Gempylidae,animal,"Bony fishes: perch-like fishes, tunas, flatfishes and others"
Trichiurus lepturus,largehead hairtail,Trichiurus,Trichiuridae,animal,"Bony fishes: perch-like fishes, tunas, flatfishes and others"
Lepidopus caudatus,silver scabbardfish,Lepidopus,Trichiuridae,animal,"Bony fishes: perch-like fishes, tunas, flatfishes and others"
Aphanopus carbo,black scabbardfish,Aphanopus,Trichiuridae,animal,"Bony fishes: perch-like fishes, tunas, flatfishes and others"
Thunnus thynnus,Atlantic bluefin tuna,Thunnus,Scombridae,animal,"Bony fishes: perch-like fishes, tunas, flatfishes and others"
Thunnus orientalis,Pacific bluefin tuna,Thunnus,Scombridae,animal,"Bony fishes: perch-like fishes, tunas, flatfishes and others"
Thunnus maccoyii,southern bluefin tuna,Thunnus,Scombridae,animal,"Bony fishes: perch-like fishes, tunas, flatfishes and others"
Thunnus albacares,yellowfin tuna,Thunnus,Scombridae,animal,"Bony fishes: perch-like fishes, tunas, flatfishes and others"
Thunnus obesus,bigeye tuna,Thunnus,Scombridae,animal,"Bony fishes: perch-like fishes, tunas, flatfishes and others"
Thunnus alalunga,albacore,Thunnus,Scombridae,animal,"Bony fishes: perch-like fishes, tunas, flatfishes and others"
Thunnus atlanticus,blackfin tuna,Thunnus,Scombridae,animal,"Bony fishes: perch-like fishes, tunas, flatfishes and others"
Thunnus tonggol,longtail tuna,Thunnus,Scombridae,animal,"Bony fishes: perch-like fishes, tunas, flatfishes and others"
Katsuwonus pelamis,skipjack (katsuo),Katsuwonus,Scombridae,animal,"Bony fishes: perch-like fishes, tunas, flatfishes and others"
Euthynnus affinis,kawakawa,Euthynnus,Scombridae,animal,"Bony fishes: perch-like fishes, tunas, flatfishes and others"
Euthynnus alletteratus,little tunny,Euthynnus,Scombridae,animal,"Bony fishes: perch-like fishes, tunas, flatfishes and others"
Auxis thazard,frigate tuna,Auxis,Scombridae,animal,"Bony fishes: perch-like fishes, tunas, flatfishes and others"
Auxis rochei,bullet tuna,Auxis,Scombridae,animal,"Bony fishes: perch-like fishes, tunas, flatfishes and others"
Sarda sarda,Atlantic bonito,Sarda,Scombridae,animal,"Bony fishes: perch-like fishes, tunas, flatfishes and others"
Sarda orientalis,striped bonito,Sarda,Scombridae,animal,"Bony fishes: perch-like fishes, tunas, flatfishes and others"
Sarda chiliensis,Pacific bonito,Sarda,Scombridae,animal,"Bony fishes: perch-like fishes, tunas, flatfishes and others"
Scomber scombrus,Atlantic mackerel,Scomber,Scombridae,animal,"Bony fishes: perch-like fishes, tunas, flatfishes and others"
Scomber japonicus,chub mackerel (saba),Scomber,Scombridae,animal,"Bony fishes: perch-like fishes, tunas, flatfishes and others"
Scomber colias,Atlantic chub mackerel,Scomber,Scombridae,animal,"Bony fishes: perch-like fishes, tunas, flatfishes and others"
Scomber australasicus,blue mackerel,Scomber,Scombridae,animal,"Bony fishes: perch-like fishes, tunas, flatfishes and others"
Rastrelliger kanagurta,Indian mackerel,Rastrelliger,Scombridae,animal,"Bony fishes: perch-like fishes, tunas, flatfishes and others"
Rastrelliger brachysoma,short mackerel,Rastrelliger,Scombridae,animal,"Bony fishes: perch-like fishes, tunas, flatfishes and others"
Scomberomorus commerson,narrow-barred Spanish mackerel,Scomberomorus,Scombridae,animal,"Bony fishes: perch-like fishes, tunas, flatfishes and others"
Scomberomorus cavalla,king mackerel,Scomberomorus,Scombridae,animal,"Bony fishes: perch-like fishes, tunas, flatfishes and others"
Scomberomorus maculatus,Atlantic Spanish mackerel,Scomberomorus,Scombridae,animal,"Bony fishes: perch-like fishes, tunas, flatfishes and others"
Scomberomorus niphonius,Japanese Spanish mackerel (sawara),Scomberomorus,Scombridae,animal,"Bony fishes: perch-like fishes, tunas, flatfishes and others"
Scomberomorus guttatus,Indo-Pacific king mackerel,Scomberomorus,Scombridae,animal,"Bony fishes: perch-like fishes, tunas, flatfishes and others"
Scomberomorus regalis,cero,Scomberomorus,Scombridae,animal,"Bony fishes: perch-like fishes, tunas, flatfishes and others"
Scomberomorus sierra,Pacific sierra,Scomberomorus,Scombridae,animal,"Bony fishes: perch-like fishes, tunas, flatfishes and others"
Acanthocybium solandri,wahoo,Acanthocybium,Scombridae,animal,"Bony fishes: perch-like fishes, tunas, flatfishes and others"
Gymnosarda unicolor,dogtooth tuna,Gymnosarda,Scombridae,animal,"Bony fishes: perch-like fishes, tunas, flatfishes and others"
Xiphias gladius,swordfish,Xiphias,Xiphiidae,animal,"Bony fishes: perch-like fishes, tunas, flatfishes and others"
Makaira nigricans,blue marlin,Makaira,Istiophoridae,animal,"Bony fishes: perch-like fishes, tunas, flatfishes and others"
Kajikia audax,striped marlin,Kajikia,Istiophoridae,animal,"Bony fishes: perch-like fishes, tunas, flatfishes and others"
Kajikia albida,white marlin,Kajikia,Istiophoridae,animal,"Bony fishes: perch-like fishes, tunas, flatfishes and others"
Istiophorus platypterus,Indo-Pacific sailfish,Istiophorus,Istiophoridae,animal,"Bony fishes: perch-like fishes, tunas, flatfishes and others"
Hyperoglyphe antarctica,bluenose warehou,Hyperoglyphe,Centrolophidae,animal,"Bony fishes: perch-like fishes, tunas, flatfishes and others"
Seriolella brama,blue warehou,Seriolella,Centrolophidae,animal,"Bony fishes: perch-like fishes, tunas, flatfishes and others"
Seriolella punctata,silver warehou,Seriolella,Centrolophidae,animal,"Bony fishes: perch-like fishes, tunas, flatfishes and others"
Pampus argenteus,silver pomfret,Pampus,Stromateidae,animal,"Bony fishes: perch-like fishes, tunas, flatfishes and others"
Pampus chinensis,Chinese pomfret,Pampus,Stromateidae,animal,"Bony fishes: perch-like fishes, tunas, flatfishes and others"
Peprilus triacanthus,butterfish,Peprilus,Stromateidae,animal,"Bony fishes: perch-like fishes, tunas, flatfishes and others"
Brama brama,Atlantic pomfret,Brama,Bramidae,animal,"Bony fishes: perch-like fishes, tunas, flatfishes and others"
Hippoglossus hippoglossus,Atlantic halibut,Hippoglossus,Pleuronectidae,animal,"Bony fishes: perch-like fishes, tunas, flatfishes and others"
Hippoglossus stenolepis,Pacific halibut,Hippoglossus,Pleuronectidae,animal,"Bony fishes: perch-like fishes, tunas, flatfishes and others"
Reinhardtius hippoglossoides,Greenland halibut,Reinhardtius,Pleuronectidae,animal,"Bony fishes: perch-like fishes, tunas, flatfishes and others"
Paralichthys olivaceus,olive flounder (hirame),Paralichthys,Paralichthyidae,animal,"Bony fishes: perch-like fishes, tunas, flatfishes and others"
Paralichthys dentatus,summer flounder (fluke),Paralichthys,Paralichthyidae,animal,"Bony fishes: perch-like fishes, tunas, flatfishes and others"
Paralichthys lethostigma,southern flounder,Paralichthys,Paralichthyidae,animal,"Bony fishes: perch-like fishes, tunas, flatfishes and others"
Paralichthys californicus,California halibut,Paralichthys,Paralichthyidae,animal,"Bony fishes: perch-like fishes, tunas, flatfishes and others"
Pseudopleuronectes americanus,winter flounder,Pseudopleuronectes,Pleuronectidae,animal,"Bony fishes: perch-like fishes, tunas, flatfishes and others"
Platichthys flesus,European flounder,Platichthys,Pleuronectidae,animal,"Bony fishes: perch-like fishes, tunas, flatfishes and others"
Platichthys stellatus,starry flounder,Platichthys,Pleuronectidae,animal,"Bony fishes: perch-like fishes, tunas, flatfishes and others"
Pleuronectes platessa,European plaice,Pleuronectes,Pleuronectidae,animal,"Bony fishes: perch-like fishes, tunas, flatfishes and others"
Limanda limanda,dab,Limanda,Pleuronectidae,animal,"Bony fishes: perch-like fishes, tunas, flatfishes and others"
Limanda aspera,yellowfin sole,Limanda,Pleuronectidae,animal,"Bony fishes: perch-like fishes, tunas, flatfishes and others"
Limanda ferruginea,yellowtail flounder,Limanda,Pleuronectidae,animal,"Bony fishes: perch-like fishes, tunas, flatfishes and others"
Microstomus kitt,lemon sole,Microstomus,Pleuronectidae,animal,"Bony fishes: perch-like fishes, tunas, flatfishes and others"
Microstomus pacificus,Pacific Dover sole,Microstomus,Pleuronectidae,animal,"Bony fishes: perch-like fishes, tunas, flatfishes and others"
Glyptocephalus cynoglossus,witch flounder,Glyptocephalus,Pleuronectidae,animal,"Bony fishes: perch-like fishes, tunas, flatfishes and others"
Glyptocephalus zachirus,rex sole,Glyptocephalus,Pleuronectidae,animal,"Bony fishes: perch-like fishes, tunas, flatfishes and others"
Lepidopsetta bilineata,rock sole,Lepidopsetta,Pleuronectidae,animal,"Bony fishes: perch-like fishes, tunas, flatfishes and others"
Atheresthes stomias,arrowtooth flounder,Atheresthes,Pleuronectidae,animal,"Bony fishes: perch-like fishes, tunas, flatfishes and others"
Eopsetta jordani,petrale sole,Eopsetta,Pleuronectidae,animal,"Bony fishes: perch-like fishes, tunas, flatfishes and others"
Parophrys vetulus,English sole,Parophrys,Pleuronectidae,animal,"Bony fishes: perch-like fishes, tunas, flatfishes and others"
Hippoglossoides platessoides,American plaice,Hippoglossoides,Pleuronectidae,animal,"Bony fishes: perch-like fishes, tunas, flatfishes and others"
Verasper variegatus,spotted halibut (hoshigarei),Verasper,Pleuronectidae,animal,"Bony fishes: perch-like fishes, tunas, flatfishes and others"
Kareius bicoloratus,stone flounder,Kareius,Pleuronectidae,animal,"Bony fishes: perch-like fishes, tunas, flatfishes and others"
Solea solea,common sole (Dover sole),Solea,Soleidae,animal,"Bony fishes: perch-like fishes, tunas, flatfishes and others"
Solea senegalensis,Senegalese sole,Solea,Soleidae,animal,"Bony fishes: perch-like fishes, tunas, flatfishes and others"
Pegusa lascaris,sand sole,Pegusa,Soleidae,animal,"Bony fishes: perch-like fishes, tunas, flatfishes and others"
Dicologlossa cuneata,wedge sole,Dicologlossa,Soleidae,animal,"Bony fishes: perch-like fishes, tunas, flatfishes and others"
Cynoglossus semilaevis,tongue sole,Cynoglossus,Cynoglossidae,animal,"Bony fishes: perch-like fishes, tunas, flatfishes and others"
Scophthalmus maximus,turbot,Scophthalmus,Scophthalmidae,animal,"Bony fishes: perch-like fishes, tunas, flatfishes and others"
Scophthalmus rhombus,brill,Scophthalmus,Scophthalmidae,animal,"Bony fishes: perch-like fishes, tunas, flatfishes and others"
Lepidorhombus whiffiagonis,megrim,Lepidorhombus,Scophthalmidae,animal,"Bony fishes: perch-like fishes, tunas, flatfishes and others"
Psettodes erumei,Indian spiny turbot,Psettodes,Psettodidae,animal,"Bony fishes: perch-like fishes, tunas, flatfishes and others"
Rhombosolea plebeia,sand flounder (NZ),Rhombosolea,Rhombosoleidae,animal,"Bony fishes: perch-like fishes, tunas, flatfishes and others"
Colistium nudipinnis,New Zealand turbot,Colistium,Rhombosoleidae,animal,"Bony fishes: perch-like fishes, tunas, flatfishes and others"
Pseudorhombus arsius,largetooth flounder,Pseudorhombus,Paralichthyidae,animal,"Bony fishes: perch-like fishes, tunas, flatfishes and others"
Takifugu rubripes,tiger puffer (torafugu),Takifugu,Tetraodontidae,animal,"Bony fishes: perch-like fishes, tunas, flatfishes and others"
Takifugu poecilonotus,fine-patterned puffer,Takifugu,Tetraodontidae,animal,"Bony fishes: perch-like fishes, tunas, flatfishes and others"
Balistes capriscus,grey triggerfish,Balistes,Balistidae,animal,"Bony fishes: perch-like fishes, tunas, flatfishes and others"
Balistes vetula,queen triggerfish,Balistes,Balistidae,animal,"Bony fishes: perch-like fishes, tunas, flatfishes and others"
Stephanolepis cirrhifer,thread-sail filefish (kawahagi),Stephanolepis,Monacanthidae,animal,"Bony fishes: perch-like fishes, tunas, flatfishes and others"
Thamnaconus modestus,black scraper (umazurahagi),Thamnaconus,Monacanthidae,animal,"Bony fishes: perch-like fishes, tunas, flatfishes and others"
Aluterus monoceros,unicorn leatherjacket,Aluterus,Monacanthidae,animal,"Bony fishes: perch-like fishes, tunas, flatfishes and others"
Acanthogobius flavimanus,yellowfin goby (haze),Acanthogobius,Gobiidae,animal,"Bony fishes: perch-like fishes, tunas, flatfishes and others"
Boleophthalmus pectinirostris,great blue-spotted mudskipper,Boleophthalmus,Oxudercidae,animal,"Bony fishes: perch-like fishes, tunas, flatfishes and others"
Glossogobius giuris,tank goby,Glossogobius,Gobiidae,animal,"Bony fishes: perch-like fishes, tunas, flatfishes and others"
Oxyeleotris marmorata,marble goby,Oxyeleotris,Butidae,animal,"Bony fishes: perch-like fishes, tunas, flatfishes and others"
Sicyopterus lagocephalus,red-tailed goby (fry: bichique),Sicyopterus,Oxudercidae,animal,"Bony fishes: perch-like fishes, tunas, flatfishes and others"
Channa striata,striped snakehead,Channa,Channidae,animal,"Bony fishes: perch-like fishes, tunas, flatfishes and others"
Channa argus,northern snakehead,Channa,Channidae,animal,"Bony fishes: perch-like fishes, tunas, flatfishes and others"
Channa maculata,blotched snakehead,Channa,Channidae,animal,"Bony fishes: perch-like fishes, tunas, flatfishes and others"
Channa micropeltes,giant snakehead,Channa,Channidae,animal,"Bony fishes: perch-like fishes, tunas, flatfishes and others"
Parachanna obscura,African snakehead,Parachanna,Channidae,animal,"Bony fishes: perch-like fishes, tunas, flatfishes and others"
Anabas testudineus,climbing perch,Anabas,Anabantidae,animal,"Bony fishes: perch-like fishes, tunas, flatfishes and others"
Trichopodus pectoralis,snakeskin gourami,Trichopodus,Osphronemidae,animal,"Bony fishes: perch-like fishes, tunas, flatfishes and others"
Osphronemus goramy,giant gourami,Osphronemus,Osphronemidae,animal,"Bony fishes: perch-like fishes, tunas, flatfishes and others"
Helostoma temminckii,kissing gourami,Helostoma,Helostomatidae,animal,"Bony fishes: perch-like fishes, tunas, flatfishes and others"
Trachinus draco,greater weever,Trachinus,Trachinidae,animal,"Bony fishes: perch-like fishes, tunas, flatfishes and others"
Uranoscopus japonicus,Japanese stargazer,Uranoscopus,Uranoscopidae,animal,"Bony fishes: perch-like fishes, tunas, flatfishes and others"
Ammodytes personatus,Pacific sand lance (ikanago),Ammodytes,Ammodytidae,animal,"Bony fishes: perch-like fishes, tunas, flatfishes and others"
Ammodytes marinus,lesser sand eel,Ammodytes,Ammodytidae,animal,"Bony fishes: perch-like fishes, tunas, flatfishes and others"
Champsocephalus gunnari,mackerel icefish,Champsocephalus,Channichthyidae,animal,"Bony fishes: perch-like fishes, tunas, flatfishes and others"
Dissostichus eleginoides,Patagonian toothfish,Dissostichus,Nototheniidae,animal,"Bony fishes: perch-like fishes, tunas, flatfishes and others"
Dissostichus mawsoni,Antarctic toothfish,Dissostichus,Nototheniidae,animal,"Bony fishes: perch-like fishes, tunas, flatfishes and others"
Notothenia rossii,marbled rockcod,Notothenia,Nototheniidae,animal,"Bony fishes: perch-like fishes, tunas, flatfishes and others"
Eleginops maclovinus,Patagonian blenny (róbalo),Eleginops,Eleginopidae,animal,"Bony fishes: perch-like fishes, tunas, flatfishes and others"
Emmelichthys nitidus,Cape bonnetmouth (redbait),Emmelichthys,Emmelichthyidae,animal,"Bony fishes: perch-like fishes, tunas, flatfishes and others"
Kyphosus sectatrix,Bermuda chub,Kyphosus,Kyphosidae,animal,"Bony fishes: perch-like fishes, tunas, flatfishes and others"
Girella punctata,largescale blackfish (mejina),Girella,Kyphosidae,animal,"Bony fishes: perch-like fishes, tunas, flatfishes and others"
Scorpis lineolata,silver sweep,Scorpis,Kyphosidae,animal,"Bony fishes: perch-like fishes, tunas, flatfishes and others"
Oplegnathus fasciatus,barred knifejaw (ishidai),Oplegnathus,Oplegnathidae,animal,"Bony fishes: perch-like fishes, tunas, flatfishes and others"
Nemadactylus macropterus,tarakihi,Nemadactylus,Latridae,animal,"Bony fishes: perch-like fishes, tunas, flatfishes and others"
Latris lineata,striped trumpeter,Latris,Latridae,animal,"Bony fishes: perch-like fishes, tunas, flatfishes and others"
Arripis trutta,Australian salmon (kahawai),Arripis,Arripidae,animal,"Bony fishes: perch-like fishes, tunas, flatfishes and others"
Arripis georgianus,Australian herring,Arripis,Arripidae,animal,"Bony fishes: perch-like fishes, tunas, flatfishes and others"
Glaucosoma hebraicum,West Australian dhufish,Glaucosoma,Glaucosomatidae,animal,"Bony fishes: perch-like fishes, tunas, flatfishes and others"
Pseudopentaceros wheeleri,pelagic armourhead,Pseudopentaceros,Pentacerotidae,animal,"Bony fishes: perch-like fishes, tunas, flatfishes and others"
Lopholatilus chamaeleonticeps,golden tilefish,Lopholatilus,Malacanthidae,animal,"Bony fishes: perch-like fishes, tunas, flatfishes and others"
Branchiostegus japonicus,horsehead tilefish (amadai),Branchiostegus,Malacanthidae,animal,"Bony fishes: perch-like fishes, tunas, flatfishes and others"
Priacanthus arenatus,Atlantic bigeye,Priacanthus,Priacanthidae,animal,"Bony fishes: perch-like fishes, tunas, flatfishes and others"
Zoarces americanus,ocean pout,Zoarces,Zoarcidae,animal,"Bony fishes: perch-like fishes, tunas, flatfishes and others"
Anarhichas lupus,Atlantic wolffish,Anarhichas,Anarhichadidae,animal,"Bony fishes: perch-like fishes, tunas, flatfishes and others"
Anarhichas minor,spotted wolffish,Anarhichas,Anarhichadidae,animal,"Bony fishes: perch-like fishes, tunas, flatfishes and others"
Anarrhichthys ocellatus,wolf eel,Anarrhichthys,Anarhichadidae,animal,"Bony fishes: perch-like fishes, tunas, flatfishes and others"
Maccullochella peelii,Murray cod,Maccullochella,Percichthyidae,animal,"Bony fishes: perch-like fishes, tunas, flatfishes and others"
Macquaria ambigua,golden perch,Macquaria,Percichthyidae,animal,"Bony fishes: perch-like fishes, tunas, flatfishes and others"
Percichthys trucha,Patagonian perch,Percichthys,Percichthyidae,animal,"Bony fishes: perch-like fishes, tunas, flatfishes and others"
Siniperca chuatsi,mandarin fish,Siniperca,Sinipercidae,animal,"Bony fishes: perch-like fishes, tunas, flatfishes and others"
Lethrinus nebulosus,spangled emperor,Lethrinus,Lethrinidae,animal,"Bony fishes: perch-like fishes, tunas, flatfishes and others"
Lethrinus olivaceus,longface emperor,Lethrinus,Lethrinidae,animal,"Bony fishes: perch-like fishes, tunas, flatfishes and others"
Lethrinus miniatus,trumpet emperor,Lethrinus,Lethrinidae,animal,"Bony fishes: perch-like fishes, tunas, flatfishes and others"
Monotaxis grandoculis,humpnose big-eye bream,Monotaxis,Lethrinidae,animal,"Bony fishes: perch-like fishes, tunas, flatfishes and others"
Nemipterus virgatus,golden threadfin bream,Nemipterus,Nemipteridae,animal,"Bony fishes: perch-like fishes, tunas, flatfishes and others"
Nemipterus japonicus,Japanese threadfin bream,Nemipterus,Nemipteridae,animal,"Bony fishes: perch-like fishes, tunas, flatfishes and others"
Scolopsis vosmeri,whitecheek monocle bream,Scolopsis,Nemipteridae,animal,"Bony fishes: perch-like fishes, tunas, flatfishes and others"
Caesio cuning,redbelly yellowtail fusilier,Caesio,Caesionidae,animal,"Bony fishes: perch-like fishes, tunas, flatfishes and others"
Mene maculata,moonfish,Mene,Menidae,animal,"Bony fishes: perch-like fishes, tunas, flatfishes and others"
Drepane punctata,spotted sicklefish,Drepane,Drepaneidae,animal,"Bony fishes: perch-like fishes, tunas, flatfishes and others"
Sicyases sanguineus,pejesapo,Sicyases,Gobiesocidae,animal,"Bony fishes: perch-like fishes, tunas, flatfishes and others"
Pristolepis marginata,Malabar leaffish,Pristolepis,Pristolepididae,animal,"Bony fishes: perch-like fishes, tunas, flatfishes and others"
Bathygobius fuscus,dusky frillgoby,Bathygobius,Gobiidae,animal,"Bony fishes: perch-like fishes, tunas, flatfishes and others"
Oreochromis andersonii,three-spotted tilapia,Oreochromis,Cichlidae,animal,"Bony fishes: perch-like fishes, tunas, flatfishes and others"
Hemichromis fasciatus,banded jewelfish,Hemichromis,Cichlidae,animal,"Bony fishes: perch-like fishes, tunas, flatfishes and others"
Pelophylax kl. esculentus,edible frog,Pelophylax,Ranidae,animal,Amphibians and reptiles
Pelophylax ridibundus,marsh frog,Pelophylax,Ranidae,animal,Amphibians and reptiles
Lithobates catesbeianus,American bullfrog,Lithobates,Ranidae,animal,Amphibians and reptiles
Lithobates pipiens,northern leopard frog,Lithobates,Ranidae,animal,Amphibians and reptiles
Hoplobatrachus rugulosus,Chinese edible frog,Hoplobatrachus,Dicroglossidae,animal,Amphibians and reptiles
Hoplobatrachus tigerinus,Indian bullfrog,Hoplobatrachus,Dicroglossidae,animal,Amphibians and reptiles
Fejervarya limnocharis,rice-field frog,Fejervarya,Dicroglossidae,animal,Amphibians and reptiles
Limnonectes macrodon,stone creek frog,Limnonectes,Dicroglossidae,animal,Amphibians and reptiles
Quasipaa spinosa,giant spiny frog,Quasipaa,Dicroglossidae,animal,Amphibians and reptiles
Pyxicephalus adspersus,African bullfrog,Pyxicephalus,Pyxicephalidae,animal,Amphibians and reptiles
Leptodactylus pentadactylus,smoky jungle frog,Leptodactylus,Leptodactylidae,animal,Amphibians and reptiles
Chelydra serpentina,snapping turtle,Chelydra,Chelydridae,animal,Amphibians and reptiles
Pelodiscus sinensis,Chinese softshell turtle,Pelodiscus,Trionychidae,animal,Amphibians and reptiles
Apalone spinifera,spiny softshell,Apalone,Trionychidae,animal,Amphibians and reptiles
Apalone ferox,Florida softshell,Apalone,Trionychidae,animal,Amphibians and reptiles
Amyda cartilaginea,Asiatic softshell,Amyda,Trionychidae,animal,Amphibians and reptiles
Trachemys scripta,pond slider,Trachemys,Emydidae,animal,Amphibians and reptiles
Malaclemys terrapin,diamondback terrapin,Malaclemys,Emydidae,animal,Amphibians and reptiles
Alligator mississippiensis,American alligator,Alligator,Alligatoridae,animal,Amphibians and reptiles
Crocodylus niloticus,Nile crocodile,Crocodylus,Crocodylidae,animal,Amphibians and reptiles
Crocodylus porosus,saltwater crocodile,Crocodylus,Crocodylidae,animal,Amphibians and reptiles
Crocodylus siamensis,Siamese crocodile (farmed),Crocodylus,Crocodylidae,animal,Amphibians and reptiles
Caiman yacare,yacare caiman,Caiman,Alligatoridae,animal,Amphibians and reptiles
Iguana iguana,green iguana,Iguana,Iguanidae,animal,Amphibians and reptiles
Ctenosaura similis,black spiny-tailed iguana (garrobo),Ctenosaura,Iguanidae,animal,Amphibians and reptiles
Ctenosaura pectinata,Mexican spiny-tailed iguana,Ctenosaura,Iguanidae,animal,Amphibians and reptiles
Python bivittatus,Burmese python,Python,Pythonidae,animal,Amphibians and reptiles
Malayopython reticulatus,reticulated python,Malayopython,Pythonidae,animal,Amphibians and reptiles
Ptyas mucosa,oriental ratsnake,Ptyas,Colubridae,animal,Amphibians and reptiles
Naja atra,Chinese cobra (snake soup),Naja,Elapidae,animal,Amphibians and reptiles
Bungarus multicinctus,many-banded krait (snake soup),Bungarus,Elapidae,animal,Amphibians and reptiles
Crotalus atrox,western diamondback rattlesnake,Crotalus,Viperidae,animal,Amphibians and reptiles
Varanus salvator,Asian water monitor,Varanus,Varanidae,animal,Amphibians and reptiles
Varanus niloticus,Nile monitor,Varanus,Varanidae,animal,Amphibians and reptiles
Salvator merianae,black-and-white tegu,Salvator,Teiidae,animal,Amphibians and reptiles
Gallus gallus,chicken,Gallus,Phasianidae,animal,Birds
Meleagris gallopavo,turkey,Meleagris,Phasianidae,animal,Birds
Coturnix japonica,Japanese quail,Coturnix,Phasianidae,animal,Birds
Coturnix coturnix,common quail,Coturnix,Phasianidae,animal,Birds
Numida meleagris,helmeted guineafowl,Numida,Numididae,animal,Birds
Phasianus colchicus,common pheasant,Phasianus,Phasianidae,animal,Birds
Perdix perdix,grey partridge,Perdix,Phasianidae,animal,Birds
Alectoris rufa,red-legged partridge,Alectoris,Phasianidae,animal,Birds
Alectoris chukar,chukar,Alectoris,Phasianidae,animal,Birds
Francolinus pondicerianus,grey francolin,Francolinus,Phasianidae,animal,Birds
Pternistis capensis,Cape spurfowl,Pternistis,Phasianidae,animal,Birds
Colinus virginianus,northern bobwhite,Colinus,Odontophoridae,animal,Birds
Callipepla californica,California quail,Callipepla,Odontophoridae,animal,Birds
Bonasa umbellus,ruffed grouse,Bonasa,Phasianidae,animal,Birds
Lagopus lagopus,willow ptarmigan / red grouse,Lagopus,Phasianidae,animal,Birds
Lagopus muta,rock ptarmigan,Lagopus,Phasianidae,animal,Birds
Tetrao urogallus,western capercaillie,Tetrao,Phasianidae,animal,Birds
Lyrurus tetrix,black grouse,Lyrurus,Phasianidae,animal,Birds
Tetrastes bonasia,hazel grouse,Tetrastes,Phasianidae,animal,Birds
Tympanuchus cupido,greater prairie chicken,Tympanuchus,Phasianidae,animal,Birds
Dendragapus obscurus,dusky grouse,Dendragapus,Phasianidae,animal,Birds
Pavo cristatus,Indian peafowl (farmed),Pavo,Phasianidae,animal,Birds
Anas platyrhynchos,mallard / domestic duck,Anas,Anatidae,animal,Birds
Cairina moschata,Muscovy duck,Cairina,Anatidae,animal,Birds
Anser anser,greylag / domestic goose,Anser,Anatidae,animal,Birds
Anser cygnoides,swan goose (Chinese goose),Anser,Anatidae,animal,Birds
Anser albifrons,greater white-fronted goose,Anser,Anatidae,animal,Birds
Branta canadensis,Canada goose,Branta,Anatidae,animal,Birds
Anas acuta,northern pintail,Anas,Anatidae,animal,Birds
Anas crecca,Eurasian teal,Anas,Anatidae,animal,Birds
Mareca penelope,Eurasian wigeon,Mareca,Anatidae,animal,Birds
Mareca strepera,gadwall,Mareca,Anatidae,animal,Birds
Spatula clypeata,northern shoveler,Spatula,Anatidae,animal,Birds
Aythya valisineria,canvasback,Aythya,Anatidae,animal,Birds
Aix sponsa,wood duck,Aix,Anatidae,animal,Birds
Somateria mollissima,common eider,Somateria,Anatidae,animal,Birds
Plectropterus gambensis,spur-winged goose,Plectropterus,Anatidae,animal,Birds
Dendrocygna viduata,white-faced whistling duck,Dendrocygna,Anatidae,animal,Birds
Columba livia,rock pigeon / squab,Columba,Columbidae,animal,Birds
Columba palumbus,wood pigeon,Columba,Columbidae,animal,Birds
Streptopelia decaocto,Eurasian collared dove,Streptopelia,Columbidae,animal,Birds
Zenaida macroura,mourning dove,Zenaida,Columbidae,animal,Birds
Zenaida asiatica,white-winged dove,Zenaida,Columbidae,animal,Birds
Struthio camelus,ostrich,Struthio,Struthionidae,animal,Birds
Dromaius novaehollandiae,emu,Dromaius,Dromaiidae,animal,Birds
Rhea americana,greater rhea,Rhea,Rheidae,animal,Birds
Tinamus major,great tinamou,Tinamus,Tinamidae,animal,Birds
Nothura maculosa,spotted nothura,Nothura,Tinamidae,animal,Birds
Rhynchotus rufescens,red-winged tinamou,Rhynchotus,Tinamidae,animal,Birds
Eudromia elegans,elegant crested tinamou,Eudromia,Tinamidae,animal,Birds
Scolopax rusticola,Eurasian woodcock,Scolopax,Scolopacidae,animal,Birds
Scolopax minor,American woodcock,Scolopax,Scolopacidae,animal,Birds
Gallinago gallinago,common snipe,Gallinago,Scolopacidae,animal,Birds
Fulica atra,Eurasian coot,Fulica,Rallidae,animal,Birds
Gallinula chloropus,common moorhen,Gallinula,Rallidae,animal,Birds
Uria lomvia,thick-billed murre,Uria,Alcidae,animal,Birds
Uria aalge,common guillemot,Uria,Alcidae,animal,Birds
Fratercula arctica,Atlantic puffin,Fratercula,Alcidae,animal,Birds
Fulmarus glacialis,northern fulmar,Fulmarus,Procellariidae,animal,Birds
Ardenna grisea,sooty shearwater (muttonbird),Ardenna,Procellariidae,animal,Birds
Ardenna tenuirostris,short-tailed shearwater (yolla),Ardenna,Procellariidae,animal,Birds
Chroicocephalus ridibundus,black-headed gull (eggs),Chroicocephalus,Laridae,animal,Birds
Crax fasciolata,bare-faced curassow,Crax,Cracidae,animal,Birds
Penelope obscura,dusky-legged guan,Penelope,Cracidae,animal,Birds
Ortalis vetula,plain chachalaca,Ortalis,Cracidae,animal,Birds
Alectura lathami,Australian brushturkey (eggs),Alectura,Megapodiidae,animal,Birds
Megapodius freycinet,dusky megapode (eggs),Megapodius,Megapodiidae,animal,Birds
Passer montanus,Eurasian tree sparrow,Passer,Passeridae,animal,Birds
Emberiza hortulana,ortolan bunting (historical),Emberiza,Emberizidae,animal,Birds
Aerodramus fuciphagus,edible-nest swiftlet (bird's nest),Aerodramus,Apodidae,animal,Birds
Bos taurus,cattle,Bos,Bovidae,animal,Mammals
Bos indicus,zebu,Bos,Bovidae,animal,Mammals
Bos grunniens,domestic yak,Bos,Bovidae,animal,Mammals
Bos javanicus,banteng / Bali cattle,Bos,Bovidae,animal,Mammals
Bos frontalis,gayal (mithun),Bos,Bovidae,animal,Mammals
Bubalus bubalis,water buffalo,Bubalus,Bovidae,animal,Mammals
Syncerus caffer,African buffalo,Syncerus,Bovidae,animal,Mammals
Bison bison,American bison,Bison,Bovidae,animal,Mammals
Bison bonasus,European bison (wisent),Bison,Bovidae,animal,Mammals
Ovis aries,sheep,Ovis,Bovidae,animal,Mammals
Ovis canadensis,bighorn sheep,Ovis,Bovidae,animal,Mammals
Capra hircus,goat,Capra,Bovidae,animal,Mammals
Capra ibex,Alpine ibex,Capra,Bovidae,animal,Mammals
Oreamnos americanus,mountain goat,Oreamnos,Bovidae,animal,Mammals
Rupicapra rupicapra,chamois,Rupicapra,Bovidae,animal,Mammals
Antilocapra americana,pronghorn,Antilocapra,Antilocapridae,animal,Mammals
Cervus elaphus,red deer,Cervus,Cervidae,animal,Mammals
Cervus canadensis,elk (wapiti),Cervus,Cervidae,animal,Mammals
Cervus nippon,sika deer,Cervus,Cervidae,animal,Mammals
Dama dama,fallow deer,Dama,Cervidae,animal,Mammals
Odocoileus virginianus,white-tailed deer,Odocoileus,Cervidae,animal,Mammals
Odocoileus hemionus,mule deer,Odocoileus,Cervidae,animal,Mammals
Alces alces,moose,Alces,Cervidae,animal,Mammals
Rangifer tarandus,reindeer / caribou,Rangifer,Cervidae,animal,Mammals
Capreolus capreolus,roe deer,Capreolus,Cervidae,animal,Mammals
Axis axis,chital,Axis,Cervidae,animal,Mammals
Rusa unicolor,sambar,Rusa,Cervidae,animal,Mammals
Rusa timorensis,Javan rusa,Rusa,Cervidae,animal,Mammals
Muntiacus reevesi,Reeves's muntjac,Muntiacus,Cervidae,animal,Mammals
Hydropotes inermis,water deer,Hydropotes,Cervidae,animal,Mammals
Aepyceros melampus,impala,Aepyceros,Bovidae,animal,Mammals
Connochaetes taurinus,blue wildebeest,Connochaetes,Bovidae,animal,Mammals
Tragelaphus strepsiceros,greater kudu,Tragelaphus,Bovidae,animal,Mammals
Tragelaphus scriptus,bushbuck,Tragelaphus,Bovidae,animal,Mammals
Taurotragus oryx,common eland,Taurotragus,Bovidae,animal,Mammals
Oryx gazella,gemsbok,Oryx,Bovidae,animal,Mammals
Antidorcas marsupialis,springbok,Antidorcas,Bovidae,animal,Mammals
Alcelaphus buselaphus,hartebeest,Alcelaphus,Bovidae,animal,Mammals
Damaliscus pygargus,blesbok,Damaliscus,Bovidae,animal,Mammals
Kobus ellipsiprymnus,waterbuck,Kobus,Bovidae,animal,Mammals
Sylvicapra grimmia,common duiker,Sylvicapra,Bovidae,animal,Mammals
Philantomba monticola,blue duiker,Philantomba,Bovidae,animal,Mammals
Raphicerus campestris,steenbok,Raphicerus,Bovidae,animal,Mammals
Boselaphus tragocamelus,nilgai,Boselaphus,Bovidae,animal,Mammals
Antilope cervicapra,blackbuck,Antilope,Bovidae,animal,Mammals
Sus scrofa,pig / wild boar,Sus,Suidae,animal,Mammals
Sus barbatus,bearded pig,Sus,Suidae,animal,Mammals
Sus celebensis,Celebes warty pig,Sus,Suidae,animal,Mammals
Phacochoerus africanus,common warthog,Phacochoerus,Suidae,animal,Mammals
Potamochoerus porcus,red river hog,Potamochoerus,Suidae,animal,Mammals
Potamochoerus larvatus,bushpig,Potamochoerus,Suidae,animal,Mammals
Babyrousa celebensis,babirusa,Babyrousa,Suidae,animal,Mammals
Pecari tajacu,collared peccary,Pecari,Tayassuidae,animal,Mammals
Tayassu pecari,white-lipped peccary,Tayassu,Tayassuidae,animal,Mammals
Camelus dromedarius,dromedary,Camelus,Camelidae,animal,Mammals
Camelus bactrianus,Bactrian camel,Camelus,Camelidae,animal,Mammals
Lama glama,llama,Lama,Camelidae,animal,Mammals
Vicugna pacos,alpaca,Vicugna,Camelidae,animal,Mammals
Lama guanicoe,guanaco,Lama,Camelidae,animal,Mammals
Hippopotamus amphibius,hippopotamus,Hippopotamus,Hippopotamidae,animal,Mammals
Giraffa camelopardalis,giraffe,Giraffa,Giraffidae,animal,Mammals
Balaenoptera acutorostrata,common minke whale,Balaenoptera,Balaenopteridae,animal,Mammals
Balaenoptera bonaerensis,Antarctic minke whale,Balaenoptera,Balaenopteridae,animal,Mammals
Balaenoptera physalus,fin whale,Balaenoptera,Balaenopteridae,animal,Mammals
Globicephala melas,long-finned pilot whale,Globicephala,Delphinidae,animal,Mammals
Delphinapterus leucas,beluga,Delphinapterus,Monodontidae,animal,Mammals
Monodon monoceros,narwhal,Monodon,Monodontidae,animal,Mammals
Balaena mysticetus,bowhead whale,Balaena,Balaenidae,animal,Mammals
Phocoenoides dalli,Dall's porpoise,Phocoenoides,Phocoenidae,animal,Mammals
Equus caballus,horse,Equus,Equidae,animal,Mammals
Equus asinus,donkey,Equus,Equidae,animal,Mammals
Equus quagga,plains zebra,Equus,Equidae,animal,Mammals
Tapirus terrestris,South American tapir,Tapirus,Tapiridae,animal,Mammals
Pagophilus groenlandicus,harp seal,Pagophilus,Phocidae,animal,Mammals
Pusa hispida,ringed seal,Pusa,Phocidae,animal,Mammals
Erignathus barbatus,bearded seal,Erignathus,Phocidae,animal,Mammals
Phoca vitulina,harbour seal,Phoca,Phocidae,animal,Mammals
Odobenus rosmarus,walrus,Odobenus,Odobenidae,animal,Mammals
Callorhinus ursinus,northern fur seal,Callorhinus,Otariidae,animal,Mammals
Ursus americanus,American black bear,Ursus,Ursidae,animal,Mammals
Ursus arctos,brown bear,Ursus,Ursidae,animal,Mammals
Ursus maritimus,polar bear,Ursus,Ursidae,animal,Mammals
Canis lupus,dog (familiaris),Canis,Canidae,animal,Mammals
Nyctereutes procyonoides,raccoon dog,Nyctereutes,Canidae,animal,Mammals
Procyon lotor,raccoon,Procyon,Procyonidae,animal,Mammals
Meles meles,European badger,Meles,Mustelidae,animal,Mammals
Didelphis virginiana,Virginia opossum,Didelphis,Didelphidae,animal,Mammals
Didelphis marsupialis,common opossum,Didelphis,Didelphidae,animal,Mammals
Cavia porcellus,guinea pig (cuy),Cavia,Caviidae,animal,Mammals
Hydrochoerus hydrochaeris,capybara,Hydrochoerus,Caviidae,animal,Mammals
Cuniculus paca,lowland paca,Cuniculus,Cuniculidae,animal,Mammals
Dasyprocta leporina,red-rumped agouti,Dasyprocta,Dasyproctidae,animal,Mammals
Dasyprocta punctata,Central American agouti,Dasyprocta,Dasyproctidae,animal,Mammals
Myocastor coypus,nutria (coypu),Myocastor,Echimyidae,animal,Mammals
Ondatra zibethicus,muskrat,Ondatra,Cricetidae,animal,Mammals
Castor canadensis,American beaver,Castor,Castoridae,animal,Mammals
Castor fiber,Eurasian beaver,Castor,Castoridae,animal,Mammals
Sciurus carolinensis,eastern grey squirrel,Sciurus,Sciuridae,animal,Mammals
Sciurus niger,fox squirrel,Sciurus,Sciuridae,animal,Mammals
Marmota monax,groundhog,Marmota,Sciuridae,animal,Mammals
Marmota sibirica,Mongolian marmot (tarbagan),Marmota,Sciuridae,animal,Mammals
Thryonomys swinderianus,greater cane rat (grasscutter),Thryonomys,Thryonomyidae,animal,Mammals
Cricetomys gambianus,Gambian pouched rat,Cricetomys,Nesomyidae,animal,Mammals
Rattus argentiventer,ricefield rat,Rattus,Muridae,animal,Mammals
Bandicota bengalensis,lesser bandicoot rat,Bandicota,Muridae,animal,Mammals
Lagostomus maximus,plains viscacha,Lagostomus,Chinchillidae,animal,Mammals
Dinomys branickii,pacarana,Dinomys,Dinomyidae,animal,Mammals
Erethizon dorsatum,North American porcupine,Erethizon,Erethizontidae,animal,Mammals
Hystrix cristata,crested porcupine,Hystrix,Hystricidae,animal,Mammals
Atherurus africanus,African brush-tailed porcupine,Atherurus,Hystricidae,animal,Mammals
Glis glis,edible dormouse,Glis,Gliridae,animal,Mammals
Oryctolagus cuniculus,European rabbit,Oryctolagus,Leporidae,animal,Mammals
Lepus europaeus,European hare,Lepus,Leporidae,animal,Mammals
Lepus timidus,mountain hare,Lepus,Leporidae,animal,Mammals
Lepus americanus,snowshoe hare,Lepus,Leporidae,animal,Mammals
Lepus californicus,black-tailed jackrabbit,Lepus,Leporidae,animal,Mammals
Sylvilagus floridanus,eastern cottontail,Sylvilagus,Leporidae,animal,Mammals
Macropus giganteus,eastern grey kangaroo,Macropus,Macropodidae,animal,Mammals
Osphranter rufus,red kangaroo,Osphranter,Macropodidae,animal,Mammals
Macropus fuliginosus,western grey kangaroo,Macropus,Macropodidae,animal,Mammals
Notamacropus rufogriseus,red-necked wallaby,Notamacropus,Macropodidae,animal,Mammals
Wallabia bicolor,swamp wallaby,Wallabia,Macropodidae,animal,Mammals
Trichosurus vulpecula,common brushtail possum,Trichosurus,Phalangeridae,animal,Mammals
Vombatus ursinus,common wombat,Vombatus,Vombatidae,animal,Mammals
Isoodon macrourus,northern brown bandicoot,Isoodon,Peramelidae,animal,Mammals
Tachyglossus aculeatus,short-beaked echidna,Tachyglossus,Tachyglossidae,animal,Mammals
Dasypus novemcinctus,nine-banded armadillo,Dasypus,Dasypodidae,animal,Mammals
Procavia capensis,rock hyrax,Procavia,Procaviidae,animal,Mammals
Orycteropus afer,aardvark,Orycteropus,Orycteropodidae,animal,Mammals
Pteropus vampyrus,large flying fox,Pteropus,Pteropodidae,animal,Mammals
Pteropus mariannus,Mariana fruit bat,Pteropus,Pteropodidae,animal,Mammals
Eidolon helvum,straw-coloured fruit bat,Eidolon,Pteropodidae,animal,Mammals
Dugong dugon,dugong,Dugong,Dugongidae,animal,Mammals
Matteuccia struthiopteris,ostrich fern (fiddlehead),Matteuccia,Onocleaceae,plant,"Ferns, horsetails and other non-seed plants"
Pteridium aquilinum,bracken (warabi),Pteridium,Dennstaedtiaceae,plant,"Ferns, horsetails and other non-seed plants"
Osmunda japonica,zenmai,Osmunda,Osmundaceae,plant,"Ferns, horsetails and other non-seed plants"
Osmundastrum cinnamomeum,cinnamon fern,Osmundastrum,Osmundaceae,plant,"Ferns, horsetails and other non-seed plants"
Diplazium esculentum,vegetable fern (paco),Diplazium,Athyriaceae,plant,"Ferns, horsetails and other non-seed plants"
Stenochlaena palustris,midin,Stenochlaena,Blechnaceae,plant,"Ferns, horsetails and other non-seed plants"
Ceratopteris thalictroides,water sprite,Ceratopteris,Pteridaceae,plant,"Ferns, horsetails and other non-seed plants"
Marsilea drummondii,nardoo,Marsilea,Marsileaceae,plant,"Ferns, horsetails and other non-seed plants"
Angiopteris evecta,giant fern (starch),Angiopteris,Marattiaceae,plant,"Ferns, horsetails and other non-seed plants"
Equisetum arvense,field horsetail (tsukushi),Equisetum,Equisetaceae,plant,"Ferns, horsetails and other non-seed plants"
Pinus pinea,stone pine (pine nut),Pinus,Pinaceae,plant,Gymnosperms
Pinus koraiensis,Korean pine (pine nut),Pinus,Pinaceae,plant,Gymnosperms
Pinus sibirica,Siberian pine (cedar nut),Pinus,Pinaceae,plant,Gymnosperms
Pinus cembra,Swiss stone pine,Pinus,Pinaceae,plant,Gymnosperms
Pinus gerardiana,chilgoza pine,Pinus,Pinaceae,plant,Gymnosperms
Pinus edulis,Colorado pinyon,Pinus,Pinaceae,plant,Gymnosperms
Pinus monophylla,single-leaf pinyon,Pinus,Pinaceae,plant,Gymnosperms
Pinus armandii,Chinese white pine (nut),Pinus,Pinaceae,plant,Gymnosperms
Pinus sylvestris,"Scots pine (inner bark, needles)",Pinus,Pinaceae,plant,Gymnosperms
Picea glauca,white spruce (tips),Picea,Pinaceae,plant,Gymnosperms
Picea abies,Norway spruce (tips),Picea,Pinaceae,plant,Gymnosperms
Abies balsamea,balsam fir (tips),Abies,Pinaceae,plant,Gymnosperms
Pseudotsuga menziesii,Douglas fir (tips),Pseudotsuga,Pinaceae,plant,Gymnosperms
Larix laricina,tamarack (inner bark),Larix,Pinaceae,plant,Gymnosperms
Araucaria araucana,monkey puzzle (piñón),Araucaria,Araucariaceae,plant,Gymnosperms
Araucaria angustifolia,Paraná pine (pinhão),Araucaria,Araucariaceae,plant,Gymnosperms
Araucaria bidwillii,bunya pine,Araucaria,Araucariaceae,plant,Gymnosperms
Podocarpus macrophyllus,kusamaki (fleshy receptacle),Podocarpus,Podocarpaceae,plant,Gymnosperms
Ginkgo biloba,ginkgo nut,Ginkgo,Ginkgoaceae,plant,Gymnosperms
Juniperus communis,common juniper (berry),Juniperus,Cupressaceae,plant,Gymnosperms
Torreya nucifera,kaya nut,Torreya,Taxaceae,plant,Gymnosperms
Torreya grandis,Chinese torreya nut,Torreya,Taxaceae,plant,Gymnosperms
Gnetum gnemon,melinjo (emping),Gnetum,Gnetaceae,plant,Gymnosperms
Gnetum africanum,eru (okazi leaf),Gnetum,Gnetaceae,plant,Gymnosperms
Ephedra nevadensis,Mormon tea,Ephedra,Ephedraceae,plant,Gymnosperms
Cycas revoluta,sago cycad (processed),Cycas,Cycadaceae,plant,Gymnosperms
Cycas circinalis,queen sago (processed),Cycas,Cycadaceae,plant,Gymnosperms
Dioon edule,chamal (processed),Dioon,Zamiaceae,plant,Gymnosperms
Macrozamia communis,burrawang (processed),Macrozamia,Zamiaceae,plant,Gymnosperms
Zamia integrifolia,coontie (Florida arrowroot),Zamia,Zamiaceae,plant,Gymnosperms
Nymphaea lotus,Egyptian white water lily,Nymphaea,Nymphaeaceae,plant,Basal angiosperms and magnoliids
Nymphaea nouchali,blue water lily (shapla),Nymphaea,Nymphaeaceae,plant,Basal angiosperms and magnoliids
Euryale ferox,fox nut (makhana),Euryale,Nymphaeaceae,plant,Basal angiosperms and magnoliids
Brasenia schreberi,watershield (junsai),Brasenia,Cabombaceae,plant,Basal angiosperms and magnoliids
Nuphar lutea,yellow water lily (seeds),Nuphar,Nymphaeaceae,plant,Basal angiosperms and magnoliids
Illicium verum,star anise,Illicium,Schisandraceae,plant,Basal angiosperms and magnoliids
Schisandra chinensis,five-flavour berry (omija),Schisandra,Schisandraceae,plant,Basal angiosperms and magnoliids
Piper nigrum,black pepper,Piper,Piperaceae,plant,Basal angiosperms and magnoliids
Piper longum,long pepper,Piper,Piperaceae,plant,Basal angiosperms and magnoliids
Piper cubeba,cubeb,Piper,Piperaceae,plant,Basal angiosperms and magnoliids
Piper retrofractum,Javanese long pepper,Piper,Piperaceae,plant,Basal angiosperms and magnoliids
Piper betle,betel leaf,Piper,Piperaceae,plant,Basal angiosperms and magnoliids
Piper methysticum,kava,Piper,Piperaceae,plant,Basal angiosperms and magnoliids
Piper auritum,hoja santa,Piper,Piperaceae,plant,Basal angiosperms and magnoliids
Piper sarmentosum,wild betel (cha phlu),Piper,Piperaceae,plant,Basal angiosperms and magnoliids
Piper guineense,Ashanti pepper (uziza),Piper,Piperaceae,plant,Basal angiosperms and magnoliids
Piper borbonense,voatsiperifery,Piper,Piperaceae,plant,Basal angiosperms and magnoliids
Peperomia pellucida,shiny bush (pansit-pansitan),Peperomia,Piperaceae,plant,Basal angiosperms and magnoliids
Houttuynia cordata,fish mint,Houttuynia,Saururaceae,plant,Basal angiosperms and magnoliids
Persea americana,avocado,Persea,Lauraceae,plant,Basal angiosperms and magnoliids
Persea schiedeana,chinene,Persea,Lauraceae,plant,Basal angiosperms and magnoliids
Cinnamomum verum,Ceylon cinnamon,Cinnamomum,Lauraceae,plant,Basal angiosperms and magnoliids
Cinnamomum cassia,cassia,Cinnamomum,Lauraceae,plant,Basal angiosperms and magnoliids
Cinnamomum burmannii,Indonesian cinnamon,Cinnamomum,Lauraceae,plant,Basal angiosperms and magnoliids
Cinnamomum loureiroi,Saigon cinnamon,Cinnamomum,Lauraceae,plant,Basal angiosperms and magnoliids
Cinnamomum tamala,tejpat (Indian bay),Cinnamomum,Lauraceae,plant,Basal angiosperms and magnoliids
Laurus nobilis,bay laurel,Laurus,Lauraceae,plant,Basal angiosperms and magnoliids
Litsea cubeba,may chang,Litsea,Lauraceae,plant,Basal angiosperms and magnoliids
Lindera benzoin,spicebush,Lindera,Lauraceae,plant,Basal angiosperms and magnoliids
Sassafras albidum,sassafras (filé),Sassafras,Lauraceae,plant,Basal angiosperms and magnoliids
Umbellularia californica,California bay,Umbellularia,Lauraceae,plant,Basal angiosperms and magnoliids
Myristica fragrans,nutmeg / mace,Myristica,Myristicaceae,plant,Basal angiosperms and magnoliids
Myristica argentea,Papuan nutmeg,Myristica,Myristicaceae,plant,Basal angiosperms and magnoliids
Monodora myristica,calabash nutmeg (ehuru),Monodora,Annonaceae,plant,Basal angiosperms and magnoliids
Annona muricata,soursop,Annona,Annonaceae,plant,Basal angiosperms and magnoliids
Annona squamosa,sugar apple,Annona,Annonaceae,plant,Basal angiosperms and magnoliids
Annona cherimola,cherimoya,Annona,Annonaceae,plant,Basal angiosperms and magnoliids
Annona reticulata,custard apple,Annona,Annonaceae,plant,Basal angiosperms and magnoliids
Annona mucosa,biribá,Annona,Annonaceae,plant,Basal angiosperms and magnoliids
Asimina triloba,pawpaw,Asimina,Annonaceae,plant,Basal angiosperms and magnoliids
Xylopia aethiopica,grains of Selim,Xylopia,Annonaceae,plant,Basal angiosperms and magnoliids
Uvaria chamae,finger root (bush banana),Uvaria,Annonaceae,plant,Basal angiosperms and magnoliids
Magnolia grandiflora,southern magnolia (petals),Magnolia,Magnoliaceae,plant,Basal angiosperms and magnoliids
Tasmannia lanceolata,Tasmanian pepperberry,Tasmannia,Winteraceae,plant,Basal angiosperms and magnoliids
Drimys winteri,canelo,Drimys,Winteraceae,plant,Basal angiosperms and magnoliids
Canella winterana,wild cinnamon,Canella,Canellaceae,plant,Basal angiosperms and magnoliids
Warburgia ugandensis,pepper-bark tree,Warburgia,Canellaceae,plant,Basal angiosperms and magnoliids
Peumus boldus,boldo,Peumus,Monimiaceae,plant,Basal angiosperms and magnoliids
Atherosperma moschatum,southern sassafras,Atherosperma,Atherospermataceae,plant,Basal angiosperms and magnoliids
Acorus calamus,sweet flag,Acorus,Acoraceae,plant,Basal angiosperms and magnoliids
Colocasia esculenta,taro,Colocasia,Araceae,plant,"Monocots: aroids, yams, lilies, orchids, asparagus family, alliums"
Wolffia globosa,watermeal (khai-nam),Wolffia,Araceae,plant,"Monocots: aroids, yams, lilies, orchids, asparagus family, alliums"
Xanthosoma sagittifolium,malanga (yautía),Xanthosoma,Araceae,plant,"Monocots: aroids, yams, lilies, orchids, asparagus family, alliums"
Alocasia macrorrhizos,giant taro,Alocasia,Araceae,plant,"Monocots: aroids, yams, lilies, orchids, asparagus family, alliums"
Cyrtosperma merkusii,swamp taro (pulaka),Cyrtosperma,Araceae,plant,"Monocots: aroids, yams, lilies, orchids, asparagus family, alliums"
Amorphophallus konjac,konjac,Amorphophallus,Araceae,plant,"Monocots: aroids, yams, lilies, orchids, asparagus family, alliums"
Amorphophallus paeoniifolius,elephant foot yam,Amorphophallus,Araceae,plant,"Monocots: aroids, yams, lilies, orchids, asparagus family, alliums"
Monstera deliciosa,monstera fruit,Monstera,Araceae,plant,"Monocots: aroids, yams, lilies, orchids, asparagus family, alliums"
Sagittaria sagittifolia,arrowhead (cigu),Sagittaria,Alismataceae,plant,"Monocots: aroids, yams, lilies, orchids, asparagus family, alliums"
Sagittaria latifolia,wapato,Sagittaria,Alismataceae,plant,"Monocots: aroids, yams, lilies, orchids, asparagus family, alliums"
Aponogeton distachyos,waterblommetjie,Aponogeton,Aponogetonaceae,plant,"Monocots: aroids, yams, lilies, orchids, asparagus family, alliums"
Ottelia alismoides,ottelia,Ottelia,Hydrocharitaceae,plant,"Monocots: aroids, yams, lilies, orchids, asparagus family, alliums"
Zostera marina,eelgrass (seeds),Zostera,Zosteraceae,plant,"Monocots: aroids, yams, lilies, orchids, asparagus family, alliums"
Dioscorea alata,greater yam (ube),Dioscorea,Dioscoreaceae,plant,"Monocots: aroids, yams, lilies, orchids, asparagus family, alliums"
Dioscorea rotundata,white Guinea yam,Dioscorea,Dioscoreaceae,plant,"Monocots: aroids, yams, lilies, orchids, asparagus family, alliums"
Dioscorea cayenensis,yellow yam,Dioscorea,Dioscoreaceae,plant,"Monocots: aroids, yams, lilies, orchids, asparagus family, alliums"
Dioscorea esculenta,lesser yam,Dioscorea,Dioscoreaceae,plant,"Monocots: aroids, yams, lilies, orchids, asparagus family, alliums"
Dioscorea bulbifera,air potato,Dioscorea,Dioscoreaceae,plant,"Monocots: aroids, yams, lilies, orchids, asparagus family, alliums"
Dioscorea trifida,cush-cush yam,Dioscorea,Dioscoreaceae,plant,"Monocots: aroids, yams, lilies, orchids, asparagus family, alliums"
Dioscorea japonica,Japanese mountain yam,Dioscorea,Dioscoreaceae,plant,"Monocots: aroids, yams, lilies, orchids, asparagus family, alliums"
Dioscorea polystachya,Chinese yam (nagaimo),Dioscorea,Dioscoreaceae,plant,"Monocots: aroids, yams, lilies, orchids, asparagus family, alliums"
Dioscorea dumetorum,bitter yam,Dioscorea,Dioscoreaceae,plant,"Monocots: aroids, yams, lilies, orchids, asparagus family, alliums"
Tacca leontopetaloides,Polynesian arrowroot,Tacca,Dioscoreaceae,plant,"Monocots: aroids, yams, lilies, orchids, asparagus family, alliums"
Pandanus amaryllifolius,pandan,Pandanus,Pandanaceae,plant,"Monocots: aroids, yams, lilies, orchids, asparagus family, alliums"
Pandanus tectorius,screwpine (hala fruit),Pandanus,Pandanaceae,plant,"Monocots: aroids, yams, lilies, orchids, asparagus family, alliums"
Pandanus conoideus,red fruit (buah merah),Pandanus,Pandanaceae,plant,"Monocots: aroids, yams, lilies, orchids, asparagus family, alliums"
Pandanus julianettii,karuka nut,Pandanus,Pandanaceae,plant,"Monocots: aroids, yams, lilies, orchids, asparagus family, alliums"
Lilium lancifolium,tiger lily bulb,Lilium,Liliaceae,plant,"Monocots: aroids, yams, lilies, orchids, asparagus family, alliums"
Lilium brownii,Brown's lily (bai he),Lilium,Liliaceae,plant,"Monocots: aroids, yams, lilies, orchids, asparagus family, alliums"
Lilium davidii,David's lily bulb,Lilium,Liliaceae,plant,"Monocots: aroids, yams, lilies, orchids, asparagus family, alliums"
Erythronium japonicum,katakuri,Erythronium,Liliaceae,plant,"Monocots: aroids, yams, lilies, orchids, asparagus family, alliums"
Erythronium grandiflorum,glacier lily,Erythronium,Liliaceae,plant,"Monocots: aroids, yams, lilies, orchids, asparagus family, alliums"
Fritillaria camschatcensis,northern rice-root,Fritillaria,Liliaceae,plant,"Monocots: aroids, yams, lilies, orchids, asparagus family, alliums"
Calochortus nuttallii,sego lily,Calochortus,Liliaceae,plant,"Monocots: aroids, yams, lilies, orchids, asparagus family, alliums"
Medeola virginiana,Indian cucumber-root,Medeola,Liliaceae,plant,"Monocots: aroids, yams, lilies, orchids, asparagus family, alliums"
Smilax aspera,rough bindweed (shoots),Smilax,Smilacaceae,plant,"Monocots: aroids, yams, lilies, orchids, asparagus family, alliums"
Smilax china,China root,Smilax,Smilacaceae,plant,"Monocots: aroids, yams, lilies, orchids, asparagus family, alliums"
Smilax ornata,sarsaparilla,Smilax,Smilacaceae,plant,"Monocots: aroids, yams, lilies, orchids, asparagus family, alliums"
Bomarea edulis,salsilla,Bomarea,Alstroemeriaceae,plant,"Monocots: aroids, yams, lilies, orchids, asparagus family, alliums"
Asparagus officinalis,asparagus,Asparagus,Asparagaceae,plant,"Monocots: aroids, yams, lilies, orchids, asparagus family, alliums"
Asparagus acutifolius,wild asparagus,Asparagus,Asparagaceae,plant,"Monocots: aroids, yams, lilies, orchids, asparagus family, alliums"
Asparagus racemosus,shatavari,Asparagus,Asparagaceae,plant,"Monocots: aroids, yams, lilies, orchids, asparagus family, alliums"
Agave tequilana,blue agave,Agave,Asparagaceae,plant,"Monocots: aroids, yams, lilies, orchids, asparagus family, alliums"
Agave americana,century plant (aguamiel),Agave,Asparagaceae,plant,"Monocots: aroids, yams, lilies, orchids, asparagus family, alliums"
Agave salmiana,maguey pulquero,Agave,Asparagaceae,plant,"Monocots: aroids, yams, lilies, orchids, asparagus family, alliums"
Agave angustifolia,espadín (mezcal),Agave,Asparagaceae,plant,"Monocots: aroids, yams, lilies, orchids, asparagus family, alliums"
Yucca baccata,banana yucca,Yucca,Asparagaceae,plant,"Monocots: aroids, yams, lilies, orchids, asparagus family, alliums"
Yucca gigantea,izote (flowers),Yucca,Asparagaceae,plant,"Monocots: aroids, yams, lilies, orchids, asparagus family, alliums"
Camassia quamash,camas,Camassia,Asparagaceae,plant,"Monocots: aroids, yams, lilies, orchids, asparagus family, alliums"
Camassia leichtlinii,great camas,Camassia,Asparagaceae,plant,"Monocots: aroids, yams, lilies, orchids, asparagus family, alliums"
Polygonatum odoratum,Solomon's seal (shoots),Polygonatum,Asparagaceae,plant,"Monocots: aroids, yams, lilies, orchids, asparagus family, alliums"
Maianthemum racemosum,false Solomon's seal (shoots),Maianthemum,Asparagaceae,plant,"Monocots: aroids, yams, lilies, orchids, asparagus family, alliums"
Hosta sieboldiana,urui,Hosta,Asparagaceae,plant,"Monocots: aroids, yams, lilies, orchids, asparagus family, alliums"
Ornithogalum pyrenaicum,Bath asparagus,Ornithogalum,Asparagaceae,plant,"Monocots: aroids, yams, lilies, orchids, asparagus family, alliums"
Leopoldia comosa,lampascioni (tassel hyacinth),Leopoldia,Asparagaceae,plant,"Monocots: aroids, yams, lilies, orchids, asparagus family, alliums"
Cordyline fruticosa,ti (root),Cordyline,Asparagaceae,plant,"Monocots: aroids, yams, lilies, orchids, asparagus family, alliums"
Cordyline australis,cabbage tree,Cordyline,Asparagaceae,plant,"Monocots: aroids, yams, lilies, orchids, asparagus family, alliums"
Chlorophytum borivilianum,safed musli,Chlorophytum,Asparagaceae,plant,"Monocots: aroids, yams, lilies, orchids, asparagus family, alliums"
Allium cepa,onion / shallot,Allium,Amaryllidaceae,plant,"Monocots: aroids, yams, lilies, orchids, asparagus family, alliums"
Allium sativum,garlic,Allium,Amaryllidaceae,plant,"Monocots: aroids, yams, lilies, orchids, asparagus family, alliums"
Allium ampeloprasum,leek / elephant garlic,Allium,Amaryllidaceae,plant,"Monocots: aroids, yams, lilies, orchids, asparagus family, alliums"
Allium schoenoprasum,chives,Allium,Amaryllidaceae,plant,"Monocots: aroids, yams, lilies, orchids, asparagus family, alliums"
Allium fistulosum,Welsh onion (negi),Allium,Amaryllidaceae,plant,"Monocots: aroids, yams, lilies, orchids, asparagus family, alliums"
Allium tuberosum,garlic chives,Allium,Amaryllidaceae,plant,"Monocots: aroids, yams, lilies, orchids, asparagus family, alliums"
Allium chinense,rakkyo,Allium,Amaryllidaceae,plant,"Monocots: aroids, yams, lilies, orchids, asparagus family, alliums"
Allium ursinum,ramsons,Allium,Amaryllidaceae,plant,"Monocots: aroids, yams, lilies, orchids, asparagus family, alliums"
Allium tricoccum,ramps,Allium,Amaryllidaceae,plant,"Monocots: aroids, yams, lilies, orchids, asparagus family, alliums"
Allium victorialis,victory onion,Allium,Amaryllidaceae,plant,"Monocots: aroids, yams, lilies, orchids, asparagus family, alliums"
Allium hookeri,Hooker's chives,Allium,Amaryllidaceae,plant,"Monocots: aroids, yams, lilies, orchids, asparagus family, alliums"
Allium canadense,wild onion,Allium,Amaryllidaceae,plant,"Monocots: aroids, yams, lilies, orchids, asparagus family, alliums"
Allium oschaninii,French grey shallot,Allium,Amaryllidaceae,plant,"Monocots: aroids, yams, lilies, orchids, asparagus family, alliums"
Allium macrostemon,long-stamen chive,Allium,Amaryllidaceae,plant,"Monocots: aroids, yams, lilies, orchids, asparagus family, alliums"
Allium × proliferum,Egyptian walking onion,Allium,Amaryllidaceae,plant,"Monocots: aroids, yams, lilies, orchids, asparagus family, alliums"
Vanilla planifolia,vanilla,Vanilla,Orchidaceae,plant,"Monocots: aroids, yams, lilies, orchids, asparagus family, alliums"
Vanilla tahitensis,Tahitian vanilla,Vanilla,Orchidaceae,plant,"Monocots: aroids, yams, lilies, orchids, asparagus family, alliums"
Vanilla pompona,pompona vanilla,Vanilla,Orchidaceae,plant,"Monocots: aroids, yams, lilies, orchids, asparagus family, alliums"
Orchis mascula,early purple orchid (salep),Orchis,Orchidaceae,plant,"Monocots: aroids, yams, lilies, orchids, asparagus family, alliums"
Dactylorhiza romana,salep orchid,Dactylorhiza,Orchidaceae,plant,"Monocots: aroids, yams, lilies, orchids, asparagus family, alliums"
Gastrodia elata,tianma,Gastrodia,Orchidaceae,plant,"Monocots: aroids, yams, lilies, orchids, asparagus family, alliums"
Dendrobium officinale,tie pi shi hu,Dendrobium,Orchidaceae,plant,"Monocots: aroids, yams, lilies, orchids, asparagus family, alliums"
Satyrium buchananii,chikanda orchid,Satyrium,Orchidaceae,plant,"Monocots: aroids, yams, lilies, orchids, asparagus family, alliums"
Disa robusta,chikanda orchid (Disa),Disa,Orchidaceae,plant,"Monocots: aroids, yams, lilies, orchids, asparagus family, alliums"
Crocus sativus,saffron,Crocus,Iridaceae,plant,"Monocots: aroids, yams, lilies, orchids, asparagus family, alliums"
Gladiolus dalenii,natal lily (corm),Gladiolus,Iridaceae,plant,"Monocots: aroids, yams, lilies, orchids, asparagus family, alliums"
Aloe vera,aloe vera,Aloe,Asphodelaceae,plant,"Monocots: aroids, yams, lilies, orchids, asparagus family, alliums"
Aloe ferox,Cape aloe,Aloe,Asphodelaceae,plant,"Monocots: aroids, yams, lilies, orchids, asparagus family, alliums"
Hemerocallis fulva,daylily,Hemerocallis,Asphodelaceae,plant,"Monocots: aroids, yams, lilies, orchids, asparagus family, alliums"
Hemerocallis citrina,citron daylily (huang hua cai),Hemerocallis,Asphodelaceae,plant,"Monocots: aroids, yams, lilies, orchids, asparagus family, alliums"
Eremurus spectabilis,foxtail lily (shoots),Eremurus,Asphodelaceae,plant,"Monocots: aroids, yams, lilies, orchids, asparagus family, alliums"
Asphodelus ramosus,asphodel (tubers),Asphodelus,Asphodelaceae,plant,"Monocots: aroids, yams, lilies, orchids, asparagus family, alliums"
Dianella caerulea,blue flax-lily (berries),Dianella,Asphodelaceae,plant,"Monocots: aroids, yams, lilies, orchids, asparagus family, alliums"
Curculigo latifolia,lumbah (curculin),Curculigo,Hypoxidaceae,plant,"Monocots: aroids, yams, lilies, orchids, asparagus family, alliums"
Cocos nucifera,coconut,Cocos,Arecaceae,plant,Monocots: palms
Phoenix dactylifera,date palm,Phoenix,Arecaceae,plant,Monocots: palms
Phoenix sylvestris,wild date palm (jaggery),Phoenix,Arecaceae,plant,Monocots: palms
Elaeis guineensis,African oil palm,Elaeis,Arecaceae,plant,Monocots: palms
Elaeis oleifera,American oil palm,Elaeis,Arecaceae,plant,Monocots: palms
Metroxylon sagu,sago palm,Metroxylon,Arecaceae,plant,Monocots: palms
Arenga pinnata,sugar palm (kolang kaling),Arenga,Arecaceae,plant,Monocots: palms
Borassus flabellifer,"palmyra palm (toddy, nungu)",Borassus,Arecaceae,plant,Monocots: palms
Borassus aethiopum,African palmyra,Borassus,Arecaceae,plant,Monocots: palms
Nypa fruticans,nipa palm (attap),Nypa,Arecaceae,plant,Monocots: palms
Caryota urens,kitul (fishtail palm),Caryota,Arecaceae,plant,Monocots: palms
Salacca zalacca,salak (snake fruit),Salacca,Arecaceae,plant,Monocots: palms
Salacca wallichiana,rakum,Salacca,Arecaceae,plant,Monocots: palms
Bactris gasipaes,peach palm (pejibaye),Bactris,Arecaceae,plant,Monocots: palms
Euterpe oleracea,açaí,Euterpe,Arecaceae,plant,Monocots: palms
Euterpe edulis,juçara (palm heart),Euterpe,Arecaceae,plant,Monocots: palms
Euterpe precatoria,açaí-do-amazonas,Euterpe,Arecaceae,plant,Monocots: palms
Mauritia flexuosa,buriti (moriche),Mauritia,Arecaceae,plant,Monocots: palms
Oenocarpus bataua,patauá,Oenocarpus,Arecaceae,plant,Monocots: palms
Astrocaryum aculeatum,tucumã,Astrocaryum,Arecaceae,plant,Monocots: palms
Astrocaryum vulgare,awarra,Astrocaryum,Arecaceae,plant,Monocots: palms
Attalea speciosa,babassu,Attalea,Arecaceae,plant,Monocots: palms
Attalea maripa,inajá,Attalea,Arecaceae,plant,Monocots: palms
Acrocomia aculeata,macaúba (coyol),Acrocomia,Arecaceae,plant,Monocots: palms
Butia capitata,jelly palm,Butia,Arecaceae,plant,Monocots: palms
Jubaea chilensis,Chilean wine palm (coquito),Jubaea,Arecaceae,plant,Monocots: palms
Hyphaene thebaica,doum palm,Hyphaene,Arecaceae,plant,Monocots: palms
Roystonea regia,royal palm (heart),Roystonea,Arecaceae,plant,Monocots: palms
Sabal palmetto,cabbage palmetto,Sabal,Arecaceae,plant,Monocots: palms
Serenoa repens,saw palmetto,Serenoa,Arecaceae,plant,Monocots: palms
Washingtonia filifera,California fan palm (fruit),Washingtonia,Arecaceae,plant,Monocots: palms
Chamaerops humilis,dwarf fan palm,Chamaerops,Arecaceae,plant,Monocots: palms
Calamus tenuis,rattan (shoots),Calamus,Arecaceae,plant,Monocots: palms
Corypha utan,gebang palm (sago),Corypha,Arecaceae,plant,Monocots: palms
Raphia hookeri,raffia palm (palm wine),Raphia,Arecaceae,plant,Monocots: palms
Areca catechu,areca nut,Areca,Arecaceae,plant,Monocots: palms
Syagrus coronata,licuri,Syagrus,Arecaceae,plant,Monocots: palms
Syagrus romanzoffiana,queen palm,Syagrus,Arecaceae,plant,Monocots: palms
Parajubaea cocoides,chonta (coco cumbi),Parajubaea,Arecaceae,plant,Monocots: palms
Brahea edulis,Guadalupe palm,Brahea,Arecaceae,plant,Monocots: palms
Chamaedorea tepejilote,pacaya,Chamaedorea,Arecaceae,plant,Monocots: palms
Prestoea acuminata,palmito (mountain cabbage),Prestoea,Arecaceae,plant,Monocots: palms
Eugeissona utilis,wild Bornean sago,Eugeissona,Arecaceae,plant,Monocots: palms
Livistona australis,cabbage-tree palm,Livistona,Arecaceae,plant,Monocots: palms
Musa acuminata,banana (acuminata),Musa,Musaceae,plant,"Monocots: gingers, bananas, arrowroots, spiderworts"
Musa balbisiana,banana (balbisiana),Musa,Musaceae,plant,"Monocots: gingers, bananas, arrowroots, spiderworts"
Musa × paradisiaca,plantain / banana hybrids,Musa,Musaceae,plant,"Monocots: gingers, bananas, arrowroots, spiderworts"
Ensete ventricosum,enset,Ensete,Musaceae,plant,"Monocots: gingers, bananas, arrowroots, spiderworts"
Zingiber officinale,ginger,Zingiber,Zingiberaceae,plant,"Monocots: gingers, bananas, arrowroots, spiderworts"
Zingiber mioga,myoga,Zingiber,Zingiberaceae,plant,"Monocots: gingers, bananas, arrowroots, spiderworts"
Zingiber zerumbet,shampoo ginger (awapuhi),Zingiber,Zingiberaceae,plant,"Monocots: gingers, bananas, arrowroots, spiderworts"
Zingiber montanum,cassumunar ginger,Zingiber,Zingiberaceae,plant,"Monocots: gingers, bananas, arrowroots, spiderworts"
Curcuma longa,turmeric,Curcuma,Zingiberaceae,plant,"Monocots: gingers, bananas, arrowroots, spiderworts"
Curcuma zedoaria,zedoary,Curcuma,Zingiberaceae,plant,"Monocots: gingers, bananas, arrowroots, spiderworts"
Curcuma amada,mango ginger,Curcuma,Zingiberaceae,plant,"Monocots: gingers, bananas, arrowroots, spiderworts"
Curcuma zanthorrhiza,temulawak,Curcuma,Zingiberaceae,plant,"Monocots: gingers, bananas, arrowroots, spiderworts"
Curcuma aromatica,wild turmeric,Curcuma,Zingiberaceae,plant,"Monocots: gingers, bananas, arrowroots, spiderworts"
Curcuma caesia,black turmeric,Curcuma,Zingiberaceae,plant,"Monocots: gingers, bananas, arrowroots, spiderworts"
Curcuma angustifolia,East Indian arrowroot,Curcuma,Zingiberaceae,plant,"Monocots: gingers, bananas, arrowroots, spiderworts"
Elettaria cardamomum,green cardamom,Elettaria,Zingiberaceae,plant,"Monocots: gingers, bananas, arrowroots, spiderworts"
Amomum subulatum,black cardamom,Amomum,Zingiberaceae,plant,"Monocots: gingers, bananas, arrowroots, spiderworts"
Lanxangia tsaoko,tsaoko (cao guo),Lanxangia,Zingiberaceae,plant,"Monocots: gingers, bananas, arrowroots, spiderworts"
Aframomum melegueta,grains of paradise,Aframomum,Zingiberaceae,plant,"Monocots: gingers, bananas, arrowroots, spiderworts"
Aframomum corrorima,Ethiopian cardamom (korerima),Aframomum,Zingiberaceae,plant,"Monocots: gingers, bananas, arrowroots, spiderworts"
Aframomum daniellii,bastard melegueta,Aframomum,Zingiberaceae,plant,"Monocots: gingers, bananas, arrowroots, spiderworts"
Alpinia galanga,greater galangal,Alpinia,Zingiberaceae,plant,"Monocots: gingers, bananas, arrowroots, spiderworts"
Alpinia officinarum,lesser galangal,Alpinia,Zingiberaceae,plant,"Monocots: gingers, bananas, arrowroots, spiderworts"
Alpinia zerumbet,shell ginger (leaves),Alpinia,Zingiberaceae,plant,"Monocots: gingers, bananas, arrowroots, spiderworts"
Kaempferia galanga,kencur,Kaempferia,Zingiberaceae,plant,"Monocots: gingers, bananas, arrowroots, spiderworts"
Kaempferia parviflora,black ginger,Kaempferia,Zingiberaceae,plant,"Monocots: gingers, bananas, arrowroots, spiderworts"
Boesenbergia rotunda,fingerroot (krachai),Boesenbergia,Zingiberaceae,plant,"Monocots: gingers, bananas, arrowroots, spiderworts"
Etlingera elatior,torch ginger,Etlingera,Zingiberaceae,plant,"Monocots: gingers, bananas, arrowroots, spiderworts"
Hedychium coronarium,white ginger lily (flowers),Hedychium,Zingiberaceae,plant,"Monocots: gingers, bananas, arrowroots, spiderworts"
Hellenia speciosa,crepe ginger,Hellenia,Costaceae,plant,"Monocots: gingers, bananas, arrowroots, spiderworts"
Maranta arundinacea,arrowroot,Maranta,Marantaceae,plant,"Monocots: gingers, bananas, arrowroots, spiderworts"
Goeppertia allouia,lerén (Guinea arrowroot),Goeppertia,Marantaceae,plant,"Monocots: gingers, bananas, arrowroots, spiderworts"
Thaumatococcus daniellii,katemfe (thaumatin),Thaumatococcus,Marantaceae,plant,"Monocots: gingers, bananas, arrowroots, spiderworts"
Canna indica,achira (Queensland arrowroot),Canna,Cannaceae,plant,"Monocots: gingers, bananas, arrowroots, spiderworts"
Commelina communis,Asiatic dayflower,Commelina,Commelinaceae,plant,"Monocots: gingers, bananas, arrowroots, spiderworts"
Commelina benghalensis,Benghal dayflower,Commelina,Commelinaceae,plant,"Monocots: gingers, bananas, arrowroots, spiderworts"
Monochoria vaginalis,heartshape false pickerelweed,Monochoria,Pontederiaceae,plant,"Monocots: gingers, bananas, arrowroots, spiderworts"
Oryza sativa,rice,Oryza,Poaceae,plant,"Monocots: grasses, sedges, cattails, bromeliads"
Oryza glaberrima,African rice,Oryza,Poaceae,plant,"Monocots: grasses, sedges, cattails, bromeliads"
Zizania palustris,wild rice (northern),Zizania,Poaceae,plant,"Monocots: grasses, sedges, cattails, bromeliads"
Zizania aquatica,wild rice (southern),Zizania,Poaceae,plant,"Monocots: grasses, sedges, cattails, bromeliads"
Zizania latifolia,Manchurian wild rice (jiaobai),Zizania,Poaceae,plant,"Monocots: grasses, sedges, cattails, bromeliads"
Triticum aestivum,bread wheat,Triticum,Poaceae,plant,"Monocots: grasses, sedges, cattails, bromeliads"
Triticum turgidum,durum / emmer,Triticum,Poaceae,plant,"Monocots: grasses, sedges, cattails, bromeliads"
Triticum spelta,spelt,Triticum,Poaceae,plant,"Monocots: grasses, sedges, cattails, bromeliads"
Triticum monococcum,einkorn,Triticum,Poaceae,plant,"Monocots: grasses, sedges, cattails, bromeliads"
Triticum turanicum,khorasan wheat,Triticum,Poaceae,plant,"Monocots: grasses, sedges, cattails, bromeliads"
Triticum timopheevii,Timopheev's wheat,Triticum,Poaceae,plant,"Monocots: grasses, sedges, cattails, bromeliads"
× Triticosecale,triticale,Triticosecale,Poaceae,plant,"Monocots: grasses, sedges, cattails, bromeliads"
Secale cereale,rye,Secale,Poaceae,plant,"Monocots: grasses, sedges, cattails, bromeliads"
Hordeum vulgare,barley,Hordeum,Poaceae,plant,"Monocots: grasses, sedges, cattails, bromeliads"
Avena sativa,oat,Avena,Poaceae,plant,"Monocots: grasses, sedges, cattails, bromeliads"
Avena byzantina,red oat,Avena,Poaceae,plant,"Monocots: grasses, sedges, cattails, bromeliads"
Avena abyssinica,Ethiopian oat,Avena,Poaceae,plant,"Monocots: grasses, sedges, cattails, bromeliads"
Thinopyrum intermedium,Kernza (intermediate wheatgrass),Thinopyrum,Poaceae,plant,"Monocots: grasses, sedges, cattails, bromeliads"
Zea mays,maize,Zea,Poaceae,plant,"Monocots: grasses, sedges, cattails, bromeliads"
Sorghum bicolor,sorghum,Sorghum,Poaceae,plant,"Monocots: grasses, sedges, cattails, bromeliads"
Cenchrus americanus,pearl millet,Cenchrus,Poaceae,plant,"Monocots: grasses, sedges, cattails, bromeliads"
Eleusine coracana,finger millet,Eleusine,Poaceae,plant,"Monocots: grasses, sedges, cattails, bromeliads"
Panicum miliaceum,proso millet,Panicum,Poaceae,plant,"Monocots: grasses, sedges, cattails, bromeliads"
Panicum sumatrense,little millet,Panicum,Poaceae,plant,"Monocots: grasses, sedges, cattails, bromeliads"
Setaria italica,foxtail millet,Setaria,Poaceae,plant,"Monocots: grasses, sedges, cattails, bromeliads"
Echinochloa esculenta,Japanese barnyard millet,Echinochloa,Poaceae,plant,"Monocots: grasses, sedges, cattails, bromeliads"
Echinochloa frumentacea,Indian barnyard millet,Echinochloa,Poaceae,plant,"Monocots: grasses, sedges, cattails, bromeliads"
Paspalum scrobiculatum,kodo millet,Paspalum,Poaceae,plant,"Monocots: grasses, sedges, cattails, bromeliads"
Brachiaria deflexa,Guinea millet,Brachiaria,Poaceae,plant,"Monocots: grasses, sedges, cattails, bromeliads"
Digitaria exilis,fonio,Digitaria,Poaceae,plant,"Monocots: grasses, sedges, cattails, bromeliads"
Digitaria iburua,black fonio,Digitaria,Poaceae,plant,"Monocots: grasses, sedges, cattails, bromeliads"
Eragrostis tef,teff,Eragrostis,Poaceae,plant,"Monocots: grasses, sedges, cattails, bromeliads"
Coix lacryma-jobi,Job's tears,Coix,Poaceae,plant,"Monocots: grasses, sedges, cattails, bromeliads"
Saccharum officinarum,sugarcane,Saccharum,Poaceae,plant,"Monocots: grasses, sedges, cattails, bromeliads"
Saccharum edule,duruka (pitpit),Saccharum,Poaceae,plant,"Monocots: grasses, sedges, cattails, bromeliads"
Bambusa vulgaris,common bamboo (shoots),Bambusa,Poaceae,plant,"Monocots: grasses, sedges, cattails, bromeliads"
Bambusa oldhamii,Oldham's bamboo (shoots),Bambusa,Poaceae,plant,"Monocots: grasses, sedges, cattails, bromeliads"
Bambusa tulda,Bengal bamboo (shoots),Bambusa,Poaceae,plant,"Monocots: grasses, sedges, cattails, bromeliads"
Dendrocalamus asper,giant bamboo (shoots),Dendrocalamus,Poaceae,plant,"Monocots: grasses, sedges, cattails, bromeliads"
Dendrocalamus latiflorus,Taiwan giant bamboo (shoots),Dendrocalamus,Poaceae,plant,"Monocots: grasses, sedges, cattails, bromeliads"
Dendrocalamus hamiltonii,Hamilton's bamboo (shoots),Dendrocalamus,Poaceae,plant,"Monocots: grasses, sedges, cattails, bromeliads"
Phyllostachys edulis,moso bamboo (shoots),Phyllostachys,Poaceae,plant,"Monocots: grasses, sedges, cattails, bromeliads"
Phyllostachys bambusoides,madake (shoots),Phyllostachys,Poaceae,plant,"Monocots: grasses, sedges, cattails, bromeliads"
Phyllostachys dulcis,sweetshoot bamboo,Phyllostachys,Poaceae,plant,"Monocots: grasses, sedges, cattails, bromeliads"
Phyllostachys nigra,black bamboo (shoots),Phyllostachys,Poaceae,plant,"Monocots: grasses, sedges, cattails, bromeliads"
Phyllostachys praecox,early bamboo (shoots),Phyllostachys,Poaceae,plant,"Monocots: grasses, sedges, cattails, bromeliads"
Gigantochloa levis,bolo bamboo (shoots),Gigantochloa,Poaceae,plant,"Monocots: grasses, sedges, cattails, bromeliads"
Melocanna baccifera,muli bamboo (bamboo rice),Melocanna,Poaceae,plant,"Monocots: grasses, sedges, cattails, bromeliads"
Cymbopogon citratus,lemongrass,Cymbopogon,Poaceae,plant,"Monocots: grasses, sedges, cattails, bromeliads"
Cymbopogon flexuosus,East Indian lemongrass,Cymbopogon,Poaceae,plant,"Monocots: grasses, sedges, cattails, bromeliads"
Chrysopogon zizanioides,vetiver,Chrysopogon,Poaceae,plant,"Monocots: grasses, sedges, cattails, bromeliads"
Anthoxanthum nitens,sweetgrass (żubrówka),Anthoxanthum,Poaceae,plant,"Monocots: grasses, sedges, cattails, bromeliads"
Glyceria fluitans,floating sweet-grass (manna),Glyceria,Poaceae,plant,"Monocots: grasses, sedges, cattails, bromeliads"
Eriocoma hymenoides,Indian ricegrass,Eriocoma,Poaceae,plant,"Monocots: grasses, sedges, cattails, bromeliads"
Phragmites australis,"common reed (shoots, manna)",Phragmites,Poaceae,plant,"Monocots: grasses, sedges, cattails, bromeliads"
Elymus repens,couch grass (rhizome),Elymus,Poaceae,plant,"Monocots: grasses, sedges, cattails, bromeliads"
Ananas comosus,pineapple,Ananas,Bromeliaceae,plant,"Monocots: grasses, sedges, cattails, bromeliads"
Bromelia pinguin,piñuela,Bromelia,Bromeliaceae,plant,"Monocots: grasses, sedges, cattails, bromeliads"
Bromelia karatas,karatas,Bromelia,Bromeliaceae,plant,"Monocots: grasses, sedges, cattails, bromeliads"
Greigia sphacelata,chupón,Greigia,Bromeliaceae,plant,"Monocots: grasses, sedges, cattails, bromeliads"
Puya chilensis,chagual (shoots),Puya,Bromeliaceae,plant,"Monocots: grasses, sedges, cattails, bromeliads"
Cyperus esculentus,tiger nut (chufa),Cyperus,Cyperaceae,plant,"Monocots: grasses, sedges, cattails, bromeliads"
Eleocharis dulcis,Chinese water chestnut,Eleocharis,Cyperaceae,plant,"Monocots: grasses, sedges, cattails, bromeliads"
Cyperus rotundus,nut grass (tubers),Cyperus,Cyperaceae,plant,"Monocots: grasses, sedges, cattails, bromeliads"
Schoenoplectus acutus,"tule (rhizome, pollen)",Schoenoplectus,Cyperaceae,plant,"Monocots: grasses, sedges, cattails, bromeliads"
Bolboschoenus maritimus,sea clubrush (tubers),Bolboschoenus,Cyperaceae,plant,"Monocots: grasses, sedges, cattails, bromeliads"
Cyperus papyrus,papyrus (pith),Cyperus,Cyperaceae,plant,"Monocots: grasses, sedges, cattails, bromeliads"
Typha latifolia,broadleaf cattail,Typha,Typhaceae,plant,"Monocots: grasses, sedges, cattails, bromeliads"
Typha angustifolia,narrowleaf cattail,Typha,Typhaceae,plant,"Monocots: grasses, sedges, cattails, bromeliads"
Typha domingensis,southern cattail,Typha,Typhaceae,plant,"Monocots: grasses, sedges, cattails, bromeliads"
Papaver somniferum,opium poppy (seed),Papaver,Papaveraceae,plant,"Eudicots: buttercups, poppies, lotus, proteas, gunnera, saxifrages, grapes"
Papaver rhoeas,"corn poppy (petals, greens)",Papaver,Papaveraceae,plant,"Eudicots: buttercups, poppies, lotus, proteas, gunnera, saxifrages, grapes"
Nigella sativa,black seed (kalonji),Nigella,Ranunculaceae,plant,"Eudicots: buttercups, poppies, lotus, proteas, gunnera, saxifrages, grapes"
Caltha palustris,marsh marigold (cooked),Caltha,Ranunculaceae,plant,"Eudicots: buttercups, poppies, lotus, proteas, gunnera, saxifrages, grapes"
Berberis vulgaris,barberry (zereshk),Berberis,Berberidaceae,plant,"Eudicots: buttercups, poppies, lotus, proteas, gunnera, saxifrages, grapes"
Berberis aquifolium,Oregon grape,Berberis,Berberidaceae,plant,"Eudicots: buttercups, poppies, lotus, proteas, gunnera, saxifrages, grapes"
Podophyllum peltatum,mayapple (ripe fruit),Podophyllum,Berberidaceae,plant,"Eudicots: buttercups, poppies, lotus, proteas, gunnera, saxifrages, grapes"
Akebia quinata,akebia (chocolate vine),Akebia,Lardizabalaceae,plant,"Eudicots: buttercups, poppies, lotus, proteas, gunnera, saxifrages, grapes"
Akebia trifoliata,three-leaf akebia,Akebia,Lardizabalaceae,plant,"Eudicots: buttercups, poppies, lotus, proteas, gunnera, saxifrages, grapes"
Stauntonia hexaphylla,mube,Stauntonia,Lardizabalaceae,plant,"Eudicots: buttercups, poppies, lotus, proteas, gunnera, saxifrages, grapes"
Decaisnea insignis,blue sausage fruit,Decaisnea,Lardizabalaceae,plant,"Eudicots: buttercups, poppies, lotus, proteas, gunnera, saxifrages, grapes"
Nelumbo nucifera,"lotus (root, seed)",Nelumbo,Nelumbonaceae,plant,"Eudicots: buttercups, poppies, lotus, proteas, gunnera, saxifrages, grapes"
Nelumbo lutea,American lotus,Nelumbo,Nelumbonaceae,plant,"Eudicots: buttercups, poppies, lotus, proteas, gunnera, saxifrages, grapes"
Macadamia integrifolia,macadamia,Macadamia,Proteaceae,plant,"Eudicots: buttercups, poppies, lotus, proteas, gunnera, saxifrages, grapes"
Macadamia tetraphylla,rough-shelled macadamia,Macadamia,Proteaceae,plant,"Eudicots: buttercups, poppies, lotus, proteas, gunnera, saxifrages, grapes"
Gevuina avellana,Chilean hazelnut,Gevuina,Proteaceae,plant,"Eudicots: buttercups, poppies, lotus, proteas, gunnera, saxifrages, grapes"
Persoonia pinifolia,geebung,Persoonia,Proteaceae,plant,"Eudicots: buttercups, poppies, lotus, proteas, gunnera, saxifrages, grapes"
Hicksbeachia pinnatifolia,red bopple nut,Hicksbeachia,Proteaceae,plant,"Eudicots: buttercups, poppies, lotus, proteas, gunnera, saxifrages, grapes"
Brabejum stellatifolium,wild almond (processed),Brabejum,Proteaceae,plant,"Eudicots: buttercups, poppies, lotus, proteas, gunnera, saxifrages, grapes"
Gunnera tinctoria,nalca (Chilean rhubarb),Gunnera,Gunneraceae,plant,"Eudicots: buttercups, poppies, lotus, proteas, gunnera, saxifrages, grapes"
Dillenia indica,elephant apple,Dillenia,Dilleniaceae,plant,"Eudicots: buttercups, poppies, lotus, proteas, gunnera, saxifrages, grapes"
Dillenia philippinensis,katmon,Dillenia,Dilleniaceae,plant,"Eudicots: buttercups, poppies, lotus, proteas, gunnera, saxifrages, grapes"
Ribes nigrum,blackcurrant,Ribes,Grossulariaceae,plant,"Eudicots: buttercups, poppies, lotus, proteas, gunnera, saxifrages, grapes"
Ribes rubrum,redcurrant,Ribes,Grossulariaceae,plant,"Eudicots: buttercups, poppies, lotus, proteas, gunnera, saxifrages, grapes"
Ribes uva-crispa,gooseberry,Ribes,Grossulariaceae,plant,"Eudicots: buttercups, poppies, lotus, proteas, gunnera, saxifrages, grapes"
Ribes hirtellum,American gooseberry,Ribes,Grossulariaceae,plant,"Eudicots: buttercups, poppies, lotus, proteas, gunnera, saxifrages, grapes"
Ribes aureum,golden currant,Ribes,Grossulariaceae,plant,"Eudicots: buttercups, poppies, lotus, proteas, gunnera, saxifrages, grapes"
Ribes × nidigrolaria,jostaberry,Ribes,Grossulariaceae,plant,"Eudicots: buttercups, poppies, lotus, proteas, gunnera, saxifrages, grapes"
Ribes divaricatum,coastal black gooseberry,Ribes,Grossulariaceae,plant,"Eudicots: buttercups, poppies, lotus, proteas, gunnera, saxifrages, grapes"
Rhodiola rosea,roseroot,Rhodiola,Crassulaceae,plant,"Eudicots: buttercups, poppies, lotus, proteas, gunnera, saxifrages, grapes"
Hylotelephium telephium,orpine (leaves),Hylotelephium,Crassulaceae,plant,"Eudicots: buttercups, poppies, lotus, proteas, gunnera, saxifrages, grapes"
Umbilicus rupestris,navelwort,Umbilicus,Crassulaceae,plant,"Eudicots: buttercups, poppies, lotus, proteas, gunnera, saxifrages, grapes"
Hydrangea serrata,amacha (sweet tea),Hydrangea,Hydrangeaceae,plant,"Eudicots: buttercups, poppies, lotus, proteas, gunnera, saxifrages, grapes"
Chrysosplenium alternifolium,golden saxifrage,Chrysosplenium,Saxifragaceae,plant,"Eudicots: buttercups, poppies, lotus, proteas, gunnera, saxifrages, grapes"
Cynomorium coccineum,Maltese fungus,Cynomorium,Cynomoriaceae,plant,"Eudicots: buttercups, poppies, lotus, proteas, gunnera, saxifrages, grapes"
Vitis vinifera,grape,Vitis,Vitaceae,plant,"Eudicots: buttercups, poppies, lotus, proteas, gunnera, saxifrages, grapes"
Vitis labrusca,fox grape (Concord),Vitis,Vitaceae,plant,"Eudicots: buttercups, poppies, lotus, proteas, gunnera, saxifrages, grapes"
Vitis rotundifolia,muscadine,Vitis,Vitaceae,plant,"Eudicots: buttercups, poppies, lotus, proteas, gunnera, saxifrages, grapes"
Vitis riparia,riverbank grape,Vitis,Vitaceae,plant,"Eudicots: buttercups, poppies, lotus, proteas, gunnera, saxifrages, grapes"
Vitis aestivalis,summer grape,Vitis,Vitaceae,plant,"Eudicots: buttercups, poppies, lotus, proteas, gunnera, saxifrages, grapes"
Vitis amurensis,Amur grape,Vitis,Vitaceae,plant,"Eudicots: buttercups, poppies, lotus, proteas, gunnera, saxifrages, grapes"
Vitis coignetiae,crimson glory vine (yamabudo),Vitis,Vitaceae,plant,"Eudicots: buttercups, poppies, lotus, proteas, gunnera, saxifrages, grapes"
Cissus quadrangularis,veldt grape (stems),Cissus,Vitaceae,plant,"Eudicots: buttercups, poppies, lotus, proteas, gunnera, saxifrages, grapes"
Balanites aegyptiaca,desert date,Balanites,Zygophyllaceae,plant,"Eudicots: buttercups, poppies, lotus, proteas, gunnera, saxifrages, grapes"
Catha edulis,khat,Catha,Celastraceae,plant,"Eudicots: buttercups, poppies, lotus, proteas, gunnera, saxifrages, grapes"
Averrhoa carambola,starfruit,Averrhoa,Oxalidaceae,plant,"Eudicots: oxalis, starfruit, cassava, passionfruit, mangosteen, willow, spurge relatives"
Averrhoa bilimbi,bilimbi,Averrhoa,Oxalidaceae,plant,"Eudicots: oxalis, starfruit, cassava, passionfruit, mangosteen, willow, spurge relatives"
Oxalis tuberosa,oca,Oxalis,Oxalidaceae,plant,"Eudicots: oxalis, starfruit, cassava, passionfruit, mangosteen, willow, spurge relatives"
Oxalis acetosella,wood sorrel,Oxalis,Oxalidaceae,plant,"Eudicots: oxalis, starfruit, cassava, passionfruit, mangosteen, willow, spurge relatives"
Oxalis stricta,yellow wood sorrel,Oxalis,Oxalidaceae,plant,"Eudicots: oxalis, starfruit, cassava, passionfruit, mangosteen, willow, spurge relatives"
Oxalis pes-caprae,Bermuda buttercup (sour grass),Oxalis,Oxalidaceae,plant,"Eudicots: oxalis, starfruit, cassava, passionfruit, mangosteen, willow, spurge relatives"
Elaeocarpus serratus,Ceylon olive,Elaeocarpus,Elaeocarpaceae,plant,"Eudicots: oxalis, starfruit, cassava, passionfruit, mangosteen, willow, spurge relatives"
Elaeocarpus bancroftii,Kuranda quandong,Elaeocarpus,Elaeocarpaceae,plant,"Eudicots: oxalis, starfruit, cassava, passionfruit, mangosteen, willow, spurge relatives"
Davidsonia pruriens,Davidson's plum,Davidsonia,Cunoniaceae,plant,"Eudicots: oxalis, starfruit, cassava, passionfruit, mangosteen, willow, spurge relatives"
Davidsonia jerseyana,Davidson's plum (NSW),Davidsonia,Cunoniaceae,plant,"Eudicots: oxalis, starfruit, cassava, passionfruit, mangosteen, willow, spurge relatives"
Manihot esculenta,cassava,Manihot,Euphorbiaceae,plant,"Eudicots: oxalis, starfruit, cassava, passionfruit, mangosteen, willow, spurge relatives"
Plukenetia volubilis,sacha inchi,Plukenetia,Euphorbiaceae,plant,"Eudicots: oxalis, starfruit, cassava, passionfruit, mangosteen, willow, spurge relatives"
Aleurites moluccanus,candlenut,Aleurites,Euphorbiaceae,plant,"Eudicots: oxalis, starfruit, cassava, passionfruit, mangosteen, willow, spurge relatives"
Cnidoscolus aconitifolius,chaya,Cnidoscolus,Euphorbiaceae,plant,"Eudicots: oxalis, starfruit, cassava, passionfruit, mangosteen, willow, spurge relatives"
Ricinodendron heudelotii,njangsa,Ricinodendron,Euphorbiaceae,plant,"Eudicots: oxalis, starfruit, cassava, passionfruit, mangosteen, willow, spurge relatives"
Tetracarpidium conophorum,African walnut (conophor),Tetracarpidium,Euphorbiaceae,plant,"Eudicots: oxalis, starfruit, cassava, passionfruit, mangosteen, willow, spurge relatives"
Sauropus androgynus,katuk (sweet leaf),Sauropus,Phyllanthaceae,plant,"Eudicots: oxalis, starfruit, cassava, passionfruit, mangosteen, willow, spurge relatives"
Phyllanthus emblica,amla,Phyllanthus,Phyllanthaceae,plant,"Eudicots: oxalis, starfruit, cassava, passionfruit, mangosteen, willow, spurge relatives"
Phyllanthus acidus,Otaheite gooseberry,Phyllanthus,Phyllanthaceae,plant,"Eudicots: oxalis, starfruit, cassava, passionfruit, mangosteen, willow, spurge relatives"
Antidesma bunius,bignay,Antidesma,Phyllanthaceae,plant,"Eudicots: oxalis, starfruit, cassava, passionfruit, mangosteen, willow, spurge relatives"
Baccaurea motleyana,rambai,Baccaurea,Phyllanthaceae,plant,"Eudicots: oxalis, starfruit, cassava, passionfruit, mangosteen, willow, spurge relatives"
Baccaurea ramiflora,Burmese grape,Baccaurea,Phyllanthaceae,plant,"Eudicots: oxalis, starfruit, cassava, passionfruit, mangosteen, willow, spurge relatives"
Baccaurea angulata,belimbing hutan,Baccaurea,Phyllanthaceae,plant,"Eudicots: oxalis, starfruit, cassava, passionfruit, mangosteen, willow, spurge relatives"
Uapaca kirkiana,masuku (wild loquat),Uapaca,Phyllanthaceae,plant,"Eudicots: oxalis, starfruit, cassava, passionfruit, mangosteen, willow, spurge relatives"
Passiflora edulis,passion fruit,Passiflora,Passifloraceae,plant,"Eudicots: oxalis, starfruit, cassava, passionfruit, mangosteen, willow, spurge relatives"
Passiflora ligularis,sweet granadilla,Passiflora,Passifloraceae,plant,"Eudicots: oxalis, starfruit, cassava, passionfruit, mangosteen, willow, spurge relatives"
Passiflora quadrangularis,giant granadilla,Passiflora,Passifloraceae,plant,"Eudicots: oxalis, starfruit, cassava, passionfruit, mangosteen, willow, spurge relatives"
Passiflora tripartita,banana passionfruit (curuba),Passiflora,Passifloraceae,plant,"Eudicots: oxalis, starfruit, cassava, passionfruit, mangosteen, willow, spurge relatives"
Passiflora tarminiana,curuba india,Passiflora,Passifloraceae,plant,"Eudicots: oxalis, starfruit, cassava, passionfruit, mangosteen, willow, spurge relatives"
Passiflora incarnata,maypop,Passiflora,Passifloraceae,plant,"Eudicots: oxalis, starfruit, cassava, passionfruit, mangosteen, willow, spurge relatives"
Passiflora laurifolia,water lemon,Passiflora,Passifloraceae,plant,"Eudicots: oxalis, starfruit, cassava, passionfruit, mangosteen, willow, spurge relatives"
Passiflora maliformis,sweet calabash,Passiflora,Passifloraceae,plant,"Eudicots: oxalis, starfruit, cassava, passionfruit, mangosteen, willow, spurge relatives"
Passiflora alata,winged-stem passion flower,Passiflora,Passifloraceae,plant,"Eudicots: oxalis, starfruit, cassava, passionfruit, mangosteen, willow, spurge relatives"
Turnera diffusa,damiana,Turnera,Passifloraceae,plant,"Eudicots: oxalis, starfruit, cassava, passionfruit, mangosteen, willow, spurge relatives"
Flacourtia indica,governor's plum,Flacourtia,Salicaceae,plant,"Eudicots: oxalis, starfruit, cassava, passionfruit, mangosteen, willow, spurge relatives"
Flacourtia jangomas,Indian plum (paniala),Flacourtia,Salicaceae,plant,"Eudicots: oxalis, starfruit, cassava, passionfruit, mangosteen, willow, spurge relatives"
Flacourtia inermis,lovi-lovi,Flacourtia,Salicaceae,plant,"Eudicots: oxalis, starfruit, cassava, passionfruit, mangosteen, willow, spurge relatives"
Dovyalis caffra,kei apple,Dovyalis,Salicaceae,plant,"Eudicots: oxalis, starfruit, cassava, passionfruit, mangosteen, willow, spurge relatives"
Dovyalis hebecarpa,ketembilla,Dovyalis,Salicaceae,plant,"Eudicots: oxalis, starfruit, cassava, passionfruit, mangosteen, willow, spurge relatives"
Oncoba spinosa,snuff-box tree (fruit),Oncoba,Salicaceae,plant,"Eudicots: oxalis, starfruit, cassava, passionfruit, mangosteen, willow, spurge relatives"
Viola odorata,sweet violet (flowers),Viola,Violaceae,plant,"Eudicots: oxalis, starfruit, cassava, passionfruit, mangosteen, willow, spurge relatives"
Viola tricolor,heartsease,Viola,Violaceae,plant,"Eudicots: oxalis, starfruit, cassava, passionfruit, mangosteen, willow, spurge relatives"
Garcinia mangostana,mangosteen,Garcinia,Clusiaceae,plant,"Eudicots: oxalis, starfruit, cassava, passionfruit, mangosteen, willow, spurge relatives"
Garcinia gummi-gutta,Malabar tamarind (kodampuli),Garcinia,Clusiaceae,plant,"Eudicots: oxalis, starfruit, cassava, passionfruit, mangosteen, willow, spurge relatives"
Garcinia indica,kokum,Garcinia,Clusiaceae,plant,"Eudicots: oxalis, starfruit, cassava, passionfruit, mangosteen, willow, spurge relatives"
Garcinia atroviridis,asam gelugor,Garcinia,Clusiaceae,plant,"Eudicots: oxalis, starfruit, cassava, passionfruit, mangosteen, willow, spurge relatives"
Garcinia kola,bitter kola,Garcinia,Clusiaceae,plant,"Eudicots: oxalis, starfruit, cassava, passionfruit, mangosteen, willow, spurge relatives"
Garcinia livingstonei,African mangosteen,Garcinia,Clusiaceae,plant,"Eudicots: oxalis, starfruit, cassava, passionfruit, mangosteen, willow, spurge relatives"
Garcinia humilis,achachairú,Garcinia,Clusiaceae,plant,"Eudicots: oxalis, starfruit, cassava, passionfruit, mangosteen, willow, spurge relatives"
Garcinia madruno,madroño,Garcinia,Clusiaceae,plant,"Eudicots: oxalis, starfruit, cassava, passionfruit, mangosteen, willow, spurge relatives"
Garcinia prainiana,button mangosteen,Garcinia,Clusiaceae,plant,"Eudicots: oxalis, starfruit, cassava, passionfruit, mangosteen, willow, spurge relatives"
Garcinia xanthochymus,gamboge (false mangosteen),Garcinia,Clusiaceae,plant,"Eudicots: oxalis, starfruit, cassava, passionfruit, mangosteen, willow, spurge relatives"
Garcinia cowa,cowa,Garcinia,Clusiaceae,plant,"Eudicots: oxalis, starfruit, cassava, passionfruit, mangosteen, willow, spurge relatives"
Platonia insignis,bacuri,Platonia,Clusiaceae,plant,"Eudicots: oxalis, starfruit, cassava, passionfruit, mangosteen, willow, spurge relatives"
Mammea americana,mamey apple,Mammea,Calophyllaceae,plant,"Eudicots: oxalis, starfruit, cassava, passionfruit, mangosteen, willow, spurge relatives"
Hypericum perforatum,St John's wort (tea),Hypericum,Hypericaceae,plant,"Eudicots: oxalis, starfruit, cassava, passionfruit, mangosteen, willow, spurge relatives"
Erythroxylum coca,coca (leaf),Erythroxylum,Erythroxylaceae,plant,"Eudicots: oxalis, starfruit, cassava, passionfruit, mangosteen, willow, spurge relatives"
Chrysobalanus icaco,cocoplum,Chrysobalanus,Chrysobalanaceae,plant,"Eudicots: oxalis, starfruit, cassava, passionfruit, mangosteen, willow, spurge relatives"
Licania platypus,sansapote,Licania,Chrysobalanaceae,plant,"Eudicots: oxalis, starfruit, cassava, passionfruit, mangosteen, willow, spurge relatives"
Parinari curatellifolia,mobola plum,Parinari,Chrysobalanaceae,plant,"Eudicots: oxalis, starfruit, cassava, passionfruit, mangosteen, willow, spurge relatives"
Neocarya macrophylla,gingerbread plum,Neocarya,Chrysobalanaceae,plant,"Eudicots: oxalis, starfruit, cassava, passionfruit, mangosteen, willow, spurge relatives"
Malpighia emarginata,acerola,Malpighia,Malpighiaceae,plant,"Eudicots: oxalis, starfruit, cassava, passionfruit, mangosteen, willow, spurge relatives"
Byrsonima crassifolia,nance,Byrsonima,Malpighiaceae,plant,"Eudicots: oxalis, starfruit, cassava, passionfruit, mangosteen, willow, spurge relatives"
Bunchosia armeniaca,peanut butter fruit,Bunchosia,Malpighiaceae,plant,"Eudicots: oxalis, starfruit, cassava, passionfruit, mangosteen, willow, spurge relatives"
Linum usitatissimum,flax (linseed),Linum,Linaceae,plant,"Eudicots: oxalis, starfruit, cassava, passionfruit, mangosteen, willow, spurge relatives"
Pangium edule,keluak,Pangium,Achariaceae,plant,"Eudicots: oxalis, starfruit, cassava, passionfruit, mangosteen, willow, spurge relatives"
Irvingia gabonensis,bush mango (dika nut),Irvingia,Irvingiaceae,plant,"Eudicots: oxalis, starfruit, cassava, passionfruit, mangosteen, willow, spurge relatives"
Irvingia wombolu,bitter bush mango,Irvingia,Irvingiaceae,plant,"Eudicots: oxalis, starfruit, cassava, passionfruit, mangosteen, willow, spurge relatives"
Panda oleosa,panda nut,Panda,Pandaceae,plant,"Eudicots: oxalis, starfruit, cassava, passionfruit, mangosteen, willow, spurge relatives"
Endopleura uchi,uxi,Endopleura,Humiriaceae,plant,"Eudicots: oxalis, starfruit, cassava, passionfruit, mangosteen, willow, spurge relatives"
Caryocar brasiliense,pequi,Caryocar,Caryocaraceae,plant,"Eudicots: oxalis, starfruit, cassava, passionfruit, mangosteen, willow, spurge relatives"
Caryocar villosum,piquiá,Caryocar,Caryocaraceae,plant,"Eudicots: oxalis, starfruit, cassava, passionfruit, mangosteen, willow, spurge relatives"
Caryocar nuciferum,souari nut,Caryocar,Caryocaraceae,plant,"Eudicots: oxalis, starfruit, cassava, passionfruit, mangosteen, willow, spurge relatives"
Glycine max,soybean,Glycine,Fabaceae,plant,Eudicots: legumes
Phaseolus vulgaris,common bean,Phaseolus,Fabaceae,plant,Eudicots: legumes
Phaseolus lunatus,lima bean,Phaseolus,Fabaceae,plant,Eudicots: legumes
Phaseolus coccineus,runner bean,Phaseolus,Fabaceae,plant,Eudicots: legumes
Phaseolus acutifolius,tepary bean,Phaseolus,Fabaceae,plant,Eudicots: legumes
Phaseolus dumosus,year bean,Phaseolus,Fabaceae,plant,Eudicots: legumes
Vigna radiata,mung bean,Vigna,Fabaceae,plant,Eudicots: legumes
Vigna unguiculata,cowpea / yardlong bean,Vigna,Fabaceae,plant,Eudicots: legumes
Vigna angularis,adzuki bean,Vigna,Fabaceae,plant,Eudicots: legumes
Vigna mungo,urad (black gram),Vigna,Fabaceae,plant,Eudicots: legumes
Vigna aconitifolia,moth bean,Vigna,Fabaceae,plant,Eudicots: legumes
Vigna umbellata,rice bean,Vigna,Fabaceae,plant,Eudicots: legumes
Vigna subterranea,Bambara groundnut,Vigna,Fabaceae,plant,Eudicots: legumes
Vigna vexillata,zombi pea (tuber),Vigna,Fabaceae,plant,Eudicots: legumes
Vigna lanceolata,bush potato (maloga bean),Vigna,Fabaceae,plant,Eudicots: legumes
Pisum sativum,pea,Pisum,Fabaceae,plant,Eudicots: legumes
Lens culinaris,lentil,Lens,Fabaceae,plant,Eudicots: legumes
Cicer arietinum,chickpea,Cicer,Fabaceae,plant,Eudicots: legumes
Vicia faba,fava bean,Vicia,Fabaceae,plant,Eudicots: legumes
Vicia ervilia,bitter vetch,Vicia,Fabaceae,plant,Eudicots: legumes
Lathyrus sativus,grass pea,Lathyrus,Fabaceae,plant,Eudicots: legumes
Lathyrus tuberosus,tuberous pea,Lathyrus,Fabaceae,plant,Eudicots: legumes
Arachis hypogaea,peanut,Arachis,Fabaceae,plant,Eudicots: legumes
Cajanus cajan,pigeon pea,Cajanus,Fabaceae,plant,Eudicots: legumes
Lablab purpureus,hyacinth bean,Lablab,Fabaceae,plant,Eudicots: legumes
Canavalia ensiformis,jack bean,Canavalia,Fabaceae,plant,Eudicots: legumes
Canavalia gladiata,sword bean,Canavalia,Fabaceae,plant,Eudicots: legumes
Psophocarpus tetragonolobus,winged bean,Psophocarpus,Fabaceae,plant,Eudicots: legumes
Pachyrhizus erosus,jicama,Pachyrhizus,Fabaceae,plant,Eudicots: legumes
Pachyrhizus tuberosus,Amazonian yam bean,Pachyrhizus,Fabaceae,plant,Eudicots: legumes
Pachyrhizus ahipa,ahipa,Pachyrhizus,Fabaceae,plant,Eudicots: legumes
Mucuna pruriens,velvet bean (processed),Mucuna,Fabaceae,plant,Eudicots: legumes
Macrotyloma uniflorum,horse gram,Macrotyloma,Fabaceae,plant,Eudicots: legumes
Macrotyloma geocarpum,Kersting's groundnut,Macrotyloma,Fabaceae,plant,Eudicots: legumes
Sphenostylis stenocarpa,African yam bean,Sphenostylis,Fabaceae,plant,Eudicots: legumes
Tylosema esculentum,marama bean,Tylosema,Fabaceae,plant,Eudicots: legumes
Cyamopsis tetragonoloba,guar,Cyamopsis,Fabaceae,plant,Eudicots: legumes
Lupinus albus,white lupin,Lupinus,Fabaceae,plant,Eudicots: legumes
Lupinus angustifolius,narrow-leafed lupin,Lupinus,Fabaceae,plant,Eudicots: legumes
Lupinus luteus,yellow lupin,Lupinus,Fabaceae,plant,Eudicots: legumes
Lupinus mutabilis,tarwi,Lupinus,Fabaceae,plant,Eudicots: legumes
Trigonella foenum-graecum,fenugreek,Trigonella,Fabaceae,plant,Eudicots: legumes
Trigonella caerulea,blue fenugreek,Trigonella,Fabaceae,plant,Eudicots: legumes
Medicago sativa,alfalfa (sprouts),Medicago,Fabaceae,plant,Eudicots: legumes
Melilotus officinalis,sweet clover (flavouring),Melilotus,Fabaceae,plant,Eudicots: legumes
Trifolium pratense,red clover (flowers),Trifolium,Fabaceae,plant,Eudicots: legumes
Glycyrrhiza glabra,liquorice,Glycyrrhiza,Fabaceae,plant,Eudicots: legumes
Glycyrrhiza uralensis,Chinese liquorice,Glycyrrhiza,Fabaceae,plant,Eudicots: legumes
Astragalus membranaceus,huang qi (astragalus),Astragalus,Fabaceae,plant,Eudicots: legumes
Astragalus gummifer,tragacanth,Astragalus,Fabaceae,plant,Eudicots: legumes
Senegalia senegal,gum arabic,Senegalia,Fabaceae,plant,Eudicots: legumes
Vachellia seyal,red acacia (gum talha),Vachellia,Fabaceae,plant,Eudicots: legumes
Acacia aneura,mulga (seed),Acacia,Fabaceae,plant,Eudicots: legumes
Acacia victoriae,wattleseed (gundabluey),Acacia,Fabaceae,plant,Eudicots: legumes
Acacia colei,Cole's wattle (seed),Acacia,Fabaceae,plant,Eudicots: legumes
Prosopis glandulosa,honey mesquite,Prosopis,Fabaceae,plant,Eudicots: legumes
Prosopis pallida,huarango,Prosopis,Fabaceae,plant,Eudicots: legumes
Prosopis alba,algarrobo blanco,Prosopis,Fabaceae,plant,Eudicots: legumes
Prosopis juliflora,mesquite (juliflora),Prosopis,Fabaceae,plant,Eudicots: legumes
Prosopis cineraria,khejri (sangri),Prosopis,Fabaceae,plant,Eudicots: legumes
Ceratonia siliqua,carob,Ceratonia,Fabaceae,plant,Eudicots: legumes
Tamarindus indica,tamarind,Tamarindus,Fabaceae,plant,Eudicots: legumes
Detarium senegalense,ditax,Detarium,Fabaceae,plant,Eudicots: legumes
Detarium microcarpum,sweet detar,Detarium,Fabaceae,plant,Eudicots: legumes
Dialium guineense,velvet tamarind,Dialium,Fabaceae,plant,Eudicots: legumes
Dialium indum,tamarind plum (keranji),Dialium,Fabaceae,plant,Eudicots: legumes
Dialium cochinchinense,velvet tamarind (Indochina),Dialium,Fabaceae,plant,Eudicots: legumes
Parkia biglobosa,African locust bean (dawadawa),Parkia,Fabaceae,plant,Eudicots: legumes
Parkia speciosa,petai (stink bean),Parkia,Fabaceae,plant,Eudicots: legumes
Parkia timoriana,tree bean (yongchak),Parkia,Fabaceae,plant,Eudicots: legumes
Pentaclethra macrophylla,African oil bean,Pentaclethra,Fabaceae,plant,Eudicots: legumes
Inga edulis,ice-cream bean,Inga,Fabaceae,plant,Eudicots: legumes
Inga feuilleei,pacay,Inga,Fabaceae,plant,Eudicots: legumes
Inga spectabilis,guaba machete,Inga,Fabaceae,plant,Eudicots: legumes
Leucaena leucocephala,leucaena (pods),Leucaena,Fabaceae,plant,Eudicots: legumes
Leucaena esculenta,guaje,Leucaena,Fabaceae,plant,Eudicots: legumes
Pithecellobium dulce,guamúchil (Manila tamarind),Pithecellobium,Fabaceae,plant,Eudicots: legumes
Archidendron jiringa,jengkol,Archidendron,Fabaceae,plant,Eudicots: legumes
Archidendron bubalinum,kerdas,Archidendron,Fabaceae,plant,Eudicots: legumes
Bauhinia purpurea,orchid tree (buds),Bauhinia,Fabaceae,plant,Eudicots: legumes
Bauhinia variegata,kachnar,Bauhinia,Fabaceae,plant,Eudicots: legumes
Cercis canadensis,eastern redbud (flowers),Cercis,Fabaceae,plant,Eudicots: legumes
Cercis siliquastrum,Judas tree (flowers),Cercis,Fabaceae,plant,Eudicots: legumes
Gleditsia triacanthos,honey locust (pod pulp),Gleditsia,Fabaceae,plant,Eudicots: legumes
Gymnocladus dioicus,Kentucky coffeetree (roasted),Gymnocladus,Fabaceae,plant,Eudicots: legumes
Senna occidentalis,mogdad coffee,Senna,Fabaceae,plant,Eudicots: legumes
Senna obtusifolia,sicklepod (kawal),Senna,Fabaceae,plant,Eudicots: legumes
Senna siamea,cassod tree (khi-lek),Senna,Fabaceae,plant,Eudicots: legumes
Afzelia africana,African mahogany (seeds),Afzelia,Fabaceae,plant,Eudicots: legumes
Schotia brachypetala,weeping boer-bean (seeds),Schotia,Fabaceae,plant,Eudicots: legumes
Erythrina edulis,chachafruto (basul),Erythrina,Fabaceae,plant,Eudicots: legumes
Sesbania grandiflora,agati (vegetable hummingbird),Sesbania,Fabaceae,plant,Eudicots: legumes
Sesbania sesban,Egyptian riverhemp (leaves),Sesbania,Fabaceae,plant,Eudicots: legumes
Neptunia oleracea,water mimosa,Neptunia,Fabaceae,plant,Eudicots: legumes
Apios americana,groundnut (hopniss),Apios,Fabaceae,plant,Eudicots: legumes
Apios fortunei,hodoimo,Apios,Fabaceae,plant,Eudicots: legumes
Pueraria montana,kudzu (starch),Pueraria,Fabaceae,plant,Eudicots: legumes
Flemingia vestita,sohphlang,Flemingia,Fabaceae,plant,Eudicots: legumes
Cordeauxia edulis,yeheb nut,Cordeauxia,Fabaceae,plant,Eudicots: legumes
Pediomelum esculentum,prairie turnip,Pediomelum,Fabaceae,plant,Eudicots: legumes
Amphicarpaea bracteata,hog peanut,Amphicarpaea,Fabaceae,plant,Eudicots: legumes
Clitoria ternatea,butterfly pea (flower),Clitoria,Fabaceae,plant,Eudicots: legumes
Crotalaria longirostrata,chipilín,Crotalaria,Fabaceae,plant,Eudicots: legumes
Styphnolobium japonicum,"pagoda tree (buds, huai hua)",Styphnolobium,Fabaceae,plant,Eudicots: legumes
Dipteryx odorata,tonka bean,Dipteryx,Fabaceae,plant,Eudicots: legumes
Dipteryx alata,baru nut,Dipteryx,Fabaceae,plant,Eudicots: legumes
Castanospermum australe,Moreton Bay chestnut (processed),Castanospermum,Fabaceae,plant,Eudicots: legumes
Hymenaea courbaril,jatobá,Hymenaea,Fabaceae,plant,Eudicots: legumes
Hymenaea stigonocarpa,jatobá-do-cerrado,Hymenaea,Fabaceae,plant,Eudicots: legumes
Cynometra cauliflora,nam-nam,Cynometra,Fabaceae,plant,Eudicots: legumes
Parkinsonia aculeata,Jerusalem thorn (seeds),Parkinsonia,Fabaceae,plant,Eudicots: legumes
Parkinsonia florida,blue palo verde (seeds),Parkinsonia,Fabaceae,plant,Eudicots: legumes
Olneya tesota,desert ironwood (seeds),Olneya,Fabaceae,plant,Eudicots: legumes
Caragana arborescens,Siberian pea shrub,Caragana,Fabaceae,plant,Eudicots: legumes
Robinia pseudoacacia,black locust (flowers),Robinia,Fabaceae,plant,Eudicots: legumes
Wisteria floribunda,Japanese wisteria (flowers),Wisteria,Fabaceae,plant,Eudicots: legumes
Quillaja saponaria,soapbark (foaming agent),Quillaja,Quillajaceae,plant,Eudicots: legumes
Malus domestica,apple,Malus,Rosaceae,plant,Eudicots: rose family
Malus sylvestris,European crab apple,Malus,Rosaceae,plant,Eudicots: rose family
Malus baccata,Siberian crab apple,Malus,Rosaceae,plant,Eudicots: rose family
Malus sieversii,wild apple (Tian Shan),Malus,Rosaceae,plant,Eudicots: rose family
Pyrus communis,European pear,Pyrus,Rosaceae,plant,Eudicots: rose family
Pyrus pyrifolia,Asian pear (nashi),Pyrus,Rosaceae,plant,Eudicots: rose family
Pyrus bretschneideri,Ya pear,Pyrus,Rosaceae,plant,Eudicots: rose family
Pyrus ussuriensis,Ussurian pear,Pyrus,Rosaceae,plant,Eudicots: rose family
Cydonia oblonga,quince,Cydonia,Rosaceae,plant,Eudicots: rose family
Chaenomeles speciosa,flowering quince,Chaenomeles,Rosaceae,plant,Eudicots: rose family
Chaenomeles japonica,Japanese quince,Chaenomeles,Rosaceae,plant,Eudicots: rose family
Pseudocydonia sinensis,Chinese quince,Pseudocydonia,Rosaceae,plant,Eudicots: rose family
Mespilus germanica,medlar,Mespilus,Rosaceae,plant,Eudicots: rose family
Crataegus monogyna,hawthorn,Crataegus,Rosaceae,plant,Eudicots: rose family
Crataegus pinnatifida,Chinese hawthorn (shanzha),Crataegus,Rosaceae,plant,Eudicots: rose family
Crataegus mexicana,tejocote,Crataegus,Rosaceae,plant,Eudicots: rose family
Crataegus azarolus,azarole,Crataegus,Rosaceae,plant,Eudicots: rose family
Crataegus aestivalis,mayhaw,Crataegus,Rosaceae,plant,Eudicots: rose family
Sorbus aucuparia,rowan,Sorbus,Rosaceae,plant,Eudicots: rose family
Sorbus domestica,service tree,Sorbus,Rosaceae,plant,Eudicots: rose family
Sorbus torminalis,wild service tree,Sorbus,Rosaceae,plant,Eudicots: rose family
Sorbus aria,whitebeam,Sorbus,Rosaceae,plant,Eudicots: rose family
Aronia melanocarpa,black chokeberry,Aronia,Rosaceae,plant,Eudicots: rose family
Aronia arbutifolia,red chokeberry,Aronia,Rosaceae,plant,Eudicots: rose family
Amelanchier alnifolia,saskatoon,Amelanchier,Rosaceae,plant,Eudicots: rose family
Amelanchier canadensis,shadbush,Amelanchier,Rosaceae,plant,Eudicots: rose family
Amelanchier lamarckii,juneberry,Amelanchier,Rosaceae,plant,Eudicots: rose family
Eriobotrya japonica,loquat,Eriobotrya,Rosaceae,plant,Eudicots: rose family
Docynia indica,assam apple,Docynia,Rosaceae,plant,Eudicots: rose family
Osteomeles anthyllidifolia,ulei,Osteomeles,Rosaceae,plant,Eudicots: rose family
Heteromeles arbutifolia,toyon,Heteromeles,Rosaceae,plant,Eudicots: rose family
Prunus persica,peach / nectarine,Prunus,Rosaceae,plant,Eudicots: rose family
Prunus dulcis,almond,Prunus,Rosaceae,plant,Eudicots: rose family
Prunus armeniaca,apricot,Prunus,Rosaceae,plant,Eudicots: rose family
Prunus domestica,European plum,Prunus,Rosaceae,plant,Eudicots: rose family
Prunus salicina,Japanese plum,Prunus,Rosaceae,plant,Eudicots: rose family
Prunus cerasifera,cherry plum,Prunus,Rosaceae,plant,Eudicots: rose family
Prunus spinosa,sloe,Prunus,Rosaceae,plant,Eudicots: rose family
Prunus mume,ume,Prunus,Rosaceae,plant,Eudicots: rose family
Prunus avium,sweet cherry,Prunus,Rosaceae,plant,Eudicots: rose family
Prunus cerasus,sour cherry,Prunus,Rosaceae,plant,Eudicots: rose family
Prunus serotina,black cherry,Prunus,Rosaceae,plant,Eudicots: rose family
Prunus virginiana,chokecherry,Prunus,Rosaceae,plant,Eudicots: rose family
Prunus tomentosa,Nanking cherry,Prunus,Rosaceae,plant,Eudicots: rose family
Prunus pumila,sand cherry,Prunus,Rosaceae,plant,Eudicots: rose family
Prunus americana,American plum,Prunus,Rosaceae,plant,Eudicots: rose family
Prunus angustifolia,Chickasaw plum,Prunus,Rosaceae,plant,Eudicots: rose family
Prunus maritima,beach plum,Prunus,Rosaceae,plant,Eudicots: rose family
Prunus mahaleb,mahleb,Prunus,Rosaceae,plant,Eudicots: rose family
Prunus laurocerasus,cherry laurel (taflan),Prunus,Rosaceae,plant,Eudicots: rose family
Prunus padus,bird cherry,Prunus,Rosaceae,plant,Eudicots: rose family
Prunus simonii,apricot plum,Prunus,Rosaceae,plant,Eudicots: rose family
Prunus fruticosa,steppe cherry,Prunus,Rosaceae,plant,Eudicots: rose family
Prunus ilicifolia,hollyleaf cherry (islay),Prunus,Rosaceae,plant,Eudicots: rose family
Prunus subcordata,Klamath plum,Prunus,Rosaceae,plant,Eudicots: rose family
Prunus brigantina,Briançon apricot,Prunus,Rosaceae,plant,Eudicots: rose family
Oemleria cerasiformis,osoberry,Oemleria,Rosaceae,plant,Eudicots: rose family
Fragaria × ananassa,garden strawberry,Fragaria,Rosaceae,plant,Eudicots: rose family
Fragaria vesca,woodland strawberry,Fragaria,Rosaceae,plant,Eudicots: rose family
Fragaria chiloensis,beach strawberry,Fragaria,Rosaceae,plant,Eudicots: rose family
Fragaria virginiana,Virginia strawberry,Fragaria,Rosaceae,plant,Eudicots: rose family
Fragaria moschata,musk strawberry,Fragaria,Rosaceae,plant,Eudicots: rose family
Potentilla anserina,silverweed (roots),Potentilla,Rosaceae,plant,Eudicots: rose family
Rubus idaeus,red raspberry,Rubus,Rosaceae,plant,Eudicots: rose family
Rubus occidentalis,black raspberry,Rubus,Rosaceae,plant,Eudicots: rose family
Rubus strigosus,American red raspberry,Rubus,Rosaceae,plant,Eudicots: rose family
Rubus fruticosus,blackberry,Rubus,Rosaceae,plant,Eudicots: rose family
Rubus ursinus,Pacific blackberry,Rubus,Rosaceae,plant,Eudicots: rose family
Rubus allegheniensis,Allegheny blackberry,Rubus,Rosaceae,plant,Eudicots: rose family
Rubus laciniatus,cutleaf blackberry,Rubus,Rosaceae,plant,Eudicots: rose family
Rubus loganobaccus,loganberry,Rubus,Rosaceae,plant,Eudicots: rose family
Rubus chamaemorus,cloudberry,Rubus,Rosaceae,plant,Eudicots: rose family
Rubus arcticus,Arctic bramble,Rubus,Rosaceae,plant,Eudicots: rose family
Rubus caesius,dewberry,Rubus,Rosaceae,plant,Eudicots: rose family
Rubus phoenicolasius,wineberry,Rubus,Rosaceae,plant,Eudicots: rose family
Rubus ellipticus,yellow Himalayan raspberry,Rubus,Rosaceae,plant,Eudicots: rose family
Rubus niveus,Mysore raspberry,Rubus,Rosaceae,plant,Eudicots: rose family
Rubus rosifolius,Mauritius raspberry,Rubus,Rosaceae,plant,Eudicots: rose family
Rubus spectabilis,salmonberry,Rubus,Rosaceae,plant,Eudicots: rose family
Rubus parviflorus,thimbleberry,Rubus,Rosaceae,plant,Eudicots: rose family
Rubus leucodermis,whitebark raspberry,Rubus,Rosaceae,plant,Eudicots: rose family
Rubus glaucus,mora andina,Rubus,Rosaceae,plant,Eudicots: rose family
Rosa canina,dog rose (hips),Rosa,Rosaceae,plant,Eudicots: rose family
Rosa rugosa,rugosa rose (hips),Rosa,Rosaceae,plant,Eudicots: rose family
Rosa damascena,damask rose (rosewater),Rosa,Rosaceae,plant,Eudicots: rose family
Rosa centifolia,cabbage rose,Rosa,Rosaceae,plant,Eudicots: rose family
Rosa gallica,French rose,Rosa,Rosaceae,plant,Eudicots: rose family
Rosa rubiginosa,sweet briar (rosa mosqueta),Rosa,Rosaceae,plant,Eudicots: rose family
Rosa roxburghii,chestnut rose,Rosa,Rosaceae,plant,Eudicots: rose family
Sanguisorba minor,salad burnet,Sanguisorba,Rosaceae,plant,Eudicots: rose family
Filipendula ulmaria,meadowsweet,Filipendula,Rosaceae,plant,Eudicots: rose family
Filipendula vulgaris,dropwort (tubers),Filipendula,Rosaceae,plant,Eudicots: rose family
Geum urbanum,wood avens (root),Geum,Rosaceae,plant,Eudicots: rose family
Margyricarpus pinnatus,pearlberry,Margyricarpus,Rosaceae,plant,Eudicots: rose family
Hesperomeles obtusifolia,cerote,Hesperomeles,Rosaceae,plant,Eudicots: rose family
Prinsepia utilis,Himalayan cherry prinsepia (oil),Prinsepia,Rosaceae,plant,Eudicots: rose family
Ficus carica,fig,Ficus,Moraceae,plant,"Eudicots: fig, mulberry, hemp, hops, nettle, elm, buckthorn, oleaster families"
Ficus racemosa,cluster fig,Ficus,Moraceae,plant,"Eudicots: fig, mulberry, hemp, hops, nettle, elm, buckthorn, oleaster families"
Ficus auriculata,Roxburgh fig,Ficus,Moraceae,plant,"Eudicots: fig, mulberry, hemp, hops, nettle, elm, buckthorn, oleaster families"
Ficus sycomorus,sycamore fig,Ficus,Moraceae,plant,"Eudicots: fig, mulberry, hemp, hops, nettle, elm, buckthorn, oleaster families"
Ficus palmata,Punjab fig,Ficus,Moraceae,plant,"Eudicots: fig, mulberry, hemp, hops, nettle, elm, buckthorn, oleaster families"
Ficus pumila,aiyu (jelly fig),Ficus,Moraceae,plant,"Eudicots: fig, mulberry, hemp, hops, nettle, elm, buckthorn, oleaster families"
Ficus deltoidea,mistletoe fig (tea),Ficus,Moraceae,plant,"Eudicots: fig, mulberry, hemp, hops, nettle, elm, buckthorn, oleaster families"
Morus alba,white mulberry,Morus,Moraceae,plant,"Eudicots: fig, mulberry, hemp, hops, nettle, elm, buckthorn, oleaster families"
Morus nigra,black mulberry,Morus,Moraceae,plant,"Eudicots: fig, mulberry, hemp, hops, nettle, elm, buckthorn, oleaster families"
Morus rubra,red mulberry,Morus,Moraceae,plant,"Eudicots: fig, mulberry, hemp, hops, nettle, elm, buckthorn, oleaster families"
Morus macroura,long mulberry,Morus,Moraceae,plant,"Eudicots: fig, mulberry, hemp, hops, nettle, elm, buckthorn, oleaster families"
Artocarpus heterophyllus,jackfruit,Artocarpus,Moraceae,plant,"Eudicots: fig, mulberry, hemp, hops, nettle, elm, buckthorn, oleaster families"
Artocarpus altilis,breadfruit,Artocarpus,Moraceae,plant,"Eudicots: fig, mulberry, hemp, hops, nettle, elm, buckthorn, oleaster families"
Artocarpus camansi,breadnut,Artocarpus,Moraceae,plant,"Eudicots: fig, mulberry, hemp, hops, nettle, elm, buckthorn, oleaster families"
Artocarpus integer,cempedak,Artocarpus,Moraceae,plant,"Eudicots: fig, mulberry, hemp, hops, nettle, elm, buckthorn, oleaster families"
Artocarpus odoratissimus,marang,Artocarpus,Moraceae,plant,"Eudicots: fig, mulberry, hemp, hops, nettle, elm, buckthorn, oleaster families"
Artocarpus lacucha,monkey jack,Artocarpus,Moraceae,plant,"Eudicots: fig, mulberry, hemp, hops, nettle, elm, buckthorn, oleaster families"
Artocarpus rigidus,monkey jackfruit,Artocarpus,Moraceae,plant,"Eudicots: fig, mulberry, hemp, hops, nettle, elm, buckthorn, oleaster families"
Artocarpus sericicarpus,pedalai,Artocarpus,Moraceae,plant,"Eudicots: fig, mulberry, hemp, hops, nettle, elm, buckthorn, oleaster families"
Treculia africana,African breadfruit,Treculia,Moraceae,plant,"Eudicots: fig, mulberry, hemp, hops, nettle, elm, buckthorn, oleaster families"
Brosimum alicastrum,Maya nut (ramón),Brosimum,Moraceae,plant,"Eudicots: fig, mulberry, hemp, hops, nettle, elm, buckthorn, oleaster families"
Maclura tricuspidata,che (cudrania),Maclura,Moraceae,plant,"Eudicots: fig, mulberry, hemp, hops, nettle, elm, buckthorn, oleaster families"
Broussonetia papyrifera,paper mulberry (fruit),Broussonetia,Moraceae,plant,"Eudicots: fig, mulberry, hemp, hops, nettle, elm, buckthorn, oleaster families"
Pseudolmedia laevis,leche caspi,Pseudolmedia,Moraceae,plant,"Eudicots: fig, mulberry, hemp, hops, nettle, elm, buckthorn, oleaster families"
Humulus lupulus,hops,Humulus,Cannabaceae,plant,"Eudicots: fig, mulberry, hemp, hops, nettle, elm, buckthorn, oleaster families"
Cannabis sativa,hemp (seed),Cannabis,Cannabaceae,plant,"Eudicots: fig, mulberry, hemp, hops, nettle, elm, buckthorn, oleaster families"
Celtis australis,Mediterranean hackberry,Celtis,Cannabaceae,plant,"Eudicots: fig, mulberry, hemp, hops, nettle, elm, buckthorn, oleaster families"
Celtis occidentalis,common hackberry,Celtis,Cannabaceae,plant,"Eudicots: fig, mulberry, hemp, hops, nettle, elm, buckthorn, oleaster families"
Celtis laevigata,sugarberry,Celtis,Cannabaceae,plant,"Eudicots: fig, mulberry, hemp, hops, nettle, elm, buckthorn, oleaster families"
Celtis integrifolia,African hackberry (leaves),Celtis,Cannabaceae,plant,"Eudicots: fig, mulberry, hemp, hops, nettle, elm, buckthorn, oleaster families"
Urtica dioica,stinging nettle,Urtica,Urticaceae,plant,"Eudicots: fig, mulberry, hemp, hops, nettle, elm, buckthorn, oleaster families"
Urtica urens,small nettle,Urtica,Urticaceae,plant,"Eudicots: fig, mulberry, hemp, hops, nettle, elm, buckthorn, oleaster families"
Laportea canadensis,wood nettle,Laportea,Urticaceae,plant,"Eudicots: fig, mulberry, hemp, hops, nettle, elm, buckthorn, oleaster families"
Laportea aestuans,West Indian woodnettle,Laportea,Urticaceae,plant,"Eudicots: fig, mulberry, hemp, hops, nettle, elm, buckthorn, oleaster families"
Girardinia diversifolia,Himalayan nettle,Girardinia,Urticaceae,plant,"Eudicots: fig, mulberry, hemp, hops, nettle, elm, buckthorn, oleaster families"
Pipturus albidus,mamaki,Pipturus,Urticaceae,plant,"Eudicots: fig, mulberry, hemp, hops, nettle, elm, buckthorn, oleaster families"
Elatostema involucratum,uwabami-so,Elatostema,Urticaceae,plant,"Eudicots: fig, mulberry, hemp, hops, nettle, elm, buckthorn, oleaster families"
Debregeasia longifolia,orange wild rhea (fruit),Debregeasia,Urticaceae,plant,"Eudicots: fig, mulberry, hemp, hops, nettle, elm, buckthorn, oleaster families"
Pourouma cecropiifolia,Amazon tree grape (uvilla),Pourouma,Urticaceae,plant,"Eudicots: fig, mulberry, hemp, hops, nettle, elm, buckthorn, oleaster families"
Myrianthus arboreus,giant yellow mulberry,Myrianthus,Urticaceae,plant,"Eudicots: fig, mulberry, hemp, hops, nettle, elm, buckthorn, oleaster families"
Cecropia peltata,trumpet tree (fruit),Cecropia,Urticaceae,plant,"Eudicots: fig, mulberry, hemp, hops, nettle, elm, buckthorn, oleaster families"
Ulmus rubra,slippery elm,Ulmus,Ulmaceae,plant,"Eudicots: fig, mulberry, hemp, hops, nettle, elm, buckthorn, oleaster families"
Ulmus pumila,Siberian elm (samaras),Ulmus,Ulmaceae,plant,"Eudicots: fig, mulberry, hemp, hops, nettle, elm, buckthorn, oleaster families"
Ziziphus jujuba,jujube,Ziziphus,Rhamnaceae,plant,"Eudicots: fig, mulberry, hemp, hops, nettle, elm, buckthorn, oleaster families"
Ziziphus mauritiana,ber (Indian jujube),Ziziphus,Rhamnaceae,plant,"Eudicots: fig, mulberry, hemp, hops, nettle, elm, buckthorn, oleaster families"
Ziziphus lotus,lotus jujube,Ziziphus,Rhamnaceae,plant,"Eudicots: fig, mulberry, hemp, hops, nettle, elm, buckthorn, oleaster families"
Ziziphus spina-christi,Christ's thorn jujube,Ziziphus,Rhamnaceae,plant,"Eudicots: fig, mulberry, hemp, hops, nettle, elm, buckthorn, oleaster families"
Ziziphus mucronata,buffalo thorn,Ziziphus,Rhamnaceae,plant,"Eudicots: fig, mulberry, hemp, hops, nettle, elm, buckthorn, oleaster families"
Ziziphus nummularia,wild jujube (jhar ber),Ziziphus,Rhamnaceae,plant,"Eudicots: fig, mulberry, hemp, hops, nettle, elm, buckthorn, oleaster families"
Ziziphus joazeiro,juazeiro,Ziziphus,Rhamnaceae,plant,"Eudicots: fig, mulberry, hemp, hops, nettle, elm, buckthorn, oleaster families"
Hovenia dulcis,Japanese raisin tree,Hovenia,Rhamnaceae,plant,"Eudicots: fig, mulberry, hemp, hops, nettle, elm, buckthorn, oleaster families"
Ceanothus americanus,New Jersey tea,Ceanothus,Rhamnaceae,plant,"Eudicots: fig, mulberry, hemp, hops, nettle, elm, buckthorn, oleaster families"
Sageretia thea,Chinese sweet plum,Sageretia,Rhamnaceae,plant,"Eudicots: fig, mulberry, hemp, hops, nettle, elm, buckthorn, oleaster families"
Berchemia discolor,bird plum,Berchemia,Rhamnaceae,plant,"Eudicots: fig, mulberry, hemp, hops, nettle, elm, buckthorn, oleaster families"
Elaeagnus angustifolia,Russian olive,Elaeagnus,Elaeagnaceae,plant,"Eudicots: fig, mulberry, hemp, hops, nettle, elm, buckthorn, oleaster families"
Elaeagnus umbellata,autumn olive,Elaeagnus,Elaeagnaceae,plant,"Eudicots: fig, mulberry, hemp, hops, nettle, elm, buckthorn, oleaster families"
Elaeagnus multiflora,goumi,Elaeagnus,Elaeagnaceae,plant,"Eudicots: fig, mulberry, hemp, hops, nettle, elm, buckthorn, oleaster families"
Elaeagnus latifolia,bastard oleaster,Elaeagnus,Elaeagnaceae,plant,"Eudicots: fig, mulberry, hemp, hops, nettle, elm, buckthorn, oleaster families"
Hippophae rhamnoides,sea buckthorn,Hippophae,Elaeagnaceae,plant,"Eudicots: fig, mulberry, hemp, hops, nettle, elm, buckthorn, oleaster families"
Shepherdia argentea,silver buffaloberry,Shepherdia,Elaeagnaceae,plant,"Eudicots: fig, mulberry, hemp, hops, nettle, elm, buckthorn, oleaster families"
Shepherdia canadensis,soapberry (Indian ice cream),Shepherdia,Elaeagnaceae,plant,"Eudicots: fig, mulberry, hemp, hops, nettle, elm, buckthorn, oleaster families"
Cucurbita pepo,zucchini / pumpkin (pepo),Cucurbita,Cucurbitaceae,plant,"Eudicots: gourds, beeches, walnuts, bayberries"
Cucurbita maxima,winter squash (maxima),Cucurbita,Cucurbitaceae,plant,"Eudicots: gourds, beeches, walnuts, bayberries"
Cucurbita moschata,butternut squash,Cucurbita,Cucurbitaceae,plant,"Eudicots: gourds, beeches, walnuts, bayberries"
Cucurbita argyrosperma,cushaw,Cucurbita,Cucurbitaceae,plant,"Eudicots: gourds, beeches, walnuts, bayberries"
Cucurbita ficifolia,fig-leaf gourd (chilacayote),Cucurbita,Cucurbitaceae,plant,"Eudicots: gourds, beeches, walnuts, bayberries"
Cucumis sativus,cucumber,Cucumis,Cucurbitaceae,plant,"Eudicots: gourds, beeches, walnuts, bayberries"
Cucumis melo,melon,Cucumis,Cucurbitaceae,plant,"Eudicots: gourds, beeches, walnuts, bayberries"
Cucumis metuliferus,kiwano (horned melon),Cucumis,Cucurbitaceae,plant,"Eudicots: gourds, beeches, walnuts, bayberries"
Cucumis anguria,West Indian gherkin,Cucumis,Cucurbitaceae,plant,"Eudicots: gourds, beeches, walnuts, bayberries"
Citrullus lanatus,watermelon,Citrullus,Cucurbitaceae,plant,"Eudicots: gourds, beeches, walnuts, bayberries"
Citrullus mucosospermus,egusi melon,Citrullus,Cucurbitaceae,plant,"Eudicots: gourds, beeches, walnuts, bayberries"
Cucumeropsis mannii,egusi (mannii),Cucumeropsis,Cucurbitaceae,plant,"Eudicots: gourds, beeches, walnuts, bayberries"
Lagenaria siceraria,bottle gourd (calabash),Lagenaria,Cucurbitaceae,plant,"Eudicots: gourds, beeches, walnuts, bayberries"
Luffa acutangula,ridge gourd,Luffa,Cucurbitaceae,plant,"Eudicots: gourds, beeches, walnuts, bayberries"
Luffa aegyptiaca,sponge gourd,Luffa,Cucurbitaceae,plant,"Eudicots: gourds, beeches, walnuts, bayberries"
Momordica charantia,bitter melon,Momordica,Cucurbitaceae,plant,"Eudicots: gourds, beeches, walnuts, bayberries"
Momordica cochinchinensis,gac,Momordica,Cucurbitaceae,plant,"Eudicots: gourds, beeches, walnuts, bayberries"
Momordica dioica,spine gourd (kakrol),Momordica,Cucurbitaceae,plant,"Eudicots: gourds, beeches, walnuts, bayberries"
Momordica balsamina,balsam apple,Momordica,Cucurbitaceae,plant,"Eudicots: gourds, beeches, walnuts, bayberries"
Benincasa hispida,winter melon (wax gourd),Benincasa,Cucurbitaceae,plant,"Eudicots: gourds, beeches, walnuts, bayberries"
Trichosanthes cucumerina,snake gourd,Trichosanthes,Cucurbitaceae,plant,"Eudicots: gourds, beeches, walnuts, bayberries"
Trichosanthes dioica,pointed gourd (parwal),Trichosanthes,Cucurbitaceae,plant,"Eudicots: gourds, beeches, walnuts, bayberries"
Coccinia grandis,ivy gourd (tindora),Coccinia,Cucurbitaceae,plant,"Eudicots: gourds, beeches, walnuts, bayberries"
Coccinia abyssinica,anchote,Coccinia,Cucurbitaceae,plant,"Eudicots: gourds, beeches, walnuts, bayberries"
Sechium edule,chayote,Sechium,Cucurbitaceae,plant,"Eudicots: gourds, beeches, walnuts, bayberries"
Cyclanthera pedata,caigua (achocha),Cyclanthera,Cucurbitaceae,plant,"Eudicots: gourds, beeches, walnuts, bayberries"
Praecitrullus fistulosus,tinda,Praecitrullus,Cucurbitaceae,plant,"Eudicots: gourds, beeches, walnuts, bayberries"
Melothria scabra,cucamelon,Melothria,Cucurbitaceae,plant,"Eudicots: gourds, beeches, walnuts, bayberries"
Telfairia occidentalis,fluted pumpkin (ugu),Telfairia,Cucurbitaceae,plant,"Eudicots: gourds, beeches, walnuts, bayberries"
Telfairia pedata,oyster nut,Telfairia,Cucurbitaceae,plant,"Eudicots: gourds, beeches, walnuts, bayberries"
Hodgsonia macrocarpa,lard seed,Hodgsonia,Cucurbitaceae,plant,"Eudicots: gourds, beeches, walnuts, bayberries"
Siraitia grosvenorii,monk fruit (luo han guo),Siraitia,Cucurbitaceae,plant,"Eudicots: gourds, beeches, walnuts, bayberries"
Gynostemma pentaphyllum,jiaogulan,Gynostemma,Cucurbitaceae,plant,"Eudicots: gourds, beeches, walnuts, bayberries"
Acanthosicyos horridus,nara melon,Acanthosicyos,Cucurbitaceae,plant,"Eudicots: gourds, beeches, walnuts, bayberries"
Sicana odorifera,cassabanana,Sicana,Cucurbitaceae,plant,"Eudicots: gourds, beeches, walnuts, bayberries"
Thladiantha dubia,Manchu tubergourd,Thladiantha,Cucurbitaceae,plant,"Eudicots: gourds, beeches, walnuts, bayberries"
Begonia fimbristipula,zi bei tian kui (tea),Begonia,Begoniaceae,plant,"Eudicots: gourds, beeches, walnuts, bayberries"
Corynocarpus laevigatus,karaka (processed),Corynocarpus,Corynocarpaceae,plant,"Eudicots: gourds, beeches, walnuts, bayberries"
Castanea sativa,sweet chestnut,Castanea,Fagaceae,plant,"Eudicots: gourds, beeches, walnuts, bayberries"
Castanea crenata,Japanese chestnut,Castanea,Fagaceae,plant,"Eudicots: gourds, beeches, walnuts, bayberries"
Castanea mollissima,Chinese chestnut,Castanea,Fagaceae,plant,"Eudicots: gourds, beeches, walnuts, bayberries"
Castanea dentata,American chestnut,Castanea,Fagaceae,plant,"Eudicots: gourds, beeches, walnuts, bayberries"
Castanea pumila,chinquapin,Castanea,Fagaceae,plant,"Eudicots: gourds, beeches, walnuts, bayberries"
Castanea henryi,Henry's chestnut,Castanea,Fagaceae,plant,"Eudicots: gourds, beeches, walnuts, bayberries"
Castanopsis cuspidata,Japanese chinquapin (shii),Castanopsis,Fagaceae,plant,"Eudicots: gourds, beeches, walnuts, bayberries"
Castanopsis sieboldii,sudajii,Castanopsis,Fagaceae,plant,"Eudicots: gourds, beeches, walnuts, bayberries"
Castanopsis indica,Indian chestnut,Castanopsis,Fagaceae,plant,"Eudicots: gourds, beeches, walnuts, bayberries"
Quercus ilex,holm oak (acorn),Quercus,Fagaceae,plant,"Eudicots: gourds, beeches, walnuts, bayberries"
Quercus rotundifolia,holm oak (bellota),Quercus,Fagaceae,plant,"Eudicots: gourds, beeches, walnuts, bayberries"
Quercus alba,white oak (acorn),Quercus,Fagaceae,plant,"Eudicots: gourds, beeches, walnuts, bayberries"
Quercus macrocarpa,bur oak (acorn),Quercus,Fagaceae,plant,"Eudicots: gourds, beeches, walnuts, bayberries"
Quercus emoryi,Emory oak (bellota),Quercus,Fagaceae,plant,"Eudicots: gourds, beeches, walnuts, bayberries"
Quercus lobata,valley oak (acorn),Quercus,Fagaceae,plant,"Eudicots: gourds, beeches, walnuts, bayberries"
Quercus kelloggii,California black oak (acorn),Quercus,Fagaceae,plant,"Eudicots: gourds, beeches, walnuts, bayberries"
Quercus agrifolia,coast live oak (acorn),Quercus,Fagaceae,plant,"Eudicots: gourds, beeches, walnuts, bayberries"
Quercus acutissima,sawtooth oak (acorn),Quercus,Fagaceae,plant,"Eudicots: gourds, beeches, walnuts, bayberries"
Quercus dentata,daimyo oak (acorn),Quercus,Fagaceae,plant,"Eudicots: gourds, beeches, walnuts, bayberries"
Quercus mongolica,Mongolian oak (dotori),Quercus,Fagaceae,plant,"Eudicots: gourds, beeches, walnuts, bayberries"
Quercus robur,English oak (acorn),Quercus,Fagaceae,plant,"Eudicots: gourds, beeches, walnuts, bayberries"
Quercus petraea,sessile oak (acorn),Quercus,Fagaceae,plant,"Eudicots: gourds, beeches, walnuts, bayberries"
Quercus brantii,Brant's oak (acorn bread),Quercus,Fagaceae,plant,"Eudicots: gourds, beeches, walnuts, bayberries"
Quercus variabilis,Chinese cork oak (acorn),Quercus,Fagaceae,plant,"Eudicots: gourds, beeches, walnuts, bayberries"
Notholithocarpus densiflorus,tanoak (acorn),Notholithocarpus,Fagaceae,plant,"Eudicots: gourds, beeches, walnuts, bayberries"
Fagus sylvatica,European beech (beechnut),Fagus,Fagaceae,plant,"Eudicots: gourds, beeches, walnuts, bayberries"
Fagus grandifolia,American beech (beechnut),Fagus,Fagaceae,plant,"Eudicots: gourds, beeches, walnuts, bayberries"
Fagus crenata,Japanese beech (beechnut),Fagus,Fagaceae,plant,"Eudicots: gourds, beeches, walnuts, bayberries"
Chrysolepis chrysophylla,golden chinquapin,Chrysolepis,Fagaceae,plant,"Eudicots: gourds, beeches, walnuts, bayberries"
Corylus avellana,hazelnut,Corylus,Betulaceae,plant,"Eudicots: gourds, beeches, walnuts, bayberries"
Corylus maxima,filbert,Corylus,Betulaceae,plant,"Eudicots: gourds, beeches, walnuts, bayberries"
Corylus americana,American hazelnut,Corylus,Betulaceae,plant,"Eudicots: gourds, beeches, walnuts, bayberries"
Corylus cornuta,beaked hazelnut,Corylus,Betulaceae,plant,"Eudicots: gourds, beeches, walnuts, bayberries"
Corylus heterophylla,Asian hazel,Corylus,Betulaceae,plant,"Eudicots: gourds, beeches, walnuts, bayberries"
Corylus colurna,Turkish hazel,Corylus,Betulaceae,plant,"Eudicots: gourds, beeches, walnuts, bayberries"
Corylus chinensis,Chinese hazel,Corylus,Betulaceae,plant,"Eudicots: gourds, beeches, walnuts, bayberries"
Betula pendula,silver birch (sap),Betula,Betulaceae,plant,"Eudicots: gourds, beeches, walnuts, bayberries"
Betula alleghaniensis,yellow birch (sap),Betula,Betulaceae,plant,"Eudicots: gourds, beeches, walnuts, bayberries"
Betula lenta,sweet birch (birch beer),Betula,Betulaceae,plant,"Eudicots: gourds, beeches, walnuts, bayberries"
Betula papyrifera,paper birch (sap),Betula,Betulaceae,plant,"Eudicots: gourds, beeches, walnuts, bayberries"
Juglans regia,Persian walnut,Juglans,Juglandaceae,plant,"Eudicots: gourds, beeches, walnuts, bayberries"
Juglans nigra,black walnut,Juglans,Juglandaceae,plant,"Eudicots: gourds, beeches, walnuts, bayberries"
Juglans cinerea,butternut,Juglans,Juglandaceae,plant,"Eudicots: gourds, beeches, walnuts, bayberries"
Juglans ailantifolia,Japanese walnut (heartnut),Juglans,Juglandaceae,plant,"Eudicots: gourds, beeches, walnuts, bayberries"
Juglans mandshurica,Manchurian walnut,Juglans,Juglandaceae,plant,"Eudicots: gourds, beeches, walnuts, bayberries"
Juglans neotropica,Andean walnut,Juglans,Juglandaceae,plant,"Eudicots: gourds, beeches, walnuts, bayberries"
Carya illinoinensis,pecan,Carya,Juglandaceae,plant,"Eudicots: gourds, beeches, walnuts, bayberries"
Carya ovata,shagbark hickory,Carya,Juglandaceae,plant,"Eudicots: gourds, beeches, walnuts, bayberries"
Carya laciniosa,shellbark hickory,Carya,Juglandaceae,plant,"Eudicots: gourds, beeches, walnuts, bayberries"
Carya tomentosa,mockernut hickory,Carya,Juglandaceae,plant,"Eudicots: gourds, beeches, walnuts, bayberries"
Carya cathayensis,Chinese hickory,Carya,Juglandaceae,plant,"Eudicots: gourds, beeches, walnuts, bayberries"
Cyclocarya paliurus,sweet tea tree,Cyclocarya,Juglandaceae,plant,"Eudicots: gourds, beeches, walnuts, bayberries"
Myrica rubra,yangmei (Chinese bayberry),Myrica,Myricaceae,plant,"Eudicots: gourds, beeches, walnuts, bayberries"
Myrica gale,bog myrtle (gruit),Myrica,Myricaceae,plant,"Eudicots: gourds, beeches, walnuts, bayberries"
Myrica esculenta,box myrtle (kaphal),Myrica,Myricaceae,plant,"Eudicots: gourds, beeches, walnuts, bayberries"
Morella faya,firetree (fruit),Morella,Myricaceae,plant,"Eudicots: gourds, beeches, walnuts, bayberries"
Comptonia peregrina,sweetfern (tea),Comptonia,Myricaceae,plant,"Eudicots: gourds, beeches, walnuts, bayberries"
Psidium guajava,guava,Psidium,Myrtaceae,plant,"Eudicots: myrtles, pomegranate, water caltrop, evening primrose, terminalia"
Psidium cattleyanum,strawberry guava,Psidium,Myrtaceae,plant,"Eudicots: myrtles, pomegranate, water caltrop, evening primrose, terminalia"
Psidium guineense,Brazilian guava,Psidium,Myrtaceae,plant,"Eudicots: myrtles, pomegranate, water caltrop, evening primrose, terminalia"
Psidium friedrichsthalianum,Costa Rican guava,Psidium,Myrtaceae,plant,"Eudicots: myrtles, pomegranate, water caltrop, evening primrose, terminalia"
Acca sellowiana,feijoa,Acca,Myrtaceae,plant,"Eudicots: myrtles, pomegranate, water caltrop, evening primrose, terminalia"
Syzygium aromaticum,clove,Syzygium,Myrtaceae,plant,"Eudicots: myrtles, pomegranate, water caltrop, evening primrose, terminalia"
Syzygium cumini,jamun,Syzygium,Myrtaceae,plant,"Eudicots: myrtles, pomegranate, water caltrop, evening primrose, terminalia"
Syzygium jambos,rose apple,Syzygium,Myrtaceae,plant,"Eudicots: myrtles, pomegranate, water caltrop, evening primrose, terminalia"
Syzygium malaccense,Malay apple,Syzygium,Myrtaceae,plant,"Eudicots: myrtles, pomegranate, water caltrop, evening primrose, terminalia"
Syzygium samarangense,wax apple,Syzygium,Myrtaceae,plant,"Eudicots: myrtles, pomegranate, water caltrop, evening primrose, terminalia"
Syzygium aqueum,water apple,Syzygium,Myrtaceae,plant,"Eudicots: myrtles, pomegranate, water caltrop, evening primrose, terminalia"
Syzygium polyanthum,Indonesian bay (daun salam),Syzygium,Myrtaceae,plant,"Eudicots: myrtles, pomegranate, water caltrop, evening primrose, terminalia"
Syzygium anisatum,aniseed myrtle,Syzygium,Myrtaceae,plant,"Eudicots: myrtles, pomegranate, water caltrop, evening primrose, terminalia"
Syzygium luehmannii,riberry,Syzygium,Myrtaceae,plant,"Eudicots: myrtles, pomegranate, water caltrop, evening primrose, terminalia"
Syzygium australe,brush cherry,Syzygium,Myrtaceae,plant,"Eudicots: myrtles, pomegranate, water caltrop, evening primrose, terminalia"
Syzygium paniculatum,magenta lilly pilly,Syzygium,Myrtaceae,plant,"Eudicots: myrtles, pomegranate, water caltrop, evening primrose, terminalia"
Syzygium suborbiculare,lady apple,Syzygium,Myrtaceae,plant,"Eudicots: myrtles, pomegranate, water caltrop, evening primrose, terminalia"
Eugenia uniflora,Surinam cherry (pitanga),Eugenia,Myrtaceae,plant,"Eudicots: myrtles, pomegranate, water caltrop, evening primrose, terminalia"
Eugenia stipitata,araçá-boi,Eugenia,Myrtaceae,plant,"Eudicots: myrtles, pomegranate, water caltrop, evening primrose, terminalia"
Eugenia brasiliensis,grumichama,Eugenia,Myrtaceae,plant,"Eudicots: myrtles, pomegranate, water caltrop, evening primrose, terminalia"
Eugenia pyriformis,uvaia,Eugenia,Myrtaceae,plant,"Eudicots: myrtles, pomegranate, water caltrop, evening primrose, terminalia"
Eugenia luschnathiana,pitomba (Eugenia),Eugenia,Myrtaceae,plant,"Eudicots: myrtles, pomegranate, water caltrop, evening primrose, terminalia"
Eugenia reinwardtiana,beach cherry,Eugenia,Myrtaceae,plant,"Eudicots: myrtles, pomegranate, water caltrop, evening primrose, terminalia"
Eugenia involucrata,cereja-do-rio-grande,Eugenia,Myrtaceae,plant,"Eudicots: myrtles, pomegranate, water caltrop, evening primrose, terminalia"
Plinia cauliflora,jabuticaba,Plinia,Myrtaceae,plant,"Eudicots: myrtles, pomegranate, water caltrop, evening primrose, terminalia"
Plinia edulis,cambucá,Plinia,Myrtaceae,plant,"Eudicots: myrtles, pomegranate, water caltrop, evening primrose, terminalia"
Myrciaria dubia,camu camu,Myrciaria,Myrtaceae,plant,"Eudicots: myrtles, pomegranate, water caltrop, evening primrose, terminalia"
Myrciaria floribunda,rumberry,Myrciaria,Myrtaceae,plant,"Eudicots: myrtles, pomegranate, water caltrop, evening primrose, terminalia"
Myrciaria glazioviana,cabeludinha,Myrciaria,Myrtaceae,plant,"Eudicots: myrtles, pomegranate, water caltrop, evening primrose, terminalia"
Campomanesia xanthocarpa,guabiroba,Campomanesia,Myrtaceae,plant,"Eudicots: myrtles, pomegranate, water caltrop, evening primrose, terminalia"
Campomanesia lineatifolia,palillo,Campomanesia,Myrtaceae,plant,"Eudicots: myrtles, pomegranate, water caltrop, evening primrose, terminalia"
Campomanesia adamantium,gabiroba,Campomanesia,Myrtaceae,plant,"Eudicots: myrtles, pomegranate, water caltrop, evening primrose, terminalia"
Pimenta dioica,allspice,Pimenta,Myrtaceae,plant,"Eudicots: myrtles, pomegranate, water caltrop, evening primrose, terminalia"
Pimenta racemosa,West Indian bay,Pimenta,Myrtaceae,plant,"Eudicots: myrtles, pomegranate, water caltrop, evening primrose, terminalia"
Myrtus communis,myrtle (berries),Myrtus,Myrtaceae,plant,"Eudicots: myrtles, pomegranate, water caltrop, evening primrose, terminalia"
Luma apiculata,arrayán (Chilean myrtle),Luma,Myrtaceae,plant,"Eudicots: myrtles, pomegranate, water caltrop, evening primrose, terminalia"
Ugni molinae,murta (Chilean guava),Ugni,Myrtaceae,plant,"Eudicots: myrtles, pomegranate, water caltrop, evening primrose, terminalia"
Amomyrtus luma,luma,Amomyrtus,Myrtaceae,plant,"Eudicots: myrtles, pomegranate, water caltrop, evening primrose, terminalia"
Backhousia citriodora,lemon myrtle,Backhousia,Myrtaceae,plant,"Eudicots: myrtles, pomegranate, water caltrop, evening primrose, terminalia"
Backhousia myrtifolia,cinnamon myrtle,Backhousia,Myrtaceae,plant,"Eudicots: myrtles, pomegranate, water caltrop, evening primrose, terminalia"
Kunzea pomifera,muntries,Kunzea,Myrtaceae,plant,"Eudicots: myrtles, pomegranate, water caltrop, evening primrose, terminalia"
Rhodomyrtus tomentosa,rose myrtle,Rhodomyrtus,Myrtaceae,plant,"Eudicots: myrtles, pomegranate, water caltrop, evening primrose, terminalia"
Eucalyptus globulus,Tasmanian blue gum (oil),Eucalyptus,Myrtaceae,plant,"Eudicots: myrtles, pomegranate, water caltrop, evening primrose, terminalia"
Eucalyptus gunnii,cider gum (sap),Eucalyptus,Myrtaceae,plant,"Eudicots: myrtles, pomegranate, water caltrop, evening primrose, terminalia"
Bellucia pentamera,coronillo,Bellucia,Melastomataceae,plant,"Eudicots: myrtles, pomegranate, water caltrop, evening primrose, terminalia"
Melastoma malabathricum,Malabar melastome (fruit),Melastoma,Melastomataceae,plant,"Eudicots: myrtles, pomegranate, water caltrop, evening primrose, terminalia"
Punica granatum,pomegranate,Punica,Lythraceae,plant,"Eudicots: myrtles, pomegranate, water caltrop, evening primrose, terminalia"
Trapa natans,water caltrop,Trapa,Lythraceae,plant,"Eudicots: myrtles, pomegranate, water caltrop, evening primrose, terminalia"
Trapa bicornis,ling nut,Trapa,Lythraceae,plant,"Eudicots: myrtles, pomegranate, water caltrop, evening primrose, terminalia"
Sonneratia caseolaris,mangrove apple,Sonneratia,Lythraceae,plant,"Eudicots: myrtles, pomegranate, water caltrop, evening primrose, terminalia"
Oenothera biennis,evening primrose,Oenothera,Onagraceae,plant,"Eudicots: myrtles, pomegranate, water caltrop, evening primrose, terminalia"
Chamerion angustifolium,fireweed,Chamerion,Onagraceae,plant,"Eudicots: myrtles, pomegranate, water caltrop, evening primrose, terminalia"
Ludwigia adscendens,water primrose (rau dua),Ludwigia,Onagraceae,plant,"Eudicots: myrtles, pomegranate, water caltrop, evening primrose, terminalia"
Fuchsia magellanica,hardy fuchsia (berries),Fuchsia,Onagraceae,plant,"Eudicots: myrtles, pomegranate, water caltrop, evening primrose, terminalia"
Terminalia catappa,sea almond,Terminalia,Combretaceae,plant,"Eudicots: myrtles, pomegranate, water caltrop, evening primrose, terminalia"
Terminalia ferdinandiana,Kakadu plum,Terminalia,Combretaceae,plant,"Eudicots: myrtles, pomegranate, water caltrop, evening primrose, terminalia"
Terminalia chebula,haritaki,Terminalia,Combretaceae,plant,"Eudicots: myrtles, pomegranate, water caltrop, evening primrose, terminalia"
Terminalia bellirica,bibhitaki,Terminalia,Combretaceae,plant,"Eudicots: myrtles, pomegranate, water caltrop, evening primrose, terminalia"
Terminalia kaernbachii,okari nut,Terminalia,Combretaceae,plant,"Eudicots: myrtles, pomegranate, water caltrop, evening primrose, terminalia"
Combretum micranthum,kinkeliba,Combretum,Combretaceae,plant,"Eudicots: myrtles, pomegranate, water caltrop, evening primrose, terminalia"
Aphloia theiformis,albizia tea (Mauritius),Aphloia,Aphloiaceae,plant,"Eudicots: myrtles, pomegranate, water caltrop, evening primrose, terminalia"
Citrus sinensis,sweet orange,Citrus,Rutaceae,plant,"Eudicots: citrus, mango, cashew, lychee, maple, mahogany relatives"
Citrus reticulata,mandarin,Citrus,Rutaceae,plant,"Eudicots: citrus, mango, cashew, lychee, maple, mahogany relatives"
Citrus limon,lemon,Citrus,Rutaceae,plant,"Eudicots: citrus, mango, cashew, lychee, maple, mahogany relatives"
Citrus aurantiifolia,key lime,Citrus,Rutaceae,plant,"Eudicots: citrus, mango, cashew, lychee, maple, mahogany relatives"
Citrus latifolia,Persian lime,Citrus,Rutaceae,plant,"Eudicots: citrus, mango, cashew, lychee, maple, mahogany relatives"
Citrus paradisi,grapefruit,Citrus,Rutaceae,plant,"Eudicots: citrus, mango, cashew, lychee, maple, mahogany relatives"
Citrus maxima,pomelo,Citrus,Rutaceae,plant,"Eudicots: citrus, mango, cashew, lychee, maple, mahogany relatives"
Citrus medica,citron,Citrus,Rutaceae,plant,"Eudicots: citrus, mango, cashew, lychee, maple, mahogany relatives"
Citrus aurantium,bitter orange,Citrus,Rutaceae,plant,"Eudicots: citrus, mango, cashew, lychee, maple, mahogany relatives"
Citrus hystrix,makrut lime,Citrus,Rutaceae,plant,"Eudicots: citrus, mango, cashew, lychee, maple, mahogany relatives"
Citrus japonica,kumquat,Citrus,Rutaceae,plant,"Eudicots: citrus, mango, cashew, lychee, maple, mahogany relatives"
Citrus junos,yuzu,Citrus,Rutaceae,plant,"Eudicots: citrus, mango, cashew, lychee, maple, mahogany relatives"
Citrus sudachi,sudachi,Citrus,Rutaceae,plant,"Eudicots: citrus, mango, cashew, lychee, maple, mahogany relatives"
Citrus sphaerocarpa,kabosu,Citrus,Rutaceae,plant,"Eudicots: citrus, mango, cashew, lychee, maple, mahogany relatives"
Citrus depressa,shikuwasa,Citrus,Rutaceae,plant,"Eudicots: citrus, mango, cashew, lychee, maple, mahogany relatives"
Citrus unshiu,satsuma,Citrus,Rutaceae,plant,"Eudicots: citrus, mango, cashew, lychee, maple, mahogany relatives"
Citrus clementina,clementine,Citrus,Rutaceae,plant,"Eudicots: citrus, mango, cashew, lychee, maple, mahogany relatives"
Citrus bergamia,bergamot,Citrus,Rutaceae,plant,"Eudicots: citrus, mango, cashew, lychee, maple, mahogany relatives"
Citrus limetta,sweet lime,Citrus,Rutaceae,plant,"Eudicots: citrus, mango, cashew, lychee, maple, mahogany relatives"
Citrus australasica,finger lime,Citrus,Rutaceae,plant,"Eudicots: citrus, mango, cashew, lychee, maple, mahogany relatives"
Citrus australis,round lime,Citrus,Rutaceae,plant,"Eudicots: citrus, mango, cashew, lychee, maple, mahogany relatives"
Citrus glauca,desert lime,Citrus,Rutaceae,plant,"Eudicots: citrus, mango, cashew, lychee, maple, mahogany relatives"
Citrus trifoliata,trifoliate orange,Citrus,Rutaceae,plant,"Eudicots: citrus, mango, cashew, lychee, maple, mahogany relatives"
Citrus natsudaidai,natsumikan,Citrus,Rutaceae,plant,"Eudicots: citrus, mango, cashew, lychee, maple, mahogany relatives"
Citrus hassaku,hassaku,Citrus,Rutaceae,plant,"Eudicots: citrus, mango, cashew, lychee, maple, mahogany relatives"
Citrus iyo,iyokan,Citrus,Rutaceae,plant,"Eudicots: citrus, mango, cashew, lychee, maple, mahogany relatives"
Aegle marmelos,bael,Aegle,Rutaceae,plant,"Eudicots: citrus, mango, cashew, lychee, maple, mahogany relatives"
Limonia acidissima,wood apple,Limonia,Rutaceae,plant,"Eudicots: citrus, mango, cashew, lychee, maple, mahogany relatives"
Clausena lansium,wampee,Clausena,Rutaceae,plant,"Eudicots: citrus, mango, cashew, lychee, maple, mahogany relatives"
Murraya koenigii,curry leaf,Murraya,Rutaceae,plant,"Eudicots: citrus, mango, cashew, lychee, maple, mahogany relatives"
Zanthoxylum piperitum,sansho,Zanthoxylum,Rutaceae,plant,"Eudicots: citrus, mango, cashew, lychee, maple, mahogany relatives"
Zanthoxylum bungeanum,Sichuan pepper,Zanthoxylum,Rutaceae,plant,"Eudicots: citrus, mango, cashew, lychee, maple, mahogany relatives"
Zanthoxylum armatum,timur (Nepal pepper),Zanthoxylum,Rutaceae,plant,"Eudicots: citrus, mango, cashew, lychee, maple, mahogany relatives"
Zanthoxylum simulans,Chinese prickly ash,Zanthoxylum,Rutaceae,plant,"Eudicots: citrus, mango, cashew, lychee, maple, mahogany relatives"
Zanthoxylum schinifolium,green Sichuan pepper,Zanthoxylum,Rutaceae,plant,"Eudicots: citrus, mango, cashew, lychee, maple, mahogany relatives"
Zanthoxylum rhetsa,Indian prickly ash (teppal),Zanthoxylum,Rutaceae,plant,"Eudicots: citrus, mango, cashew, lychee, maple, mahogany relatives"
Zanthoxylum acanthopodium,andaliman,Zanthoxylum,Rutaceae,plant,"Eudicots: citrus, mango, cashew, lychee, maple, mahogany relatives"
Zanthoxylum americanum,toothache tree,Zanthoxylum,Rutaceae,plant,"Eudicots: citrus, mango, cashew, lychee, maple, mahogany relatives"
Ruta graveolens,rue,Ruta,Rutaceae,plant,"Eudicots: citrus, mango, cashew, lychee, maple, mahogany relatives"
Ruta chalepensis,fringed rue,Ruta,Rutaceae,plant,"Eudicots: citrus, mango, cashew, lychee, maple, mahogany relatives"
Casimiroa edulis,white sapote,Casimiroa,Rutaceae,plant,"Eudicots: citrus, mango, cashew, lychee, maple, mahogany relatives"
Glycosmis pentaphylla,orangeberry,Glycosmis,Rutaceae,plant,"Eudicots: citrus, mango, cashew, lychee, maple, mahogany relatives"
Triphasia trifolia,limeberry,Triphasia,Rutaceae,plant,"Eudicots: citrus, mango, cashew, lychee, maple, mahogany relatives"
Agathosma betulina,buchu,Agathosma,Rutaceae,plant,"Eudicots: citrus, mango, cashew, lychee, maple, mahogany relatives"
Toddalia asiatica,orange climber,Toddalia,Rutaceae,plant,"Eudicots: citrus, mango, cashew, lychee, maple, mahogany relatives"
Tetradium ruticarpum,evodia (wu zhu yu),Tetradium,Rutaceae,plant,"Eudicots: citrus, mango, cashew, lychee, maple, mahogany relatives"
Quassia amara,bitterwood,Quassia,Simaroubaceae,plant,"Eudicots: citrus, mango, cashew, lychee, maple, mahogany relatives"
Lansium domesticum,langsat (duku),Lansium,Meliaceae,plant,"Eudicots: citrus, mango, cashew, lychee, maple, mahogany relatives"
Sandoricum koetjape,santol,Sandoricum,Meliaceae,plant,"Eudicots: citrus, mango, cashew, lychee, maple, mahogany relatives"
Azadirachta indica,neem (flowers),Azadirachta,Meliaceae,plant,"Eudicots: citrus, mango, cashew, lychee, maple, mahogany relatives"
Toona sinensis,Chinese toon (xiangchun),Toona,Meliaceae,plant,"Eudicots: citrus, mango, cashew, lychee, maple, mahogany relatives"
Mangifera indica,mango,Mangifera,Anacardiaceae,plant,"Eudicots: citrus, mango, cashew, lychee, maple, mahogany relatives"
Mangifera odorata,kuwini,Mangifera,Anacardiaceae,plant,"Eudicots: citrus, mango, cashew, lychee, maple, mahogany relatives"
Mangifera caesia,binjai,Mangifera,Anacardiaceae,plant,"Eudicots: citrus, mango, cashew, lychee, maple, mahogany relatives"
Mangifera foetida,horse mango (bachang),Mangifera,Anacardiaceae,plant,"Eudicots: citrus, mango, cashew, lychee, maple, mahogany relatives"
Mangifera pajang,bambangan,Mangifera,Anacardiaceae,plant,"Eudicots: citrus, mango, cashew, lychee, maple, mahogany relatives"
Anacardium occidentale,cashew,Anacardium,Anacardiaceae,plant,"Eudicots: citrus, mango, cashew, lychee, maple, mahogany relatives"
Pistacia vera,pistachio,Pistacia,Anacardiaceae,plant,"Eudicots: citrus, mango, cashew, lychee, maple, mahogany relatives"
Pistacia terebinthus,terebinth (menengiç),Pistacia,Anacardiaceae,plant,"Eudicots: citrus, mango, cashew, lychee, maple, mahogany relatives"
Pistacia lentiscus,mastic,Pistacia,Anacardiaceae,plant,"Eudicots: citrus, mango, cashew, lychee, maple, mahogany relatives"
Pistacia chinensis,Chinese pistache (leaves),Pistacia,Anacardiaceae,plant,"Eudicots: citrus, mango, cashew, lychee, maple, mahogany relatives"
Rhus coriaria,sumac,Rhus,Anacardiaceae,plant,"Eudicots: citrus, mango, cashew, lychee, maple, mahogany relatives"
Rhus typhina,staghorn sumac,Rhus,Anacardiaceae,plant,"Eudicots: citrus, mango, cashew, lychee, maple, mahogany relatives"
Rhus glabra,smooth sumac,Rhus,Anacardiaceae,plant,"Eudicots: citrus, mango, cashew, lychee, maple, mahogany relatives"
Schinus molle,Peruvian pepper (pink peppercorn),Schinus,Anacardiaceae,plant,"Eudicots: citrus, mango, cashew, lychee, maple, mahogany relatives"
Schinus terebinthifolia,Brazilian pepper,Schinus,Anacardiaceae,plant,"Eudicots: citrus, mango, cashew, lychee, maple, mahogany relatives"
Spondias mombin,yellow mombin (hog plum),Spondias,Anacardiaceae,plant,"Eudicots: citrus, mango, cashew, lychee, maple, mahogany relatives"
Spondias purpurea,jocote,Spondias,Anacardiaceae,plant,"Eudicots: citrus, mango, cashew, lychee, maple, mahogany relatives"
Spondias dulcis,ambarella,Spondias,Anacardiaceae,plant,"Eudicots: citrus, mango, cashew, lychee, maple, mahogany relatives"
Spondias pinnata,wild mango (amra),Spondias,Anacardiaceae,plant,"Eudicots: citrus, mango, cashew, lychee, maple, mahogany relatives"
Spondias tuberosa,umbu,Spondias,Anacardiaceae,plant,"Eudicots: citrus, mango, cashew, lychee, maple, mahogany relatives"
Sclerocarya birrea,marula,Sclerocarya,Anacardiaceae,plant,"Eudicots: citrus, mango, cashew, lychee, maple, mahogany relatives"
Bouea macrophylla,gandaria,Bouea,Anacardiaceae,plant,"Eudicots: citrus, mango, cashew, lychee, maple, mahogany relatives"
Dracontomelon dao,dao,Dracontomelon,Anacardiaceae,plant,"Eudicots: citrus, mango, cashew, lychee, maple, mahogany relatives"
Dracontomelon duperreanum,sau,Dracontomelon,Anacardiaceae,plant,"Eudicots: citrus, mango, cashew, lychee, maple, mahogany relatives"
Choerospondias axillaris,lapsi (Nepali hog plum),Choerospondias,Anacardiaceae,plant,"Eudicots: citrus, mango, cashew, lychee, maple, mahogany relatives"
Lannea microcarpa,African grape,Lannea,Anacardiaceae,plant,"Eudicots: citrus, mango, cashew, lychee, maple, mahogany relatives"
Harpephyllum caffrum,wild plum (Cape),Harpephyllum,Anacardiaceae,plant,"Eudicots: citrus, mango, cashew, lychee, maple, mahogany relatives"
Buchanania lanzan,chironji,Buchanania,Anacardiaceae,plant,"Eudicots: citrus, mango, cashew, lychee, maple, mahogany relatives"
Pleiogynium timoriense,Burdekin plum,Pleiogynium,Anacardiaceae,plant,"Eudicots: citrus, mango, cashew, lychee, maple, mahogany relatives"
Cyrtocarpa procera,chupandilla,Cyrtocarpa,Anacardiaceae,plant,"Eudicots: citrus, mango, cashew, lychee, maple, mahogany relatives"
Amphipterygium adstringens,cuachalalate,Amphipterygium,Anacardiaceae,plant,"Eudicots: citrus, mango, cashew, lychee, maple, mahogany relatives"
Canarium ovatum,pili nut,Canarium,Burseraceae,plant,"Eudicots: citrus, mango, cashew, lychee, maple, mahogany relatives"
Canarium indicum,galip nut,Canarium,Burseraceae,plant,"Eudicots: citrus, mango, cashew, lychee, maple, mahogany relatives"
Canarium album,Chinese olive,Canarium,Burseraceae,plant,"Eudicots: citrus, mango, cashew, lychee, maple, mahogany relatives"
Canarium odontophyllum,dabai,Canarium,Burseraceae,plant,"Eudicots: citrus, mango, cashew, lychee, maple, mahogany relatives"
Canarium schweinfurthii,African elemi,Canarium,Burseraceae,plant,"Eudicots: citrus, mango, cashew, lychee, maple, mahogany relatives"
Dacryodes edulis,safou (African pear),Dacryodes,Burseraceae,plant,"Eudicots: citrus, mango, cashew, lychee, maple, mahogany relatives"
Dacryodes macrophylla,atom (fruit),Dacryodes,Burseraceae,plant,"Eudicots: citrus, mango, cashew, lychee, maple, mahogany relatives"
Protium heptaphyllum,almécega (fruit),Protium,Burseraceae,plant,"Eudicots: citrus, mango, cashew, lychee, maple, mahogany relatives"
Litchi chinensis,lychee,Litchi,Sapindaceae,plant,"Eudicots: citrus, mango, cashew, lychee, maple, mahogany relatives"
Dimocarpus longan,longan,Dimocarpus,Sapindaceae,plant,"Eudicots: citrus, mango, cashew, lychee, maple, mahogany relatives"
Nephelium lappaceum,rambutan,Nephelium,Sapindaceae,plant,"Eudicots: citrus, mango, cashew, lychee, maple, mahogany relatives"
Nephelium ramboutan-ake,pulasan,Nephelium,Sapindaceae,plant,"Eudicots: citrus, mango, cashew, lychee, maple, mahogany relatives"
Nephelium hypoleucum,korlan,Nephelium,Sapindaceae,plant,"Eudicots: citrus, mango, cashew, lychee, maple, mahogany relatives"
Pometia pinnata,matoa (taun),Pometia,Sapindaceae,plant,"Eudicots: citrus, mango, cashew, lychee, maple, mahogany relatives"
Blighia sapida,ackee,Blighia,Sapindaceae,plant,"Eudicots: citrus, mango, cashew, lychee, maple, mahogany relatives"
Melicoccus bijugatus,mamoncillo (quenepa),Melicoccus,Sapindaceae,plant,"Eudicots: citrus, mango, cashew, lychee, maple, mahogany relatives"
Talisia esculenta,pitomba,Talisia,Sapindaceae,plant,"Eudicots: citrus, mango, cashew, lychee, maple, mahogany relatives"
Paullinia cupana,guaraná,Paullinia,Sapindaceae,plant,"Eudicots: citrus, mango, cashew, lychee, maple, mahogany relatives"
Schleichera oleosa,kusum,Schleichera,Sapindaceae,plant,"Eudicots: citrus, mango, cashew, lychee, maple, mahogany relatives"
Lepisanthes fruticosa,luna nut,Lepisanthes,Sapindaceae,plant,"Eudicots: citrus, mango, cashew, lychee, maple, mahogany relatives"
Cubilia cubili,kubili nut,Cubilia,Sapindaceae,plant,"Eudicots: citrus, mango, cashew, lychee, maple, mahogany relatives"
Alectryon tomentosus,hairy alectryon,Alectryon,Sapindaceae,plant,"Eudicots: citrus, mango, cashew, lychee, maple, mahogany relatives"
Acer saccharum,sugar maple,Acer,Sapindaceae,plant,"Eudicots: citrus, mango, cashew, lychee, maple, mahogany relatives"
Acer nigrum,black maple,Acer,Sapindaceae,plant,"Eudicots: citrus, mango, cashew, lychee, maple, mahogany relatives"
Acer rubrum,red maple (sap),Acer,Sapindaceae,plant,"Eudicots: citrus, mango, cashew, lychee, maple, mahogany relatives"
Acer saccharinum,silver maple (sap),Acer,Sapindaceae,plant,"Eudicots: citrus, mango, cashew, lychee, maple, mahogany relatives"
Acer palmatum,Japanese maple (momiji tempura),Acer,Sapindaceae,plant,"Eudicots: citrus, mango, cashew, lychee, maple, mahogany relatives"
Aesculus turbinata,Japanese horse chestnut (tochi),Aesculus,Sapindaceae,plant,"Eudicots: citrus, mango, cashew, lychee, maple, mahogany relatives"
Aesculus californica,California buckeye (processed),Aesculus,Sapindaceae,plant,"Eudicots: citrus, mango, cashew, lychee, maple, mahogany relatives"
Nitraria sibirica,Siberian nitraria,Nitraria,Nitrariaceae,plant,"Eudicots: citrus, mango, cashew, lychee, maple, mahogany relatives"
Pelargonium graveolens,rose geranium,Pelargonium,Geraniaceae,plant,"Eudicots: citrus, mango, cashew, lychee, maple, mahogany relatives"
Theobroma cacao,cacao,Theobroma,Malvaceae,plant,"Eudicots: cacao, okra, cotton, hibiscus, jute, linden, baobab, durian, brassicas, capers, papaya, moringa, nasturtium"
Theobroma grandiflorum,cupuaçu,Theobroma,Malvaceae,plant,"Eudicots: cacao, okra, cotton, hibiscus, jute, linden, baobab, durian, brassicas, capers, papaya, moringa, nasturtium"
Theobroma bicolor,mocambo (pataxte),Theobroma,Malvaceae,plant,"Eudicots: cacao, okra, cotton, hibiscus, jute, linden, baobab, durian, brassicas, capers, papaya, moringa, nasturtium"
Theobroma subincanum,cupuí,Theobroma,Malvaceae,plant,"Eudicots: cacao, okra, cotton, hibiscus, jute, linden, baobab, durian, brassicas, capers, papaya, moringa, nasturtium"
Herrania purpurea,monkey cacao,Herrania,Malvaceae,plant,"Eudicots: cacao, okra, cotton, hibiscus, jute, linden, baobab, durian, brassicas, capers, papaya, moringa, nasturtium"
Cola nitida,kola nut,Cola,Malvaceae,plant,"Eudicots: cacao, okra, cotton, hibiscus, jute, linden, baobab, durian, brassicas, capers, papaya, moringa, nasturtium"
Cola acuminata,abata kola,Cola,Malvaceae,plant,"Eudicots: cacao, okra, cotton, hibiscus, jute, linden, baobab, durian, brassicas, capers, papaya, moringa, nasturtium"
Cola lepidota,monkey kola,Cola,Malvaceae,plant,"Eudicots: cacao, okra, cotton, hibiscus, jute, linden, baobab, durian, brassicas, capers, papaya, moringa, nasturtium"
Abelmoschus esculentus,okra,Abelmoschus,Malvaceae,plant,"Eudicots: cacao, okra, cotton, hibiscus, jute, linden, baobab, durian, brassicas, capers, papaya, moringa, nasturtium"
Abelmoschus manihot,aibika,Abelmoschus,Malvaceae,plant,"Eudicots: cacao, okra, cotton, hibiscus, jute, linden, baobab, durian, brassicas, capers, papaya, moringa, nasturtium"
Abelmoschus moschatus,ambrette,Abelmoschus,Malvaceae,plant,"Eudicots: cacao, okra, cotton, hibiscus, jute, linden, baobab, durian, brassicas, capers, papaya, moringa, nasturtium"
Abelmoschus caillei,West African okra,Abelmoschus,Malvaceae,plant,"Eudicots: cacao, okra, cotton, hibiscus, jute, linden, baobab, durian, brassicas, capers, papaya, moringa, nasturtium"
Hibiscus sabdariffa,roselle,Hibiscus,Malvaceae,plant,"Eudicots: cacao, okra, cotton, hibiscus, jute, linden, baobab, durian, brassicas, capers, papaya, moringa, nasturtium"
Hibiscus rosa-sinensis,Chinese hibiscus (flowers),Hibiscus,Malvaceae,plant,"Eudicots: cacao, okra, cotton, hibiscus, jute, linden, baobab, durian, brassicas, capers, papaya, moringa, nasturtium"
Hibiscus cannabinus,kenaf (leaves),Hibiscus,Malvaceae,plant,"Eudicots: cacao, okra, cotton, hibiscus, jute, linden, baobab, durian, brassicas, capers, papaya, moringa, nasturtium"
Hibiscus acetosella,false roselle,Hibiscus,Malvaceae,plant,"Eudicots: cacao, okra, cotton, hibiscus, jute, linden, baobab, durian, brassicas, capers, papaya, moringa, nasturtium"
Hibiscus syriacus,rose of Sharon (flowers),Hibiscus,Malvaceae,plant,"Eudicots: cacao, okra, cotton, hibiscus, jute, linden, baobab, durian, brassicas, capers, papaya, moringa, nasturtium"
Hibiscus tiliaceus,sea hibiscus (leaves),Hibiscus,Malvaceae,plant,"Eudicots: cacao, okra, cotton, hibiscus, jute, linden, baobab, durian, brassicas, capers, papaya, moringa, nasturtium"
Gossypium hirsutum,upland cotton (seed oil),Gossypium,Malvaceae,plant,"Eudicots: cacao, okra, cotton, hibiscus, jute, linden, baobab, durian, brassicas, capers, papaya, moringa, nasturtium"
Gossypium barbadense,Pima cotton (seed oil),Gossypium,Malvaceae,plant,"Eudicots: cacao, okra, cotton, hibiscus, jute, linden, baobab, durian, brassicas, capers, papaya, moringa, nasturtium"
Malva sylvestris,common mallow,Malva,Malvaceae,plant,"Eudicots: cacao, okra, cotton, hibiscus, jute, linden, baobab, durian, brassicas, capers, papaya, moringa, nasturtium"
Malva verticillata,Chinese mallow,Malva,Malvaceae,plant,"Eudicots: cacao, okra, cotton, hibiscus, jute, linden, baobab, durian, brassicas, capers, papaya, moringa, nasturtium"
Malva neglecta,dwarf mallow,Malva,Malvaceae,plant,"Eudicots: cacao, okra, cotton, hibiscus, jute, linden, baobab, durian, brassicas, capers, papaya, moringa, nasturtium"
Malva parviflora,cheeseweed,Malva,Malvaceae,plant,"Eudicots: cacao, okra, cotton, hibiscus, jute, linden, baobab, durian, brassicas, capers, papaya, moringa, nasturtium"
Althaea officinalis,marshmallow,Althaea,Malvaceae,plant,"Eudicots: cacao, okra, cotton, hibiscus, jute, linden, baobab, durian, brassicas, capers, papaya, moringa, nasturtium"
Alcea rosea,hollyhock,Alcea,Malvaceae,plant,"Eudicots: cacao, okra, cotton, hibiscus, jute, linden, baobab, durian, brassicas, capers, papaya, moringa, nasturtium"
Corchorus olitorius,jute mallow (molokhia),Corchorus,Malvaceae,plant,"Eudicots: cacao, okra, cotton, hibiscus, jute, linden, baobab, durian, brassicas, capers, papaya, moringa, nasturtium"
Corchorus capsularis,white jute (leaves),Corchorus,Malvaceae,plant,"Eudicots: cacao, okra, cotton, hibiscus, jute, linden, baobab, durian, brassicas, capers, papaya, moringa, nasturtium"
Tilia cordata,small-leaved lime (linden),Tilia,Malvaceae,plant,"Eudicots: cacao, okra, cotton, hibiscus, jute, linden, baobab, durian, brassicas, capers, papaya, moringa, nasturtium"
Tilia platyphyllos,large-leaved lime,Tilia,Malvaceae,plant,"Eudicots: cacao, okra, cotton, hibiscus, jute, linden, baobab, durian, brassicas, capers, papaya, moringa, nasturtium"
Tilia americana,American basswood,Tilia,Malvaceae,plant,"Eudicots: cacao, okra, cotton, hibiscus, jute, linden, baobab, durian, brassicas, capers, papaya, moringa, nasturtium"
Grewia asiatica,phalsa,Grewia,Malvaceae,plant,"Eudicots: cacao, okra, cotton, hibiscus, jute, linden, baobab, durian, brassicas, capers, papaya, moringa, nasturtium"
Grewia tenax,white crossberry,Grewia,Malvaceae,plant,"Eudicots: cacao, okra, cotton, hibiscus, jute, linden, baobab, durian, brassicas, capers, papaya, moringa, nasturtium"
Grewia flavescens,donkey berry,Grewia,Malvaceae,plant,"Eudicots: cacao, okra, cotton, hibiscus, jute, linden, baobab, durian, brassicas, capers, papaya, moringa, nasturtium"
Sterculia foetida,Java olive (seeds),Sterculia,Malvaceae,plant,"Eudicots: cacao, okra, cotton, hibiscus, jute, linden, baobab, durian, brassicas, capers, papaya, moringa, nasturtium"
Sterculia urens,karaya gum,Sterculia,Malvaceae,plant,"Eudicots: cacao, okra, cotton, hibiscus, jute, linden, baobab, durian, brassicas, capers, papaya, moringa, nasturtium"
Brachychiton populneus,kurrajong (seeds),Brachychiton,Malvaceae,plant,"Eudicots: cacao, okra, cotton, hibiscus, jute, linden, baobab, durian, brassicas, capers, papaya, moringa, nasturtium"
Firmiana simplex,Chinese parasol tree (seeds),Firmiana,Malvaceae,plant,"Eudicots: cacao, okra, cotton, hibiscus, jute, linden, baobab, durian, brassicas, capers, papaya, moringa, nasturtium"
Scaphium affine,malva nut (pang da hai),Scaphium,Malvaceae,plant,"Eudicots: cacao, okra, cotton, hibiscus, jute, linden, baobab, durian, brassicas, capers, papaya, moringa, nasturtium"
Guazuma ulmifolia,guácima,Guazuma,Malvaceae,plant,"Eudicots: cacao, okra, cotton, hibiscus, jute, linden, baobab, durian, brassicas, capers, papaya, moringa, nasturtium"
Durio zibethinus,durian,Durio,Malvaceae,plant,"Eudicots: cacao, okra, cotton, hibiscus, jute, linden, baobab, durian, brassicas, capers, papaya, moringa, nasturtium"
Durio graveolens,red-fleshed durian,Durio,Malvaceae,plant,"Eudicots: cacao, okra, cotton, hibiscus, jute, linden, baobab, durian, brassicas, capers, papaya, moringa, nasturtium"
Durio kutejensis,lai,Durio,Malvaceae,plant,"Eudicots: cacao, okra, cotton, hibiscus, jute, linden, baobab, durian, brassicas, capers, papaya, moringa, nasturtium"
Durio oxleyanus,kerantungan,Durio,Malvaceae,plant,"Eudicots: cacao, okra, cotton, hibiscus, jute, linden, baobab, durian, brassicas, capers, papaya, moringa, nasturtium"
Durio dulcis,durian marangang,Durio,Malvaceae,plant,"Eudicots: cacao, okra, cotton, hibiscus, jute, linden, baobab, durian, brassicas, capers, papaya, moringa, nasturtium"
Bombax ceiba,red silk-cotton (semal flowers),Bombax,Malvaceae,plant,"Eudicots: cacao, okra, cotton, hibiscus, jute, linden, baobab, durian, brassicas, capers, papaya, moringa, nasturtium"
Adansonia digitata,baobab,Adansonia,Malvaceae,plant,"Eudicots: cacao, okra, cotton, hibiscus, jute, linden, baobab, durian, brassicas, capers, papaya, moringa, nasturtium"
Adansonia grandidieri,Grandidier's baobab,Adansonia,Malvaceae,plant,"Eudicots: cacao, okra, cotton, hibiscus, jute, linden, baobab, durian, brassicas, capers, papaya, moringa, nasturtium"
Adansonia gregorii,boab,Adansonia,Malvaceae,plant,"Eudicots: cacao, okra, cotton, hibiscus, jute, linden, baobab, durian, brassicas, capers, papaya, moringa, nasturtium"
Pachira aquatica,Malabar chestnut,Pachira,Malvaceae,plant,"Eudicots: cacao, okra, cotton, hibiscus, jute, linden, baobab, durian, brassicas, capers, papaya, moringa, nasturtium"
Pachira glabra,saba nut,Pachira,Malvaceae,plant,"Eudicots: cacao, okra, cotton, hibiscus, jute, linden, baobab, durian, brassicas, capers, papaya, moringa, nasturtium"
Quararibea cordata,South American sapote (chupa-chupa),Quararibea,Malvaceae,plant,"Eudicots: cacao, okra, cotton, hibiscus, jute, linden, baobab, durian, brassicas, capers, papaya, moringa, nasturtium"
Pseudobombax ellipticum,shaving brush tree (flowers),Pseudobombax,Malvaceae,plant,"Eudicots: cacao, okra, cotton, hibiscus, jute, linden, baobab, durian, brassicas, capers, papaya, moringa, nasturtium"
Kleinhovia hospita,guest tree (leaves),Kleinhovia,Malvaceae,plant,"Eudicots: cacao, okra, cotton, hibiscus, jute, linden, baobab, durian, brassicas, capers, papaya, moringa, nasturtium"
Anoda cristata,alache,Anoda,Malvaceae,plant,"Eudicots: cacao, okra, cotton, hibiscus, jute, linden, baobab, durian, brassicas, capers, papaya, moringa, nasturtium"
Malvaviscus arboreus,"Turk's cap (flowers, tea)",Malvaviscus,Malvaceae,plant,"Eudicots: cacao, okra, cotton, hibiscus, jute, linden, baobab, durian, brassicas, capers, papaya, moringa, nasturtium"
Thespesia garckeana,African chewing gum (snot apple),Thespesia,Malvaceae,plant,"Eudicots: cacao, okra, cotton, hibiscus, jute, linden, baobab, durian, brassicas, capers, papaya, moringa, nasturtium"
Thespesia populnea,portia tree (leaves),Thespesia,Malvaceae,plant,"Eudicots: cacao, okra, cotton, hibiscus, jute, linden, baobab, durian, brassicas, capers, papaya, moringa, nasturtium"
Callirhoe involucrata,purple poppy mallow (root),Callirhoe,Malvaceae,plant,"Eudicots: cacao, okra, cotton, hibiscus, jute, linden, baobab, durian, brassicas, capers, papaya, moringa, nasturtium"
Bixa orellana,annatto,Bixa,Bixaceae,plant,"Eudicots: cacao, okra, cotton, hibiscus, jute, linden, baobab, durian, brassicas, capers, papaya, moringa, nasturtium"
Amoreuxia palmatifida,saya (Sonoran root),Amoreuxia,Bixaceae,plant,"Eudicots: cacao, okra, cotton, hibiscus, jute, linden, baobab, durian, brassicas, capers, papaya, moringa, nasturtium"
Shorea robusta,sal (seed butter),Shorea,Dipterocarpaceae,plant,"Eudicots: cacao, okra, cotton, hibiscus, jute, linden, baobab, durian, brassicas, capers, papaya, moringa, nasturtium"
Shorea stenoptera,illipe (tengkawang),Shorea,Dipterocarpaceae,plant,"Eudicots: cacao, okra, cotton, hibiscus, jute, linden, baobab, durian, brassicas, capers, papaya, moringa, nasturtium"
Vateria indica,dhupa (seed fat),Vateria,Dipterocarpaceae,plant,"Eudicots: cacao, okra, cotton, hibiscus, jute, linden, baobab, durian, brassicas, capers, papaya, moringa, nasturtium"
Muntingia calabura,Jamaican cherry (aratiles),Muntingia,Muntingiaceae,plant,"Eudicots: cacao, okra, cotton, hibiscus, jute, linden, baobab, durian, brassicas, capers, papaya, moringa, nasturtium"
Cistus creticus,pink rockrose (tea),Cistus,Cistaceae,plant,"Eudicots: cacao, okra, cotton, hibiscus, jute, linden, baobab, durian, brassicas, capers, papaya, moringa, nasturtium"
Brassica oleracea,cabbage / kale / broccoli / cauliflower,Brassica,Brassicaceae,plant,"Eudicots: cacao, okra, cotton, hibiscus, jute, linden, baobab, durian, brassicas, capers, papaya, moringa, nasturtium"
Brassica rapa,turnip / bok choy / napa,Brassica,Brassicaceae,plant,"Eudicots: cacao, okra, cotton, hibiscus, jute, linden, baobab, durian, brassicas, capers, papaya, moringa, nasturtium"
Brassica napus,rapeseed / rutabaga,Brassica,Brassicaceae,plant,"Eudicots: cacao, okra, cotton, hibiscus, jute, linden, baobab, durian, brassicas, capers, papaya, moringa, nasturtium"
Brassica juncea,brown mustard / mustard greens,Brassica,Brassicaceae,plant,"Eudicots: cacao, okra, cotton, hibiscus, jute, linden, baobab, durian, brassicas, capers, papaya, moringa, nasturtium"
Brassica nigra,black mustard,Brassica,Brassicaceae,plant,"Eudicots: cacao, okra, cotton, hibiscus, jute, linden, baobab, durian, brassicas, capers, papaya, moringa, nasturtium"
Brassica carinata,Ethiopian mustard,Brassica,Brassicaceae,plant,"Eudicots: cacao, okra, cotton, hibiscus, jute, linden, baobab, durian, brassicas, capers, papaya, moringa, nasturtium"
Brassica tournefortii,Sahara mustard (seed),Brassica,Brassicaceae,plant,"Eudicots: cacao, okra, cotton, hibiscus, jute, linden, baobab, durian, brassicas, capers, papaya, moringa, nasturtium"
Sinapis alba,white mustard,Sinapis,Brassicaceae,plant,"Eudicots: cacao, okra, cotton, hibiscus, jute, linden, baobab, durian, brassicas, capers, papaya, moringa, nasturtium"
Sinapis arvensis,charlock,Sinapis,Brassicaceae,plant,"Eudicots: cacao, okra, cotton, hibiscus, jute, linden, baobab, durian, brassicas, capers, papaya, moringa, nasturtium"
Raphanus sativus,radish / daikon,Raphanus,Brassicaceae,plant,"Eudicots: cacao, okra, cotton, hibiscus, jute, linden, baobab, durian, brassicas, capers, papaya, moringa, nasturtium"
Raphanus raphanistrum,wild radish,Raphanus,Brassicaceae,plant,"Eudicots: cacao, okra, cotton, hibiscus, jute, linden, baobab, durian, brassicas, capers, papaya, moringa, nasturtium"
Eruca vesicaria,arugula (rocket),Eruca,Brassicaceae,plant,"Eudicots: cacao, okra, cotton, hibiscus, jute, linden, baobab, durian, brassicas, capers, papaya, moringa, nasturtium"
Diplotaxis tenuifolia,wild rocket,Diplotaxis,Brassicaceae,plant,"Eudicots: cacao, okra, cotton, hibiscus, jute, linden, baobab, durian, brassicas, capers, papaya, moringa, nasturtium"
Diplotaxis erucoides,white wall-rocket,Diplotaxis,Brassicaceae,plant,"Eudicots: cacao, okra, cotton, hibiscus, jute, linden, baobab, durian, brassicas, capers, papaya, moringa, nasturtium"
Diplotaxis muralis,annual wall-rocket,Diplotaxis,Brassicaceae,plant,"Eudicots: cacao, okra, cotton, hibiscus, jute, linden, baobab, durian, brassicas, capers, papaya, moringa, nasturtium"
Nasturtium officinale,watercress,Nasturtium,Brassicaceae,plant,"Eudicots: cacao, okra, cotton, hibiscus, jute, linden, baobab, durian, brassicas, capers, papaya, moringa, nasturtium"
Nasturtium microphyllum,narrow-fruited watercress,Nasturtium,Brassicaceae,plant,"Eudicots: cacao, okra, cotton, hibiscus, jute, linden, baobab, durian, brassicas, capers, papaya, moringa, nasturtium"
Armoracia rusticana,horseradish,Armoracia,Brassicaceae,plant,"Eudicots: cacao, okra, cotton, hibiscus, jute, linden, baobab, durian, brassicas, capers, papaya, moringa, nasturtium"
Eutrema japonicum,wasabi,Eutrema,Brassicaceae,plant,"Eudicots: cacao, okra, cotton, hibiscus, jute, linden, baobab, durian, brassicas, capers, papaya, moringa, nasturtium"
Barbarea verna,upland cress,Barbarea,Brassicaceae,plant,"Eudicots: cacao, okra, cotton, hibiscus, jute, linden, baobab, durian, brassicas, capers, papaya, moringa, nasturtium"
Barbarea vulgaris,winter cress,Barbarea,Brassicaceae,plant,"Eudicots: cacao, okra, cotton, hibiscus, jute, linden, baobab, durian, brassicas, capers, papaya, moringa, nasturtium"
Lepidium sativum,garden cress,Lepidium,Brassicaceae,plant,"Eudicots: cacao, okra, cotton, hibiscus, jute, linden, baobab, durian, brassicas, capers, papaya, moringa, nasturtium"
Lepidium meyenii,maca,Lepidium,Brassicaceae,plant,"Eudicots: cacao, okra, cotton, hibiscus, jute, linden, baobab, durian, brassicas, capers, papaya, moringa, nasturtium"
Lepidium latifolium,dittander,Lepidium,Brassicaceae,plant,"Eudicots: cacao, okra, cotton, hibiscus, jute, linden, baobab, durian, brassicas, capers, papaya, moringa, nasturtium"
Lepidium virginicum,Virginia pepperweed,Lepidium,Brassicaceae,plant,"Eudicots: cacao, okra, cotton, hibiscus, jute, linden, baobab, durian, brassicas, capers, papaya, moringa, nasturtium"
Lepidium draba,hoary cress (buds),Lepidium,Brassicaceae,plant,"Eudicots: cacao, okra, cotton, hibiscus, jute, linden, baobab, durian, brassicas, capers, papaya, moringa, nasturtium"
Capsella bursa-pastoris,shepherd's purse,Capsella,Brassicaceae,plant,"Eudicots: cacao, okra, cotton, hibiscus, jute, linden, baobab, durian, brassicas, capers, papaya, moringa, nasturtium"
Cardamine hirsuta,hairy bittercress,Cardamine,Brassicaceae,plant,"Eudicots: cacao, okra, cotton, hibiscus, jute, linden, baobab, durian, brassicas, capers, papaya, moringa, nasturtium"
Cardamine pratensis,cuckooflower,Cardamine,Brassicaceae,plant,"Eudicots: cacao, okra, cotton, hibiscus, jute, linden, baobab, durian, brassicas, capers, papaya, moringa, nasturtium"
Cardamine diphylla,crinkleroot,Cardamine,Brassicaceae,plant,"Eudicots: cacao, okra, cotton, hibiscus, jute, linden, baobab, durian, brassicas, capers, papaya, moringa, nasturtium"
Cardamine concatenata,cutleaf toothwort,Cardamine,Brassicaceae,plant,"Eudicots: cacao, okra, cotton, hibiscus, jute, linden, baobab, durian, brassicas, capers, papaya, moringa, nasturtium"
Alliaria petiolata,garlic mustard,Alliaria,Brassicaceae,plant,"Eudicots: cacao, okra, cotton, hibiscus, jute, linden, baobab, durian, brassicas, capers, papaya, moringa, nasturtium"
Sisymbrium officinale,hedge mustard,Sisymbrium,Brassicaceae,plant,"Eudicots: cacao, okra, cotton, hibiscus, jute, linden, baobab, durian, brassicas, capers, papaya, moringa, nasturtium"
Sisymbrium irio,London rocket,Sisymbrium,Brassicaceae,plant,"Eudicots: cacao, okra, cotton, hibiscus, jute, linden, baobab, durian, brassicas, capers, papaya, moringa, nasturtium"
Descurainia sophia,flixweed (seed),Descurainia,Brassicaceae,plant,"Eudicots: cacao, okra, cotton, hibiscus, jute, linden, baobab, durian, brassicas, capers, papaya, moringa, nasturtium"
Descurainia pinnata,tansy mustard (seed),Descurainia,Brassicaceae,plant,"Eudicots: cacao, okra, cotton, hibiscus, jute, linden, baobab, durian, brassicas, capers, papaya, moringa, nasturtium"
Crambe maritima,sea kale,Crambe,Brassicaceae,plant,"Eudicots: cacao, okra, cotton, hibiscus, jute, linden, baobab, durian, brassicas, capers, papaya, moringa, nasturtium"
Cakile maritima,sea rocket,Cakile,Brassicaceae,plant,"Eudicots: cacao, okra, cotton, hibiscus, jute, linden, baobab, durian, brassicas, capers, papaya, moringa, nasturtium"
Cakile edentula,American sea rocket,Cakile,Brassicaceae,plant,"Eudicots: cacao, okra, cotton, hibiscus, jute, linden, baobab, durian, brassicas, capers, papaya, moringa, nasturtium"
Camelina sativa,camelina (gold-of-pleasure),Camelina,Brassicaceae,plant,"Eudicots: cacao, okra, cotton, hibiscus, jute, linden, baobab, durian, brassicas, capers, papaya, moringa, nasturtium"
Thlaspi arvense,field pennycress (seed),Thlaspi,Brassicaceae,plant,"Eudicots: cacao, okra, cotton, hibiscus, jute, linden, baobab, durian, brassicas, capers, papaya, moringa, nasturtium"
Bunias orientalis,Turkish rocket,Bunias,Brassicaceae,plant,"Eudicots: cacao, okra, cotton, hibiscus, jute, linden, baobab, durian, brassicas, capers, papaya, moringa, nasturtium"
Bunias erucago,crested warty cabbage,Bunias,Brassicaceae,plant,"Eudicots: cacao, okra, cotton, hibiscus, jute, linden, baobab, durian, brassicas, capers, papaya, moringa, nasturtium"
Hirschfeldia incana,shortpod mustard,Hirschfeldia,Brassicaceae,plant,"Eudicots: cacao, okra, cotton, hibiscus, jute, linden, baobab, durian, brassicas, capers, papaya, moringa, nasturtium"
Rorippa palustris,marsh yellowcress,Rorippa,Brassicaceae,plant,"Eudicots: cacao, okra, cotton, hibiscus, jute, linden, baobab, durian, brassicas, capers, papaya, moringa, nasturtium"
Cochlearia officinalis,scurvy grass,Cochlearia,Brassicaceae,plant,"Eudicots: cacao, okra, cotton, hibiscus, jute, linden, baobab, durian, brassicas, capers, papaya, moringa, nasturtium"
Orychophragmus violaceus,Chinese violet cress,Orychophragmus,Brassicaceae,plant,"Eudicots: cacao, okra, cotton, hibiscus, jute, linden, baobab, durian, brassicas, capers, papaya, moringa, nasturtium"
Moricandia arvensis,violet cabbage,Moricandia,Brassicaceae,plant,"Eudicots: cacao, okra, cotton, hibiscus, jute, linden, baobab, durian, brassicas, capers, papaya, moringa, nasturtium"
Stanleya pinnata,prince's plume (greens),Stanleya,Brassicaceae,plant,"Eudicots: cacao, okra, cotton, hibiscus, jute, linden, baobab, durian, brassicas, capers, papaya, moringa, nasturtium"
Lobularia maritima,sweet alyssum (flowers),Lobularia,Brassicaceae,plant,"Eudicots: cacao, okra, cotton, hibiscus, jute, linden, baobab, durian, brassicas, capers, papaya, moringa, nasturtium"
Schouwia purpurea,Tuareg cabbage (alwat),Schouwia,Brassicaceae,plant,"Eudicots: cacao, okra, cotton, hibiscus, jute, linden, baobab, durian, brassicas, capers, papaya, moringa, nasturtium"
Rapistrum rugosum,bastard cabbage,Rapistrum,Brassicaceae,plant,"Eudicots: cacao, okra, cotton, hibiscus, jute, linden, baobab, durian, brassicas, capers, papaya, moringa, nasturtium"
Pugionium cornutum,sand cabbage (shacong),Pugionium,Brassicaceae,plant,"Eudicots: cacao, okra, cotton, hibiscus, jute, linden, baobab, durian, brassicas, capers, papaya, moringa, nasturtium"
Chorispora tenella,blue mustard,Chorispora,Brassicaceae,plant,"Eudicots: cacao, okra, cotton, hibiscus, jute, linden, baobab, durian, brassicas, capers, papaya, moringa, nasturtium"
Turritis glabra,tower mustard,Turritis,Brassicaceae,plant,"Eudicots: cacao, okra, cotton, hibiscus, jute, linden, baobab, durian, brassicas, capers, papaya, moringa, nasturtium"
Capparis spinosa,caper,Capparis,Capparaceae,plant,"Eudicots: cacao, okra, cotton, hibiscus, jute, linden, baobab, durian, brassicas, capers, papaya, moringa, nasturtium"
Capparis decidua,ker (kair),Capparis,Capparaceae,plant,"Eudicots: cacao, okra, cotton, hibiscus, jute, linden, baobab, durian, brassicas, capers, papaya, moringa, nasturtium"
Capparis mitchellii,bush orange,Capparis,Capparaceae,plant,"Eudicots: cacao, okra, cotton, hibiscus, jute, linden, baobab, durian, brassicas, capers, papaya, moringa, nasturtium"
Boscia senegalensis,hanza (dilo),Boscia,Capparaceae,plant,"Eudicots: cacao, okra, cotton, hibiscus, jute, linden, baobab, durian, brassicas, capers, papaya, moringa, nasturtium"
Boscia albitrunca,shepherd's tree,Boscia,Capparaceae,plant,"Eudicots: cacao, okra, cotton, hibiscus, jute, linden, baobab, durian, brassicas, capers, papaya, moringa, nasturtium"
Maerua crassifolia,maerua (leaves),Maerua,Capparaceae,plant,"Eudicots: cacao, okra, cotton, hibiscus, jute, linden, baobab, durian, brassicas, capers, papaya, moringa, nasturtium"
Crateva religiosa,sacred garlic pear,Crateva,Capparaceae,plant,"Eudicots: cacao, okra, cotton, hibiscus, jute, linden, baobab, durian, brassicas, capers, papaya, moringa, nasturtium"
Cleome gynandra,spider plant (African cabbage),Cleome,Cleomaceae,plant,"Eudicots: cacao, okra, cotton, hibiscus, jute, linden, baobab, durian, brassicas, capers, papaya, moringa, nasturtium"
Cleome viscosa,Asian spiderflower (seed),Cleome,Cleomaceae,plant,"Eudicots: cacao, okra, cotton, hibiscus, jute, linden, baobab, durian, brassicas, capers, papaya, moringa, nasturtium"
Carica papaya,papaya,Carica,Caricaceae,plant,"Eudicots: cacao, okra, cotton, hibiscus, jute, linden, baobab, durian, brassicas, capers, papaya, moringa, nasturtium"
Vasconcellea × heilbornii,babaco,Vasconcellea,Caricaceae,plant,"Eudicots: cacao, okra, cotton, hibiscus, jute, linden, baobab, durian, brassicas, capers, papaya, moringa, nasturtium"
Vasconcellea pubescens,mountain papaya,Vasconcellea,Caricaceae,plant,"Eudicots: cacao, okra, cotton, hibiscus, jute, linden, baobab, durian, brassicas, capers, papaya, moringa, nasturtium"
Vasconcellea monoica,col de montaña,Vasconcellea,Caricaceae,plant,"Eudicots: cacao, okra, cotton, hibiscus, jute, linden, baobab, durian, brassicas, capers, papaya, moringa, nasturtium"
Jacaratia mexicana,bonete,Jacaratia,Caricaceae,plant,"Eudicots: cacao, okra, cotton, hibiscus, jute, linden, baobab, durian, brassicas, capers, papaya, moringa, nasturtium"
Jacaratia spinosa,jaracatiá,Jacaratia,Caricaceae,plant,"Eudicots: cacao, okra, cotton, hibiscus, jute, linden, baobab, durian, brassicas, capers, papaya, moringa, nasturtium"
Moringa oleifera,moringa (drumstick),Moringa,Moringaceae,plant,"Eudicots: cacao, okra, cotton, hibiscus, jute, linden, baobab, durian, brassicas, capers, papaya, moringa, nasturtium"
Moringa stenopetala,African moringa,Moringa,Moringaceae,plant,"Eudicots: cacao, okra, cotton, hibiscus, jute, linden, baobab, durian, brassicas, capers, papaya, moringa, nasturtium"
Tropaeolum majus,garden nasturtium,Tropaeolum,Tropaeolaceae,plant,"Eudicots: cacao, okra, cotton, hibiscus, jute, linden, baobab, durian, brassicas, capers, papaya, moringa, nasturtium"
Tropaeolum tuberosum,mashua,Tropaeolum,Tropaeolaceae,plant,"Eudicots: cacao, okra, cotton, hibiscus, jute, linden, baobab, durian, brassicas, capers, papaya, moringa, nasturtium"
Tropaeolum minus,dwarf nasturtium,Tropaeolum,Tropaeolaceae,plant,"Eudicots: cacao, okra, cotton, hibiscus, jute, linden, baobab, durian, brassicas, capers, papaya, moringa, nasturtium"
Salvadora persica,toothbrush tree (miswak fruit),Salvadora,Salvadoraceae,plant,"Eudicots: cacao, okra, cotton, hibiscus, jute, linden, baobab, durian, brassicas, capers, papaya, moringa, nasturtium"
Dobera glabra,dobera (fruit),Dobera,Salvadoraceae,plant,"Eudicots: cacao, okra, cotton, hibiscus, jute, linden, baobab, durian, brassicas, capers, papaya, moringa, nasturtium"
Limnanthes alba,meadowfoam (oil),Limnanthes,Limnanthaceae,plant,"Eudicots: cacao, okra, cotton, hibiscus, jute, linden, baobab, durian, brassicas, capers, papaya, moringa, nasturtium"
Pentadiplandra brazzeana,brazzein berry,Pentadiplandra,Pentadiplandraceae,plant,"Eudicots: cacao, okra, cotton, hibiscus, jute, linden, baobab, durian, brassicas, capers, papaya, moringa, nasturtium"
Beta vulgaris,beet / chard / sugar beet,Beta,Amaranthaceae,plant,"Eudicots: amaranths, beets, quinoa, buckwheat, rhubarb, sorrel, purslane, cacti, ice plants, pokeweed"
Spinacia oleracea,spinach,Spinacia,Amaranthaceae,plant,"Eudicots: amaranths, beets, quinoa, buckwheat, rhubarb, sorrel, purslane, cacti, ice plants, pokeweed"
Chenopodium quinoa,quinoa,Chenopodium,Amaranthaceae,plant,"Eudicots: amaranths, beets, quinoa, buckwheat, rhubarb, sorrel, purslane, cacti, ice plants, pokeweed"
Chenopodium album,lamb's quarters (bathua),Chenopodium,Amaranthaceae,plant,"Eudicots: amaranths, beets, quinoa, buckwheat, rhubarb, sorrel, purslane, cacti, ice plants, pokeweed"
Chenopodium berlandieri,huauzontle,Chenopodium,Amaranthaceae,plant,"Eudicots: amaranths, beets, quinoa, buckwheat, rhubarb, sorrel, purslane, cacti, ice plants, pokeweed"
Chenopodium pallidicaule,kañiwa,Chenopodium,Amaranthaceae,plant,"Eudicots: amaranths, beets, quinoa, buckwheat, rhubarb, sorrel, purslane, cacti, ice plants, pokeweed"
Chenopodium giganteum,tree spinach,Chenopodium,Amaranthaceae,plant,"Eudicots: amaranths, beets, quinoa, buckwheat, rhubarb, sorrel, purslane, cacti, ice plants, pokeweed"
Chenopodium ficifolium,fig-leaved goosefoot,Chenopodium,Amaranthaceae,plant,"Eudicots: amaranths, beets, quinoa, buckwheat, rhubarb, sorrel, purslane, cacti, ice plants, pokeweed"
Blitum bonus-henricus,Good King Henry,Blitum,Amaranthaceae,plant,"Eudicots: amaranths, beets, quinoa, buckwheat, rhubarb, sorrel, purslane, cacti, ice plants, pokeweed"
Blitum capitatum,strawberry blite,Blitum,Amaranthaceae,plant,"Eudicots: amaranths, beets, quinoa, buckwheat, rhubarb, sorrel, purslane, cacti, ice plants, pokeweed"
Dysphania ambrosioides,epazote,Dysphania,Amaranthaceae,plant,"Eudicots: amaranths, beets, quinoa, buckwheat, rhubarb, sorrel, purslane, cacti, ice plants, pokeweed"
Atriplex hortensis,orache,Atriplex,Amaranthaceae,plant,"Eudicots: amaranths, beets, quinoa, buckwheat, rhubarb, sorrel, purslane, cacti, ice plants, pokeweed"
Atriplex halimus,sea orache,Atriplex,Amaranthaceae,plant,"Eudicots: amaranths, beets, quinoa, buckwheat, rhubarb, sorrel, purslane, cacti, ice plants, pokeweed"
Atriplex nummularia,old man saltbush,Atriplex,Amaranthaceae,plant,"Eudicots: amaranths, beets, quinoa, buckwheat, rhubarb, sorrel, purslane, cacti, ice plants, pokeweed"
Atriplex canescens,fourwing saltbush (seed),Atriplex,Amaranthaceae,plant,"Eudicots: amaranths, beets, quinoa, buckwheat, rhubarb, sorrel, purslane, cacti, ice plants, pokeweed"
Salicornia europaea,samphire (glasswort),Salicornia,Amaranthaceae,plant,"Eudicots: amaranths, beets, quinoa, buckwheat, rhubarb, sorrel, purslane, cacti, ice plants, pokeweed"
Salicornia bigelovii,dwarf glasswort,Salicornia,Amaranthaceae,plant,"Eudicots: amaranths, beets, quinoa, buckwheat, rhubarb, sorrel, purslane, cacti, ice plants, pokeweed"
Sarcocornia quinqueflora,beaded samphire,Sarcocornia,Amaranthaceae,plant,"Eudicots: amaranths, beets, quinoa, buckwheat, rhubarb, sorrel, purslane, cacti, ice plants, pokeweed"
Salsola soda,agretti,Salsola,Amaranthaceae,plant,"Eudicots: amaranths, beets, quinoa, buckwheat, rhubarb, sorrel, purslane, cacti, ice plants, pokeweed"
Salsola komarovii,okahijiki,Salsola,Amaranthaceae,plant,"Eudicots: amaranths, beets, quinoa, buckwheat, rhubarb, sorrel, purslane, cacti, ice plants, pokeweed"
Suaeda maritima,sea blite,Suaeda,Amaranthaceae,plant,"Eudicots: amaranths, beets, quinoa, buckwheat, rhubarb, sorrel, purslane, cacti, ice plants, pokeweed"
Suaeda salsa,yan di jian (sea blite),Suaeda,Amaranthaceae,plant,"Eudicots: amaranths, beets, quinoa, buckwheat, rhubarb, sorrel, purslane, cacti, ice plants, pokeweed"
Bassia scoparia,kochia (tonburi),Bassia,Amaranthaceae,plant,"Eudicots: amaranths, beets, quinoa, buckwheat, rhubarb, sorrel, purslane, cacti, ice plants, pokeweed"
Agriophyllum squarrosum,sand rice,Agriophyllum,Amaranthaceae,plant,"Eudicots: amaranths, beets, quinoa, buckwheat, rhubarb, sorrel, purslane, cacti, ice plants, pokeweed"
Enchylaena tomentosa,ruby saltbush,Enchylaena,Amaranthaceae,plant,"Eudicots: amaranths, beets, quinoa, buckwheat, rhubarb, sorrel, purslane, cacti, ice plants, pokeweed"
Amaranthus cruentus,red amaranth (grain),Amaranthus,Amaranthaceae,plant,"Eudicots: amaranths, beets, quinoa, buckwheat, rhubarb, sorrel, purslane, cacti, ice plants, pokeweed"
Amaranthus hypochondriacus,Prince's feather (grain),Amaranthus,Amaranthaceae,plant,"Eudicots: amaranths, beets, quinoa, buckwheat, rhubarb, sorrel, purslane, cacti, ice plants, pokeweed"
Amaranthus caudatus,love-lies-bleeding (kiwicha),Amaranthus,Amaranthaceae,plant,"Eudicots: amaranths, beets, quinoa, buckwheat, rhubarb, sorrel, purslane, cacti, ice plants, pokeweed"
Amaranthus tricolor,leaf amaranth (callaloo),Amaranthus,Amaranthaceae,plant,"Eudicots: amaranths, beets, quinoa, buckwheat, rhubarb, sorrel, purslane, cacti, ice plants, pokeweed"
Amaranthus dubius,spleen amaranth,Amaranthus,Amaranthaceae,plant,"Eudicots: amaranths, beets, quinoa, buckwheat, rhubarb, sorrel, purslane, cacti, ice plants, pokeweed"
Amaranthus viridis,slender amaranth,Amaranthus,Amaranthaceae,plant,"Eudicots: amaranths, beets, quinoa, buckwheat, rhubarb, sorrel, purslane, cacti, ice plants, pokeweed"
Amaranthus blitum,purple amaranth (vlita),Amaranthus,Amaranthaceae,plant,"Eudicots: amaranths, beets, quinoa, buckwheat, rhubarb, sorrel, purslane, cacti, ice plants, pokeweed"
Amaranthus retroflexus,redroot pigweed,Amaranthus,Amaranthaceae,plant,"Eudicots: amaranths, beets, quinoa, buckwheat, rhubarb, sorrel, purslane, cacti, ice plants, pokeweed"
Amaranthus spinosus,spiny amaranth,Amaranthus,Amaranthaceae,plant,"Eudicots: amaranths, beets, quinoa, buckwheat, rhubarb, sorrel, purslane, cacti, ice plants, pokeweed"
Amaranthus hybridus,smooth amaranth,Amaranthus,Amaranthaceae,plant,"Eudicots: amaranths, beets, quinoa, buckwheat, rhubarb, sorrel, purslane, cacti, ice plants, pokeweed"
Amaranthus palmeri,Palmer amaranth (seed),Amaranthus,Amaranthaceae,plant,"Eudicots: amaranths, beets, quinoa, buckwheat, rhubarb, sorrel, purslane, cacti, ice plants, pokeweed"
Celosia argentea,Lagos spinach (soko),Celosia,Amaranthaceae,plant,"Eudicots: amaranths, beets, quinoa, buckwheat, rhubarb, sorrel, purslane, cacti, ice plants, pokeweed"
Alternanthera sessilis,sessile joyweed,Alternanthera,Amaranthaceae,plant,"Eudicots: amaranths, beets, quinoa, buckwheat, rhubarb, sorrel, purslane, cacti, ice plants, pokeweed"
Deeringia amaranthoides,deeringia (leaves),Deeringia,Amaranthaceae,plant,"Eudicots: amaranths, beets, quinoa, buckwheat, rhubarb, sorrel, purslane, cacti, ice plants, pokeweed"
Stellaria media,chickweed,Stellaria,Caryophyllaceae,plant,"Eudicots: amaranths, beets, quinoa, buckwheat, rhubarb, sorrel, purslane, cacti, ice plants, pokeweed"
Silene vulgaris,bladder campion (sculpit),Silene,Caryophyllaceae,plant,"Eudicots: amaranths, beets, quinoa, buckwheat, rhubarb, sorrel, purslane, cacti, ice plants, pokeweed"
Saponaria officinalis,soapwort,Saponaria,Caryophyllaceae,plant,"Eudicots: amaranths, beets, quinoa, buckwheat, rhubarb, sorrel, purslane, cacti, ice plants, pokeweed"
Gypsophila arrostii,halva root (çöven),Gypsophila,Caryophyllaceae,plant,"Eudicots: amaranths, beets, quinoa, buckwheat, rhubarb, sorrel, purslane, cacti, ice plants, pokeweed"
Honckenya peploides,sea sandwort,Honckenya,Caryophyllaceae,plant,"Eudicots: amaranths, beets, quinoa, buckwheat, rhubarb, sorrel, purslane, cacti, ice plants, pokeweed"
Dianthus caryophyllus,carnation (petals),Dianthus,Caryophyllaceae,plant,"Eudicots: amaranths, beets, quinoa, buckwheat, rhubarb, sorrel, purslane, cacti, ice plants, pokeweed"
Paronychia argentea,Algerian tea,Paronychia,Caryophyllaceae,plant,"Eudicots: amaranths, beets, quinoa, buckwheat, rhubarb, sorrel, purslane, cacti, ice plants, pokeweed"
Fagopyrum esculentum,buckwheat,Fagopyrum,Polygonaceae,plant,"Eudicots: amaranths, beets, quinoa, buckwheat, rhubarb, sorrel, purslane, cacti, ice plants, pokeweed"
Fagopyrum tataricum,Tartary buckwheat,Fagopyrum,Polygonaceae,plant,"Eudicots: amaranths, beets, quinoa, buckwheat, rhubarb, sorrel, purslane, cacti, ice plants, pokeweed"
Rheum rhabarbarum,rhubarb,Rheum,Polygonaceae,plant,"Eudicots: amaranths, beets, quinoa, buckwheat, rhubarb, sorrel, purslane, cacti, ice plants, pokeweed"
Rheum rhaponticum,false rhubarb,Rheum,Polygonaceae,plant,"Eudicots: amaranths, beets, quinoa, buckwheat, rhubarb, sorrel, purslane, cacti, ice plants, pokeweed"
Rheum ribes,Persian rhubarb (rivas),Rheum,Polygonaceae,plant,"Eudicots: amaranths, beets, quinoa, buckwheat, rhubarb, sorrel, purslane, cacti, ice plants, pokeweed"
Rumex acetosa,sorrel,Rumex,Polygonaceae,plant,"Eudicots: amaranths, beets, quinoa, buckwheat, rhubarb, sorrel, purslane, cacti, ice plants, pokeweed"
Rumex scutatus,French sorrel,Rumex,Polygonaceae,plant,"Eudicots: amaranths, beets, quinoa, buckwheat, rhubarb, sorrel, purslane, cacti, ice plants, pokeweed"
Rumex acetosella,sheep sorrel,Rumex,Polygonaceae,plant,"Eudicots: amaranths, beets, quinoa, buckwheat, rhubarb, sorrel, purslane, cacti, ice plants, pokeweed"
Rumex patientia,patience dock,Rumex,Polygonaceae,plant,"Eudicots: amaranths, beets, quinoa, buckwheat, rhubarb, sorrel, purslane, cacti, ice plants, pokeweed"
Rumex crispus,curly dock,Rumex,Polygonaceae,plant,"Eudicots: amaranths, beets, quinoa, buckwheat, rhubarb, sorrel, purslane, cacti, ice plants, pokeweed"
Rumex vesicarius,bladder dock (hummeidh),Rumex,Polygonaceae,plant,"Eudicots: amaranths, beets, quinoa, buckwheat, rhubarb, sorrel, purslane, cacti, ice plants, pokeweed"
Rumex hymenosepalus,canaigre,Rumex,Polygonaceae,plant,"Eudicots: amaranths, beets, quinoa, buckwheat, rhubarb, sorrel, purslane, cacti, ice plants, pokeweed"
Rumex sanguineus,bloody dock,Rumex,Polygonaceae,plant,"Eudicots: amaranths, beets, quinoa, buckwheat, rhubarb, sorrel, purslane, cacti, ice plants, pokeweed"
Rumex alpinus,monk's rhubarb,Rumex,Polygonaceae,plant,"Eudicots: amaranths, beets, quinoa, buckwheat, rhubarb, sorrel, purslane, cacti, ice plants, pokeweed"
Oxyria digyna,mountain sorrel,Oxyria,Polygonaceae,plant,"Eudicots: amaranths, beets, quinoa, buckwheat, rhubarb, sorrel, purslane, cacti, ice plants, pokeweed"
Bistorta officinalis,bistort,Bistorta,Polygonaceae,plant,"Eudicots: amaranths, beets, quinoa, buckwheat, rhubarb, sorrel, purslane, cacti, ice plants, pokeweed"
Bistorta vivipara,alpine bistort,Bistorta,Polygonaceae,plant,"Eudicots: amaranths, beets, quinoa, buckwheat, rhubarb, sorrel, purslane, cacti, ice plants, pokeweed"
Persicaria odorata,Vietnamese coriander (rau răm),Persicaria,Polygonaceae,plant,"Eudicots: amaranths, beets, quinoa, buckwheat, rhubarb, sorrel, purslane, cacti, ice plants, pokeweed"
Persicaria hydropiper,water pepper (tade),Persicaria,Polygonaceae,plant,"Eudicots: amaranths, beets, quinoa, buckwheat, rhubarb, sorrel, purslane, cacti, ice plants, pokeweed"
Persicaria minor,kesum,Persicaria,Polygonaceae,plant,"Eudicots: amaranths, beets, quinoa, buckwheat, rhubarb, sorrel, purslane, cacti, ice plants, pokeweed"
Reynoutria japonica,Japanese knotweed (shoots),Reynoutria,Polygonaceae,plant,"Eudicots: amaranths, beets, quinoa, buckwheat, rhubarb, sorrel, purslane, cacti, ice plants, pokeweed"
Coccoloba uvifera,sea grape,Coccoloba,Polygonaceae,plant,"Eudicots: amaranths, beets, quinoa, buckwheat, rhubarb, sorrel, purslane, cacti, ice plants, pokeweed"
Antigonon leptopus,coral vine (tubers),Antigonon,Polygonaceae,plant,"Eudicots: amaranths, beets, quinoa, buckwheat, rhubarb, sorrel, purslane, cacti, ice plants, pokeweed"
Portulaca oleracea,purslane,Portulaca,Portulacaceae,plant,"Eudicots: amaranths, beets, quinoa, buckwheat, rhubarb, sorrel, purslane, cacti, ice plants, pokeweed"
Claytonia perfoliata,miner's lettuce,Claytonia,Montiaceae,plant,"Eudicots: amaranths, beets, quinoa, buckwheat, rhubarb, sorrel, purslane, cacti, ice plants, pokeweed"
Claytonia sibirica,Siberian spring beauty,Claytonia,Montiaceae,plant,"Eudicots: amaranths, beets, quinoa, buckwheat, rhubarb, sorrel, purslane, cacti, ice plants, pokeweed"
Claytonia virginica,spring beauty (fairy spuds),Claytonia,Montiaceae,plant,"Eudicots: amaranths, beets, quinoa, buckwheat, rhubarb, sorrel, purslane, cacti, ice plants, pokeweed"
Montia fontana,water blinks,Montia,Montiaceae,plant,"Eudicots: amaranths, beets, quinoa, buckwheat, rhubarb, sorrel, purslane, cacti, ice plants, pokeweed"
Lewisia rediviva,bitterroot,Lewisia,Montiaceae,plant,"Eudicots: amaranths, beets, quinoa, buckwheat, rhubarb, sorrel, purslane, cacti, ice plants, pokeweed"
Talinum fruticosum,Ceylon spinach (waterleaf),Talinum,Talinaceae,plant,"Eudicots: amaranths, beets, quinoa, buckwheat, rhubarb, sorrel, purslane, cacti, ice plants, pokeweed"
Talinum paniculatum,jewels of Opar (leaves),Talinum,Talinaceae,plant,"Eudicots: amaranths, beets, quinoa, buckwheat, rhubarb, sorrel, purslane, cacti, ice plants, pokeweed"
Basella alba,Malabar spinach,Basella,Basellaceae,plant,"Eudicots: amaranths, beets, quinoa, buckwheat, rhubarb, sorrel, purslane, cacti, ice plants, pokeweed"
Ullucus tuberosus,ulluco,Ullucus,Basellaceae,plant,"Eudicots: amaranths, beets, quinoa, buckwheat, rhubarb, sorrel, purslane, cacti, ice plants, pokeweed"
Anredera cordifolia,Madeira vine,Anredera,Basellaceae,plant,"Eudicots: amaranths, beets, quinoa, buckwheat, rhubarb, sorrel, purslane, cacti, ice plants, pokeweed"
Portulacaria afra,spekboom,Portulacaria,Didiereaceae,plant,"Eudicots: amaranths, beets, quinoa, buckwheat, rhubarb, sorrel, purslane, cacti, ice plants, pokeweed"
Opuntia ficus-indica,"prickly pear (nopal, tuna)",Opuntia,Cactaceae,plant,"Eudicots: amaranths, beets, quinoa, buckwheat, rhubarb, sorrel, purslane, cacti, ice plants, pokeweed"
Opuntia engelmannii,Engelmann's prickly pear,Opuntia,Cactaceae,plant,"Eudicots: amaranths, beets, quinoa, buckwheat, rhubarb, sorrel, purslane, cacti, ice plants, pokeweed"
Opuntia humifusa,eastern prickly pear,Opuntia,Cactaceae,plant,"Eudicots: amaranths, beets, quinoa, buckwheat, rhubarb, sorrel, purslane, cacti, ice plants, pokeweed"
Opuntia phaeacantha,tulip prickly pear,Opuntia,Cactaceae,plant,"Eudicots: amaranths, beets, quinoa, buckwheat, rhubarb, sorrel, purslane, cacti, ice plants, pokeweed"
Opuntia robusta,nopal tapón,Opuntia,Cactaceae,plant,"Eudicots: amaranths, beets, quinoa, buckwheat, rhubarb, sorrel, purslane, cacti, ice plants, pokeweed"
Opuntia cochenillifera,cochineal nopal,Opuntia,Cactaceae,plant,"Eudicots: amaranths, beets, quinoa, buckwheat, rhubarb, sorrel, purslane, cacti, ice plants, pokeweed"
Opuntia joconostle,xoconostle,Opuntia,Cactaceae,plant,"Eudicots: amaranths, beets, quinoa, buckwheat, rhubarb, sorrel, purslane, cacti, ice plants, pokeweed"
Opuntia matudae,xoconostle (matudae),Opuntia,Cactaceae,plant,"Eudicots: amaranths, beets, quinoa, buckwheat, rhubarb, sorrel, purslane, cacti, ice plants, pokeweed"
Cylindropuntia acanthocarpa,buckhorn cholla (buds),Cylindropuntia,Cactaceae,plant,"Eudicots: amaranths, beets, quinoa, buckwheat, rhubarb, sorrel, purslane, cacti, ice plants, pokeweed"
Selenicereus undatus,white dragon fruit,Selenicereus,Cactaceae,plant,"Eudicots: amaranths, beets, quinoa, buckwheat, rhubarb, sorrel, purslane, cacti, ice plants, pokeweed"
Selenicereus costaricensis,red dragon fruit,Selenicereus,Cactaceae,plant,"Eudicots: amaranths, beets, quinoa, buckwheat, rhubarb, sorrel, purslane, cacti, ice plants, pokeweed"
Selenicereus megalanthus,yellow dragon fruit,Selenicereus,Cactaceae,plant,"Eudicots: amaranths, beets, quinoa, buckwheat, rhubarb, sorrel, purslane, cacti, ice plants, pokeweed"
Stenocereus thurberi,organ pipe cactus (pitaya dulce),Stenocereus,Cactaceae,plant,"Eudicots: amaranths, beets, quinoa, buckwheat, rhubarb, sorrel, purslane, cacti, ice plants, pokeweed"
Stenocereus queretaroensis,pitaya de Querétaro,Stenocereus,Cactaceae,plant,"Eudicots: amaranths, beets, quinoa, buckwheat, rhubarb, sorrel, purslane, cacti, ice plants, pokeweed"
Stenocereus griseus,pitayo de Mayo,Stenocereus,Cactaceae,plant,"Eudicots: amaranths, beets, quinoa, buckwheat, rhubarb, sorrel, purslane, cacti, ice plants, pokeweed"
Stenocereus gummosus,pitaya agria,Stenocereus,Cactaceae,plant,"Eudicots: amaranths, beets, quinoa, buckwheat, rhubarb, sorrel, purslane, cacti, ice plants, pokeweed"
Stenocereus pruinosus,pitaya de octubre,Stenocereus,Cactaceae,plant,"Eudicots: amaranths, beets, quinoa, buckwheat, rhubarb, sorrel, purslane, cacti, ice plants, pokeweed"
Myrtillocactus geometrizans,garambullo,Myrtillocactus,Cactaceae,plant,"Eudicots: amaranths, beets, quinoa, buckwheat, rhubarb, sorrel, purslane, cacti, ice plants, pokeweed"
Carnegiea gigantea,saguaro,Carnegiea,Cactaceae,plant,"Eudicots: amaranths, beets, quinoa, buckwheat, rhubarb, sorrel, purslane, cacti, ice plants, pokeweed"
Pachycereus pringlei,cardón,Pachycereus,Cactaceae,plant,"Eudicots: amaranths, beets, quinoa, buckwheat, rhubarb, sorrel, purslane, cacti, ice plants, pokeweed"
Pachycereus pecten-aboriginum,hairbrush cactus (fruit),Pachycereus,Cactaceae,plant,"Eudicots: amaranths, beets, quinoa, buckwheat, rhubarb, sorrel, purslane, cacti, ice plants, pokeweed"
Cereus repandus,Peruvian apple cactus,Cereus,Cactaceae,plant,"Eudicots: amaranths, beets, quinoa, buckwheat, rhubarb, sorrel, purslane, cacti, ice plants, pokeweed"
Cereus jamacaru,mandacaru,Cereus,Cactaceae,plant,"Eudicots: amaranths, beets, quinoa, buckwheat, rhubarb, sorrel, purslane, cacti, ice plants, pokeweed"
Echinocereus engelmannii,strawberry hedgehog cactus,Echinocereus,Cactaceae,plant,"Eudicots: amaranths, beets, quinoa, buckwheat, rhubarb, sorrel, purslane, cacti, ice plants, pokeweed"
Ferocactus wislizeni,fishhook barrel (cactus candy),Ferocactus,Cactaceae,plant,"Eudicots: amaranths, beets, quinoa, buckwheat, rhubarb, sorrel, purslane, cacti, ice plants, pokeweed"
Echinocactus platyacanthus,biznaga (acitrón),Echinocactus,Cactaceae,plant,"Eudicots: amaranths, beets, quinoa, buckwheat, rhubarb, sorrel, purslane, cacti, ice plants, pokeweed"
Pereskia aculeata,ora-pro-nóbis,Pereskia,Cactaceae,plant,"Eudicots: amaranths, beets, quinoa, buckwheat, rhubarb, sorrel, purslane, cacti, ice plants, pokeweed"
Leuenbergeria bleo,rose cactus (leaves),Leuenbergeria,Cactaceae,plant,"Eudicots: amaranths, beets, quinoa, buckwheat, rhubarb, sorrel, purslane, cacti, ice plants, pokeweed"
Pereskia grandifolia,rose cactus (grandifolia),Pereskia,Cactaceae,plant,"Eudicots: amaranths, beets, quinoa, buckwheat, rhubarb, sorrel, purslane, cacti, ice plants, pokeweed"
Escontria chiotilla,jiotilla,Escontria,Cactaceae,plant,"Eudicots: amaranths, beets, quinoa, buckwheat, rhubarb, sorrel, purslane, cacti, ice plants, pokeweed"
Polaskia chichipe,chichipe,Polaskia,Cactaceae,plant,"Eudicots: amaranths, beets, quinoa, buckwheat, rhubarb, sorrel, purslane, cacti, ice plants, pokeweed"
Eulychnia acida,copao,Eulychnia,Cactaceae,plant,"Eudicots: amaranths, beets, quinoa, buckwheat, rhubarb, sorrel, purslane, cacti, ice plants, pokeweed"
Echinopsis chiloensis,quisco (guillave),Echinopsis,Cactaceae,plant,"Eudicots: amaranths, beets, quinoa, buckwheat, rhubarb, sorrel, purslane, cacti, ice plants, pokeweed"
Corryocactus brevistylus,sancayo,Corryocactus,Cactaceae,plant,"Eudicots: amaranths, beets, quinoa, buckwheat, rhubarb, sorrel, purslane, cacti, ice plants, pokeweed"
Tetragonia tetragonioides,New Zealand spinach,Tetragonia,Aizoaceae,plant,"Eudicots: amaranths, beets, quinoa, buckwheat, rhubarb, sorrel, purslane, cacti, ice plants, pokeweed"
Carpobrotus edulis,sour fig (Hottentot fig),Carpobrotus,Aizoaceae,plant,"Eudicots: amaranths, beets, quinoa, buckwheat, rhubarb, sorrel, purslane, cacti, ice plants, pokeweed"
Carpobrotus rossii,karkalla,Carpobrotus,Aizoaceae,plant,"Eudicots: amaranths, beets, quinoa, buckwheat, rhubarb, sorrel, purslane, cacti, ice plants, pokeweed"
Mesembryanthemum crystallinum,ice plant,Mesembryanthemum,Aizoaceae,plant,"Eudicots: amaranths, beets, quinoa, buckwheat, rhubarb, sorrel, purslane, cacti, ice plants, pokeweed"
Sesuvium portulacastrum,sea purslane,Sesuvium,Aizoaceae,plant,"Eudicots: amaranths, beets, quinoa, buckwheat, rhubarb, sorrel, purslane, cacti, ice plants, pokeweed"
Trianthema portulacastrum,horse purslane,Trianthema,Aizoaceae,plant,"Eudicots: amaranths, beets, quinoa, buckwheat, rhubarb, sorrel, purslane, cacti, ice plants, pokeweed"
Phytolacca americana,pokeweed (poke sallet),Phytolacca,Phytolaccaceae,plant,"Eudicots: amaranths, beets, quinoa, buckwheat, rhubarb, sorrel, purslane, cacti, ice plants, pokeweed"
Phytolacca acinosa,Indian pokeweed,Phytolacca,Phytolaccaceae,plant,"Eudicots: amaranths, beets, quinoa, buckwheat, rhubarb, sorrel, purslane, cacti, ice plants, pokeweed"
Mirabilis expansa,mauka,Mirabilis,Nyctaginaceae,plant,"Eudicots: amaranths, beets, quinoa, buckwheat, rhubarb, sorrel, purslane, cacti, ice plants, pokeweed"
Boerhavia diffusa,punarnava,Boerhavia,Nyctaginaceae,plant,"Eudicots: amaranths, beets, quinoa, buckwheat, rhubarb, sorrel, purslane, cacti, ice plants, pokeweed"
Pisonia grandis,lettuce tree,Pisonia,Nyctaginaceae,plant,"Eudicots: amaranths, beets, quinoa, buckwheat, rhubarb, sorrel, purslane, cacti, ice plants, pokeweed"
Glinus oppositifolius,slender carpetweed,Glinus,Molluginaceae,plant,"Eudicots: amaranths, beets, quinoa, buckwheat, rhubarb, sorrel, purslane, cacti, ice plants, pokeweed"
Santalum acuminatum,quandong,Santalum,Santalaceae,plant,"Eudicots: amaranths, beets, quinoa, buckwheat, rhubarb, sorrel, purslane, cacti, ice plants, pokeweed"
Santalum spicatum,Australian sandalwood (nut),Santalum,Santalaceae,plant,"Eudicots: amaranths, beets, quinoa, buckwheat, rhubarb, sorrel, purslane, cacti, ice plants, pokeweed"
Exocarpos cupressiformis,native cherry,Exocarpos,Santalaceae,plant,"Eudicots: amaranths, beets, quinoa, buckwheat, rhubarb, sorrel, purslane, cacti, ice plants, pokeweed"
Ximenia americana,yellow plum (tallow wood),Ximenia,Ximeniaceae,plant,"Eudicots: amaranths, beets, quinoa, buckwheat, rhubarb, sorrel, purslane, cacti, ice plants, pokeweed"
Ximenia caffra,sourplum,Ximenia,Ximeniaceae,plant,"Eudicots: amaranths, beets, quinoa, buckwheat, rhubarb, sorrel, purslane, cacti, ice plants, pokeweed"
Coula edulis,coula nut,Coula,Coulaceae,plant,"Eudicots: amaranths, beets, quinoa, buckwheat, rhubarb, sorrel, purslane, cacti, ice plants, pokeweed"
Cornus mas,cornelian cherry,Cornus,Cornaceae,plant,"Eudicots: cornels, heaths, tea, kiwi, persimmon, sapotes, Brazil nut, primroses"
Cornus kousa,kousa dogwood (fruit),Cornus,Cornaceae,plant,"Eudicots: cornels, heaths, tea, kiwi, persimmon, sapotes, Brazil nut, primroses"
Cornus canadensis,bunchberry,Cornus,Cornaceae,plant,"Eudicots: cornels, heaths, tea, kiwi, persimmon, sapotes, Brazil nut, primroses"
Cornus officinalis,Japanese cornel (shanzhuyu),Cornus,Cornaceae,plant,"Eudicots: cornels, heaths, tea, kiwi, persimmon, sapotes, Brazil nut, primroses"
Nyssa ogeche,Ogeechee lime,Nyssa,Nyssaceae,plant,"Eudicots: cornels, heaths, tea, kiwi, persimmon, sapotes, Brazil nut, primroses"
Nyssa sylvatica,black tupelo (fruit),Nyssa,Nyssaceae,plant,"Eudicots: cornels, heaths, tea, kiwi, persimmon, sapotes, Brazil nut, primroses"
Mentzelia albicaulis,whitestem blazingstar (seed),Mentzelia,Loasaceae,plant,"Eudicots: cornels, heaths, tea, kiwi, persimmon, sapotes, Brazil nut, primroses"
Vaccinium corymbosum,highbush blueberry,Vaccinium,Ericaceae,plant,"Eudicots: cornels, heaths, tea, kiwi, persimmon, sapotes, Brazil nut, primroses"
Vaccinium angustifolium,lowbush blueberry,Vaccinium,Ericaceae,plant,"Eudicots: cornels, heaths, tea, kiwi, persimmon, sapotes, Brazil nut, primroses"
Vaccinium virgatum,rabbiteye blueberry,Vaccinium,Ericaceae,plant,"Eudicots: cornels, heaths, tea, kiwi, persimmon, sapotes, Brazil nut, primroses"
Vaccinium myrtillus,bilberry,Vaccinium,Ericaceae,plant,"Eudicots: cornels, heaths, tea, kiwi, persimmon, sapotes, Brazil nut, primroses"
Vaccinium macrocarpon,cranberry,Vaccinium,Ericaceae,plant,"Eudicots: cornels, heaths, tea, kiwi, persimmon, sapotes, Brazil nut, primroses"
Vaccinium oxycoccos,small cranberry,Vaccinium,Ericaceae,plant,"Eudicots: cornels, heaths, tea, kiwi, persimmon, sapotes, Brazil nut, primroses"
Vaccinium vitis-idaea,lingonberry,Vaccinium,Ericaceae,plant,"Eudicots: cornels, heaths, tea, kiwi, persimmon, sapotes, Brazil nut, primroses"
Vaccinium uliginosum,bog bilberry,Vaccinium,Ericaceae,plant,"Eudicots: cornels, heaths, tea, kiwi, persimmon, sapotes, Brazil nut, primroses"
Vaccinium ovatum,evergreen huckleberry,Vaccinium,Ericaceae,plant,"Eudicots: cornels, heaths, tea, kiwi, persimmon, sapotes, Brazil nut, primroses"
Vaccinium membranaceum,black huckleberry,Vaccinium,Ericaceae,plant,"Eudicots: cornels, heaths, tea, kiwi, persimmon, sapotes, Brazil nut, primroses"
Vaccinium parvifolium,red huckleberry,Vaccinium,Ericaceae,plant,"Eudicots: cornels, heaths, tea, kiwi, persimmon, sapotes, Brazil nut, primroses"
Vaccinium deliciosum,Cascade bilberry,Vaccinium,Ericaceae,plant,"Eudicots: cornels, heaths, tea, kiwi, persimmon, sapotes, Brazil nut, primroses"
Vaccinium ovalifolium,oval-leaf blueberry,Vaccinium,Ericaceae,plant,"Eudicots: cornels, heaths, tea, kiwi, persimmon, sapotes, Brazil nut, primroses"
Vaccinium reticulatum,ohelo,Vaccinium,Ericaceae,plant,"Eudicots: cornels, heaths, tea, kiwi, persimmon, sapotes, Brazil nut, primroses"
Vaccinium floribundum,mortiño,Vaccinium,Ericaceae,plant,"Eudicots: cornels, heaths, tea, kiwi, persimmon, sapotes, Brazil nut, primroses"
Vaccinium meridionale,agraz,Vaccinium,Ericaceae,plant,"Eudicots: cornels, heaths, tea, kiwi, persimmon, sapotes, Brazil nut, primroses"
Vaccinium arctostaphylos,Caucasian whortleberry,Vaccinium,Ericaceae,plant,"Eudicots: cornels, heaths, tea, kiwi, persimmon, sapotes, Brazil nut, primroses"
Vaccinium stamineum,deerberry,Vaccinium,Ericaceae,plant,"Eudicots: cornels, heaths, tea, kiwi, persimmon, sapotes, Brazil nut, primroses"
Vaccinium arboreum,sparkleberry,Vaccinium,Ericaceae,plant,"Eudicots: cornels, heaths, tea, kiwi, persimmon, sapotes, Brazil nut, primroses"
Gaylussacia baccata,black huckleberry (Gaylussacia),Gaylussacia,Ericaceae,plant,"Eudicots: cornels, heaths, tea, kiwi, persimmon, sapotes, Brazil nut, primroses"
Gaylussacia frondosa,dangleberry,Gaylussacia,Ericaceae,plant,"Eudicots: cornels, heaths, tea, kiwi, persimmon, sapotes, Brazil nut, primroses"
Arbutus unedo,strawberry tree,Arbutus,Ericaceae,plant,"Eudicots: cornels, heaths, tea, kiwi, persimmon, sapotes, Brazil nut, primroses"
Arbutus menziesii,Pacific madrone (berries),Arbutus,Ericaceae,plant,"Eudicots: cornels, heaths, tea, kiwi, persimmon, sapotes, Brazil nut, primroses"
Arctostaphylos uva-ursi,bearberry,Arctostaphylos,Ericaceae,plant,"Eudicots: cornels, heaths, tea, kiwi, persimmon, sapotes, Brazil nut, primroses"
Arctostaphylos glauca,bigberry manzanita,Arctostaphylos,Ericaceae,plant,"Eudicots: cornels, heaths, tea, kiwi, persimmon, sapotes, Brazil nut, primroses"
Arctostaphylos pungens,pointleaf manzanita,Arctostaphylos,Ericaceae,plant,"Eudicots: cornels, heaths, tea, kiwi, persimmon, sapotes, Brazil nut, primroses"
Arctous alpina,alpine bearberry,Arctous,Ericaceae,plant,"Eudicots: cornels, heaths, tea, kiwi, persimmon, sapotes, Brazil nut, primroses"
Gaultheria procumbens,wintergreen,Gaultheria,Ericaceae,plant,"Eudicots: cornels, heaths, tea, kiwi, persimmon, sapotes, Brazil nut, primroses"
Gaultheria shallon,salal,Gaultheria,Ericaceae,plant,"Eudicots: cornels, heaths, tea, kiwi, persimmon, sapotes, Brazil nut, primroses"
Gaultheria hispida,snowberry (Tasmania),Gaultheria,Ericaceae,plant,"Eudicots: cornels, heaths, tea, kiwi, persimmon, sapotes, Brazil nut, primroses"
Gaultheria mucronata,prickly heath (berries),Gaultheria,Ericaceae,plant,"Eudicots: cornels, heaths, tea, kiwi, persimmon, sapotes, Brazil nut, primroses"
Gaultheria fragrantissima,fragrant wintergreen,Gaultheria,Ericaceae,plant,"Eudicots: cornels, heaths, tea, kiwi, persimmon, sapotes, Brazil nut, primroses"
Empetrum nigrum,crowberry,Empetrum,Ericaceae,plant,"Eudicots: cornels, heaths, tea, kiwi, persimmon, sapotes, Brazil nut, primroses"
Empetrum rubrum,red crowberry (diddle-dee),Empetrum,Ericaceae,plant,"Eudicots: cornels, heaths, tea, kiwi, persimmon, sapotes, Brazil nut, primroses"
Calluna vulgaris,heather,Calluna,Ericaceae,plant,"Eudicots: cornels, heaths, tea, kiwi, persimmon, sapotes, Brazil nut, primroses"
Rhododendron arboreum,tree rhododendron (flowers),Rhododendron,Ericaceae,plant,"Eudicots: cornels, heaths, tea, kiwi, persimmon, sapotes, Brazil nut, primroses"
Rhododendron tomentosum,marsh Labrador tea,Rhododendron,Ericaceae,plant,"Eudicots: cornels, heaths, tea, kiwi, persimmon, sapotes, Brazil nut, primroses"
Rhododendron groenlandicum,Labrador tea,Rhododendron,Ericaceae,plant,"Eudicots: cornels, heaths, tea, kiwi, persimmon, sapotes, Brazil nut, primroses"
Oxydendrum arboreum,sourwood,Oxydendrum,Ericaceae,plant,"Eudicots: cornels, heaths, tea, kiwi, persimmon, sapotes, Brazil nut, primroses"
Macleania rupestris,uva camarona,Macleania,Ericaceae,plant,"Eudicots: cornels, heaths, tea, kiwi, persimmon, sapotes, Brazil nut, primroses"
Cavendishia bracteata,cavendishia (fruit),Cavendishia,Ericaceae,plant,"Eudicots: cornels, heaths, tea, kiwi, persimmon, sapotes, Brazil nut, primroses"
Actinidia deliciosa,kiwifruit,Actinidia,Actinidiaceae,plant,"Eudicots: cornels, heaths, tea, kiwi, persimmon, sapotes, Brazil nut, primroses"
Actinidia chinensis,golden kiwifruit,Actinidia,Actinidiaceae,plant,"Eudicots: cornels, heaths, tea, kiwi, persimmon, sapotes, Brazil nut, primroses"
Actinidia arguta,hardy kiwi,Actinidia,Actinidiaceae,plant,"Eudicots: cornels, heaths, tea, kiwi, persimmon, sapotes, Brazil nut, primroses"
Actinidia kolomikta,Arctic kiwi,Actinidia,Actinidiaceae,plant,"Eudicots: cornels, heaths, tea, kiwi, persimmon, sapotes, Brazil nut, primroses"
Actinidia polygama,silver vine,Actinidia,Actinidiaceae,plant,"Eudicots: cornels, heaths, tea, kiwi, persimmon, sapotes, Brazil nut, primroses"
Actinidia eriantha,white kiwi,Actinidia,Actinidiaceae,plant,"Eudicots: cornels, heaths, tea, kiwi, persimmon, sapotes, Brazil nut, primroses"
Saurauia napaulensis,gogan (fruit),Saurauia,Actinidiaceae,plant,"Eudicots: cornels, heaths, tea, kiwi, persimmon, sapotes, Brazil nut, primroses"
Camellia sinensis,tea,Camellia,Theaceae,plant,"Eudicots: cornels, heaths, tea, kiwi, persimmon, sapotes, Brazil nut, primroses"
Camellia oleifera,tea seed oil,Camellia,Theaceae,plant,"Eudicots: cornels, heaths, tea, kiwi, persimmon, sapotes, Brazil nut, primroses"
Camellia japonica,Japanese camellia (seed oil),Camellia,Theaceae,plant,"Eudicots: cornels, heaths, tea, kiwi, persimmon, sapotes, Brazil nut, primroses"
Camellia sasanqua,sasanqua (seed oil),Camellia,Theaceae,plant,"Eudicots: cornels, heaths, tea, kiwi, persimmon, sapotes, Brazil nut, primroses"
Camellia taliensis,wild tea (Yunnan),Camellia,Theaceae,plant,"Eudicots: cornels, heaths, tea, kiwi, persimmon, sapotes, Brazil nut, primroses"
Diospyros kaki,persimmon,Diospyros,Ebenaceae,plant,"Eudicots: cornels, heaths, tea, kiwi, persimmon, sapotes, Brazil nut, primroses"
Diospyros virginiana,American persimmon,Diospyros,Ebenaceae,plant,"Eudicots: cornels, heaths, tea, kiwi, persimmon, sapotes, Brazil nut, primroses"
Diospyros lotus,date-plum,Diospyros,Ebenaceae,plant,"Eudicots: cornels, heaths, tea, kiwi, persimmon, sapotes, Brazil nut, primroses"
Diospyros blancoi,mabolo (velvet apple),Diospyros,Ebenaceae,plant,"Eudicots: cornels, heaths, tea, kiwi, persimmon, sapotes, Brazil nut, primroses"
Diospyros digyna,black sapote,Diospyros,Ebenaceae,plant,"Eudicots: cornels, heaths, tea, kiwi, persimmon, sapotes, Brazil nut, primroses"
Diospyros mespiliformis,jackalberry,Diospyros,Ebenaceae,plant,"Eudicots: cornels, heaths, tea, kiwi, persimmon, sapotes, Brazil nut, primroses"
Diospyros texana,Texas persimmon,Diospyros,Ebenaceae,plant,"Eudicots: cornels, heaths, tea, kiwi, persimmon, sapotes, Brazil nut, primroses"
Diospyros malabarica,gaub,Diospyros,Ebenaceae,plant,"Eudicots: cornels, heaths, tea, kiwi, persimmon, sapotes, Brazil nut, primroses"
Diospyros decandra,thị,Diospyros,Ebenaceae,plant,"Eudicots: cornels, heaths, tea, kiwi, persimmon, sapotes, Brazil nut, primroses"
Euclea crispa,blue guarri (fruit),Euclea,Ebenaceae,plant,"Eudicots: cornels, heaths, tea, kiwi, persimmon, sapotes, Brazil nut, primroses"
Manilkara zapota,sapodilla,Manilkara,Sapotaceae,plant,"Eudicots: cornels, heaths, tea, kiwi, persimmon, sapotes, Brazil nut, primroses"
Manilkara huberi,massaranduba,Manilkara,Sapotaceae,plant,"Eudicots: cornels, heaths, tea, kiwi, persimmon, sapotes, Brazil nut, primroses"
Manilkara kauki,caqui,Manilkara,Sapotaceae,plant,"Eudicots: cornels, heaths, tea, kiwi, persimmon, sapotes, Brazil nut, primroses"
Manilkara bidentata,balata,Manilkara,Sapotaceae,plant,"Eudicots: cornels, heaths, tea, kiwi, persimmon, sapotes, Brazil nut, primroses"
Pouteria sapota,mamey sapote,Pouteria,Sapotaceae,plant,"Eudicots: cornels, heaths, tea, kiwi, persimmon, sapotes, Brazil nut, primroses"
Pouteria campechiana,canistel,Pouteria,Sapotaceae,plant,"Eudicots: cornels, heaths, tea, kiwi, persimmon, sapotes, Brazil nut, primroses"
Pouteria lucuma,lúcuma,Pouteria,Sapotaceae,plant,"Eudicots: cornels, heaths, tea, kiwi, persimmon, sapotes, Brazil nut, primroses"
Pouteria caimito,abiu,Pouteria,Sapotaceae,plant,"Eudicots: cornels, heaths, tea, kiwi, persimmon, sapotes, Brazil nut, primroses"
Pouteria viridis,green sapote,Pouteria,Sapotaceae,plant,"Eudicots: cornels, heaths, tea, kiwi, persimmon, sapotes, Brazil nut, primroses"
Pouteria macrophylla,cutite,Pouteria,Sapotaceae,plant,"Eudicots: cornels, heaths, tea, kiwi, persimmon, sapotes, Brazil nut, primroses"
Chrysophyllum cainito,star apple,Chrysophyllum,Sapotaceae,plant,"Eudicots: cornels, heaths, tea, kiwi, persimmon, sapotes, Brazil nut, primroses"
Chrysophyllum albidum,African star apple (udara),Chrysophyllum,Sapotaceae,plant,"Eudicots: cornels, heaths, tea, kiwi, persimmon, sapotes, Brazil nut, primroses"
Chrysophyllum oliviforme,satinleaf,Chrysophyllum,Sapotaceae,plant,"Eudicots: cornels, heaths, tea, kiwi, persimmon, sapotes, Brazil nut, primroses"
Synsepalum dulcificum,miracle berry,Synsepalum,Sapotaceae,plant,"Eudicots: cornels, heaths, tea, kiwi, persimmon, sapotes, Brazil nut, primroses"
Vitellaria paradoxa,shea,Vitellaria,Sapotaceae,plant,"Eudicots: cornels, heaths, tea, kiwi, persimmon, sapotes, Brazil nut, primroses"
Argania spinosa,argan,Argania,Sapotaceae,plant,"Eudicots: cornels, heaths, tea, kiwi, persimmon, sapotes, Brazil nut, primroses"
Mimusops elengi,Spanish cherry (bakul),Mimusops,Sapotaceae,plant,"Eudicots: cornels, heaths, tea, kiwi, persimmon, sapotes, Brazil nut, primroses"
Mimusops zeyheri,Transvaal red milkwood,Mimusops,Sapotaceae,plant,"Eudicots: cornels, heaths, tea, kiwi, persimmon, sapotes, Brazil nut, primroses"
Madhuca longifolia,mahua,Madhuca,Sapotaceae,plant,"Eudicots: cornels, heaths, tea, kiwi, persimmon, sapotes, Brazil nut, primroses"
Baillonella toxisperma,moabi (oil),Baillonella,Sapotaceae,plant,"Eudicots: cornels, heaths, tea, kiwi, persimmon, sapotes, Brazil nut, primroses"
Englerophytum magalismontanum,stem fruit (stamvrug),Englerophytum,Sapotaceae,plant,"Eudicots: cornels, heaths, tea, kiwi, persimmon, sapotes, Brazil nut, primroses"
Planchonella australis,black apple,Planchonella,Sapotaceae,plant,"Eudicots: cornels, heaths, tea, kiwi, persimmon, sapotes, Brazil nut, primroses"
Bertholletia excelsa,Brazil nut,Bertholletia,Lecythidaceae,plant,"Eudicots: cornels, heaths, tea, kiwi, persimmon, sapotes, Brazil nut, primroses"
Lecythis pisonis,sapucaia nut,Lecythis,Lecythidaceae,plant,"Eudicots: cornels, heaths, tea, kiwi, persimmon, sapotes, Brazil nut, primroses"
Lecythis zabucajo,paradise nut,Lecythis,Lecythidaceae,plant,"Eudicots: cornels, heaths, tea, kiwi, persimmon, sapotes, Brazil nut, primroses"
Gustavia superba,membrillo (Gustavia),Gustavia,Lecythidaceae,plant,"Eudicots: cornels, heaths, tea, kiwi, persimmon, sapotes, Brazil nut, primroses"
Grias peruviana,sachamango,Grias,Lecythidaceae,plant,"Eudicots: cornels, heaths, tea, kiwi, persimmon, sapotes, Brazil nut, primroses"
Barringtonia edulis,cut nut (pao),Barringtonia,Lecythidaceae,plant,"Eudicots: cornels, heaths, tea, kiwi, persimmon, sapotes, Brazil nut, primroses"
Barringtonia procera,cut nut (procera),Barringtonia,Lecythidaceae,plant,"Eudicots: cornels, heaths, tea, kiwi, persimmon, sapotes, Brazil nut, primroses"
Planchonia careya,cocky apple,Planchonia,Lecythidaceae,plant,"Eudicots: cornels, heaths, tea, kiwi, persimmon, sapotes, Brazil nut, primroses"
Napoleonaea vogelii,Napoleon's hat (fruit),Napoleonaea,Lecythidaceae,plant,"Eudicots: cornels, heaths, tea, kiwi, persimmon, sapotes, Brazil nut, primroses"
Styrax benzoin,benzoin,Styrax,Styracaceae,plant,"Eudicots: cornels, heaths, tea, kiwi, persimmon, sapotes, Brazil nut, primroses"
Halesia carolina,silverbell (pickled fruit),Halesia,Styracaceae,plant,"Eudicots: cornels, heaths, tea, kiwi, persimmon, sapotes, Brazil nut, primroses"
Primula veris,cowslip (flowers),Primula,Primulaceae,plant,"Eudicots: cornels, heaths, tea, kiwi, persimmon, sapotes, Brazil nut, primroses"
Primula vulgaris,primrose (flowers),Primula,Primulaceae,plant,"Eudicots: cornels, heaths, tea, kiwi, persimmon, sapotes, Brazil nut, primroses"
Ardisia elliptica,shoebutton ardisia,Ardisia,Primulaceae,plant,"Eudicots: cornels, heaths, tea, kiwi, persimmon, sapotes, Brazil nut, primroses"
Ardisia compressa,capulín (Ardisia),Ardisia,Primulaceae,plant,"Eudicots: cornels, heaths, tea, kiwi, persimmon, sapotes, Brazil nut, primroses"
Embelia ribes,false black pepper (vidanga),Embelia,Primulaceae,plant,"Eudicots: cornels, heaths, tea, kiwi, persimmon, sapotes, Brazil nut, primroses"
Myrsine africana,African boxwood (fruit),Myrsine,Primulaceae,plant,"Eudicots: cornels, heaths, tea, kiwi, persimmon, sapotes, Brazil nut, primroses"
Impatiens glandulifera,Himalayan balsam (seed),Impatiens,Balsaminaceae,plant,"Eudicots: cornels, heaths, tea, kiwi, persimmon, sapotes, Brazil nut, primroses"
Fouquieria splendens,ocotillo (flowers),Fouquieria,Fouquieriaceae,plant,"Eudicots: cornels, heaths, tea, kiwi, persimmon, sapotes, Brazil nut, primroses"
Cyclamen persicum,"cyclamen (tuber, historical)",Cyclamen,Primulaceae,plant,"Eudicots: cornels, heaths, tea, kiwi, persimmon, sapotes, Brazil nut, primroses"
Coffea arabica,arabica coffee,Coffea,Rubiaceae,plant,"Eudicots: coffee, dogbane, gentian, borage, nightshades, morning glories"
Coffea canephora,robusta coffee,Coffea,Rubiaceae,plant,"Eudicots: coffee, dogbane, gentian, borage, nightshades, morning glories"
Coffea liberica,liberica coffee,Coffea,Rubiaceae,plant,"Eudicots: coffee, dogbane, gentian, borage, nightshades, morning glories"
Coffea stenophylla,highland coffee,Coffea,Rubiaceae,plant,"Eudicots: coffee, dogbane, gentian, borage, nightshades, morning glories"
Genipa americana,jenipapo,Genipa,Rubiaceae,plant,"Eudicots: coffee, dogbane, gentian, borage, nightshades, morning glories"
Morinda citrifolia,noni,Morinda,Rubiaceae,plant,"Eudicots: coffee, dogbane, gentian, borage, nightshades, morning glories"
Vangueria infausta,wild medlar,Vangueria,Rubiaceae,plant,"Eudicots: coffee, dogbane, gentian, borage, nightshades, morning glories"
Vangueria madagascariensis,Spanish tamarind,Vangueria,Rubiaceae,plant,"Eudicots: coffee, dogbane, gentian, borage, nightshades, morning glories"
Gardenia jasminoides,gardenia (fruit colourant),Gardenia,Rubiaceae,plant,"Eudicots: coffee, dogbane, gentian, borage, nightshades, morning glories"
Gardenia erubescens,"gardenia (fruit, Sahel)",Gardenia,Rubiaceae,plant,"Eudicots: coffee, dogbane, gentian, borage, nightshades, morning glories"
Randia echinocarpa,papache,Randia,Rubiaceae,plant,"Eudicots: coffee, dogbane, gentian, borage, nightshades, morning glories"
Sarcocephalus latifolius,African peach,Sarcocephalus,Rubiaceae,plant,"Eudicots: coffee, dogbane, gentian, borage, nightshades, morning glories"
Uncaria gambir,gambir,Uncaria,Rubiaceae,plant,"Eudicots: coffee, dogbane, gentian, borage, nightshades, morning glories"
Cinchona officinalis,quinine bark,Cinchona,Rubiaceae,plant,"Eudicots: coffee, dogbane, gentian, borage, nightshades, morning glories"
Cinchona pubescens,red cinchona,Cinchona,Rubiaceae,plant,"Eudicots: coffee, dogbane, gentian, borage, nightshades, morning glories"
Galium odoratum,sweet woodruff,Galium,Rubiaceae,plant,"Eudicots: coffee, dogbane, gentian, borage, nightshades, morning glories"
Galium verum,lady's bedstraw (rennet),Galium,Rubiaceae,plant,"Eudicots: coffee, dogbane, gentian, borage, nightshades, morning glories"
Hamelia patens,firebush (fruit),Hamelia,Rubiaceae,plant,"Eudicots: coffee, dogbane, gentian, borage, nightshades, morning glories"
Alibertia edulis,marmelada,Alibertia,Rubiaceae,plant,"Eudicots: coffee, dogbane, gentian, borage, nightshades, morning glories"
Borojoa patinoi,borojó,Borojoa,Rubiaceae,plant,"Eudicots: coffee, dogbane, gentian, borage, nightshades, morning glories"
Posoqueria latifolia,needle flower tree (fruit),Posoqueria,Rubiaceae,plant,"Eudicots: coffee, dogbane, gentian, borage, nightshades, morning glories"
Carissa macrocarpa,Natal plum,Carissa,Apocynaceae,plant,"Eudicots: coffee, dogbane, gentian, borage, nightshades, morning glories"
Carissa carandas,karonda,Carissa,Apocynaceae,plant,"Eudicots: coffee, dogbane, gentian, borage, nightshades, morning glories"
Carissa spinarum,conkerberry,Carissa,Apocynaceae,plant,"Eudicots: coffee, dogbane, gentian, borage, nightshades, morning glories"
Hancornia speciosa,mangaba,Hancornia,Apocynaceae,plant,"Eudicots: coffee, dogbane, gentian, borage, nightshades, morning glories"
Couma macrocarpa,sorva,Couma,Apocynaceae,plant,"Eudicots: coffee, dogbane, gentian, borage, nightshades, morning glories"
Couma utilis,sorva pequena,Couma,Apocynaceae,plant,"Eudicots: coffee, dogbane, gentian, borage, nightshades, morning glories"
Landolphia kirkii,sand apricot-vine,Landolphia,Apocynaceae,plant,"Eudicots: coffee, dogbane, gentian, borage, nightshades, morning glories"
Landolphia owariensis,white rubber vine (fruit),Landolphia,Apocynaceae,plant,"Eudicots: coffee, dogbane, gentian, borage, nightshades, morning glories"
Saba senegalensis,weda (madd),Saba,Apocynaceae,plant,"Eudicots: coffee, dogbane, gentian, borage, nightshades, morning glories"
Saba comorensis,bungo,Saba,Apocynaceae,plant,"Eudicots: coffee, dogbane, gentian, borage, nightshades, morning glories"
Willughbeia angustifolia,willughbeia (fruit),Willughbeia,Apocynaceae,plant,"Eudicots: coffee, dogbane, gentian, borage, nightshades, morning glories"
Asclepias syriaca,"common milkweed (shoots, pods)",Asclepias,Apocynaceae,plant,"Eudicots: coffee, dogbane, gentian, borage, nightshades, morning glories"
Asclepias speciosa,showy milkweed,Asclepias,Apocynaceae,plant,"Eudicots: coffee, dogbane, gentian, borage, nightshades, morning glories"
Gymnema sylvestre,gurmar,Gymnema,Apocynaceae,plant,"Eudicots: coffee, dogbane, gentian, borage, nightshades, morning glories"
Caralluma fimbriata,caralluma,Caralluma,Apocynaceae,plant,"Eudicots: coffee, dogbane, gentian, borage, nightshades, morning glories"
Caralluma edulis,edible caralluma,Caralluma,Apocynaceae,plant,"Eudicots: coffee, dogbane, gentian, borage, nightshades, morning glories"
Hoodia gordonii,hoodia,Hoodia,Apocynaceae,plant,"Eudicots: coffee, dogbane, gentian, borage, nightshades, morning glories"
Fockea edulis,kambroo,Fockea,Apocynaceae,plant,"Eudicots: coffee, dogbane, gentian, borage, nightshades, morning glories"
Telosma cordata,Tonkin jasmine (flowers),Telosma,Apocynaceae,plant,"Eudicots: coffee, dogbane, gentian, borage, nightshades, morning glories"
Dregea volubilis,green wax flower (leaves),Dregea,Apocynaceae,plant,"Eudicots: coffee, dogbane, gentian, borage, nightshades, morning glories"
Gongronema latifolium,utazi,Gongronema,Apocynaceae,plant,"Eudicots: coffee, dogbane, gentian, borage, nightshades, morning glories"
Leptadenia hastata,leptadenia (leaves),Leptadenia,Apocynaceae,plant,"Eudicots: coffee, dogbane, gentian, borage, nightshades, morning glories"
Gonolobus edulis,cuayote,Gonolobus,Apocynaceae,plant,"Eudicots: coffee, dogbane, gentian, borage, nightshades, morning glories"
Ceropegia bulbosa,ceropegia (tuber),Ceropegia,Apocynaceae,plant,"Eudicots: coffee, dogbane, gentian, borage, nightshades, morning glories"
Strychnos spinosa,monkey orange,Strychnos,Loganiaceae,plant,"Eudicots: coffee, dogbane, gentian, borage, nightshades, morning glories"
Strychnos cocculoides,corky-bark monkey orange,Strychnos,Loganiaceae,plant,"Eudicots: coffee, dogbane, gentian, borage, nightshades, morning glories"
Strychnos madagascariensis,black monkey orange,Strychnos,Loganiaceae,plant,"Eudicots: coffee, dogbane, gentian, borage, nightshades, morning glories"
Gentiana lutea,yellow gentian,Gentiana,Gentianaceae,plant,"Eudicots: coffee, dogbane, gentian, borage, nightshades, morning glories"
Centaurium erythraea,centaury,Centaurium,Gentianaceae,plant,"Eudicots: coffee, dogbane, gentian, borage, nightshades, morning glories"
Swertia chirayita,chirayta,Swertia,Gentianaceae,plant,"Eudicots: coffee, dogbane, gentian, borage, nightshades, morning glories"
Eucommia ulmoides,du zhong (tea),Eucommia,Eucommiaceae,plant,"Eudicots: coffee, dogbane, gentian, borage, nightshades, morning glories"
Poraqueiba sericea,umari,Poraqueiba,Icacinaceae,plant,"Eudicots: coffee, dogbane, gentian, borage, nightshades, morning glories"
Borago officinalis,borage,Borago,Boraginaceae,plant,"Eudicots: coffee, dogbane, gentian, borage, nightshades, morning glories"
Symphytum officinale,comfrey (historical),Symphytum,Boraginaceae,plant,"Eudicots: coffee, dogbane, gentian, borage, nightshades, morning glories"
Anchusa azurea,Italian bugloss (flowers),Anchusa,Boraginaceae,plant,"Eudicots: coffee, dogbane, gentian, borage, nightshades, morning glories"
Anchusa officinalis,common bugloss,Anchusa,Boraginaceae,plant,"Eudicots: coffee, dogbane, gentian, borage, nightshades, morning glories"
Echium plantagineum,Paterson's curse (seed oil),Echium,Boraginaceae,plant,"Eudicots: coffee, dogbane, gentian, borage, nightshades, morning glories"
Pulmonaria officinalis,lungwort,Pulmonaria,Boraginaceae,plant,"Eudicots: coffee, dogbane, gentian, borage, nightshades, morning glories"
Mertensia maritima,oysterleaf,Mertensia,Boraginaceae,plant,"Eudicots: coffee, dogbane, gentian, borage, nightshades, morning glories"
Cordia myxa,Assyrian plum (lasura),Cordia,Boraginaceae,plant,"Eudicots: coffee, dogbane, gentian, borage, nightshades, morning glories"
Cordia dichotoma,Indian cherry (lasoda),Cordia,Boraginaceae,plant,"Eudicots: coffee, dogbane, gentian, borage, nightshades, morning glories"
Cordia dodecandra,ciricote,Cordia,Boraginaceae,plant,"Eudicots: coffee, dogbane, gentian, borage, nightshades, morning glories"
Cordia boissieri,anacahuita,Cordia,Boraginaceae,plant,"Eudicots: coffee, dogbane, gentian, borage, nightshades, morning glories"
Cordia sinensis,grey-leaved saucerberry,Cordia,Boraginaceae,plant,"Eudicots: coffee, dogbane, gentian, borage, nightshades, morning glories"
Ehretia acuminata,koda (fruit),Ehretia,Boraginaceae,plant,"Eudicots: coffee, dogbane, gentian, borage, nightshades, morning glories"
Ehretia anacua,anaqua,Ehretia,Boraginaceae,plant,"Eudicots: coffee, dogbane, gentian, borage, nightshades, morning glories"
Ehretia tinifolia,roble (fruit),Ehretia,Boraginaceae,plant,"Eudicots: coffee, dogbane, gentian, borage, nightshades, morning glories"
Ehretia microphylla,Fukien tea,Ehretia,Boraginaceae,plant,"Eudicots: coffee, dogbane, gentian, borage, nightshades, morning glories"
Hydrophyllum virginianum,Virginia waterleaf,Hydrophyllum,Hydrophyllaceae,plant,"Eudicots: coffee, dogbane, gentian, borage, nightshades, morning glories"
Eriodictyon californicum,yerba santa,Eriodictyon,Namaceae,plant,"Eudicots: coffee, dogbane, gentian, borage, nightshades, morning glories"
Pholisma sonorae,sand food,Pholisma,Lennoaceae,plant,"Eudicots: coffee, dogbane, gentian, borage, nightshades, morning glories"
Solanum lycopersicum,tomato,Solanum,Solanaceae,plant,"Eudicots: coffee, dogbane, gentian, borage, nightshades, morning glories"
Solanum pimpinellifolium,currant tomato,Solanum,Solanaceae,plant,"Eudicots: coffee, dogbane, gentian, borage, nightshades, morning glories"
Solanum tuberosum,potato,Solanum,Solanaceae,plant,"Eudicots: coffee, dogbane, gentian, borage, nightshades, morning glories"
Solanum stenotomum,pitiquiña potato,Solanum,Solanaceae,plant,"Eudicots: coffee, dogbane, gentian, borage, nightshades, morning glories"
Solanum ajanhuiri,ajanhuiri potato,Solanum,Solanaceae,plant,"Eudicots: coffee, dogbane, gentian, borage, nightshades, morning glories"
Solanum juzepczukii,bitter potato (juzepczukii),Solanum,Solanaceae,plant,"Eudicots: coffee, dogbane, gentian, borage, nightshades, morning glories"
Solanum curtilobum,bitter potato (curtilobum),Solanum,Solanaceae,plant,"Eudicots: coffee, dogbane, gentian, borage, nightshades, morning glories"
Solanum melongena,eggplant,Solanum,Solanaceae,plant,"Eudicots: coffee, dogbane, gentian, borage, nightshades, morning glories"
Solanum aethiopicum,African eggplant (garden egg),Solanum,Solanaceae,plant,"Eudicots: coffee, dogbane, gentian, borage, nightshades, morning glories"
Solanum macrocarpon,gboma eggplant,Solanum,Solanaceae,plant,"Eudicots: coffee, dogbane, gentian, borage, nightshades, morning glories"
Solanum torvum,turkey berry (pea eggplant),Solanum,Solanaceae,plant,"Eudicots: coffee, dogbane, gentian, borage, nightshades, morning glories"
Solanum muricatum,pepino dulce,Solanum,Solanaceae,plant,"Eudicots: coffee, dogbane, gentian, borage, nightshades, morning glories"
Solanum quitoense,naranjilla (lulo),Solanum,Solanaceae,plant,"Eudicots: coffee, dogbane, gentian, borage, nightshades, morning glories"
Solanum betaceum,tamarillo,Solanum,Solanaceae,plant,"Eudicots: coffee, dogbane, gentian, borage, nightshades, morning glories"
Solanum sessiliflorum,cocona,Solanum,Solanaceae,plant,"Eudicots: coffee, dogbane, gentian, borage, nightshades, morning glories"
Solanum sisymbriifolium,litchi tomato,Solanum,Solanaceae,plant,"Eudicots: coffee, dogbane, gentian, borage, nightshades, morning glories"
Solanum nigrum,black nightshade (cooked),Solanum,Solanaceae,plant,"Eudicots: coffee, dogbane, gentian, borage, nightshades, morning glories"
Solanum americanum,American nightshade,Solanum,Solanaceae,plant,"Eudicots: coffee, dogbane, gentian, borage, nightshades, morning glories"
Solanum scabrum,garden huckleberry (managu),Solanum,Solanaceae,plant,"Eudicots: coffee, dogbane, gentian, borage, nightshades, morning glories"
Solanum retroflexum,wonderberry,Solanum,Solanaceae,plant,"Eudicots: coffee, dogbane, gentian, borage, nightshades, morning glories"
Solanum villosum,hairy nightshade,Solanum,Solanaceae,plant,"Eudicots: coffee, dogbane, gentian, borage, nightshades, morning glories"
Solanum caripense,tzimbalo,Solanum,Solanaceae,plant,"Eudicots: coffee, dogbane, gentian, borage, nightshades, morning glories"
Solanum centrale,bush tomato (desert raisin),Solanum,Solanaceae,plant,"Eudicots: coffee, dogbane, gentian, borage, nightshades, morning glories"
Solanum lycocarpum,wolf apple,Solanum,Solanaceae,plant,"Eudicots: coffee, dogbane, gentian, borage, nightshades, morning glories"
Solanum anguivi,forest bitterberry,Solanum,Solanaceae,plant,"Eudicots: coffee, dogbane, gentian, borage, nightshades, morning glories"
Capsicum annuum,chili / bell pepper,Capsicum,Solanaceae,plant,"Eudicots: coffee, dogbane, gentian, borage, nightshades, morning glories"
Capsicum chinense,habanero,Capsicum,Solanaceae,plant,"Eudicots: coffee, dogbane, gentian, borage, nightshades, morning glories"
Capsicum frutescens,tabasco / bird's eye,Capsicum,Solanaceae,plant,"Eudicots: coffee, dogbane, gentian, borage, nightshades, morning glories"
Capsicum baccatum,ají amarillo,Capsicum,Solanaceae,plant,"Eudicots: coffee, dogbane, gentian, borage, nightshades, morning glories"
Capsicum pubescens,rocoto,Capsicum,Solanaceae,plant,"Eudicots: coffee, dogbane, gentian, borage, nightshades, morning glories"
Physalis philadelphica,tomatillo,Physalis,Solanaceae,plant,"Eudicots: coffee, dogbane, gentian, borage, nightshades, morning glories"
Physalis peruviana,goldenberry (cape gooseberry),Physalis,Solanaceae,plant,"Eudicots: coffee, dogbane, gentian, borage, nightshades, morning glories"
Physalis pruinosa,ground cherry,Physalis,Solanaceae,plant,"Eudicots: coffee, dogbane, gentian, borage, nightshades, morning glories"
Physalis angulata,cutleaf groundcherry,Physalis,Solanaceae,plant,"Eudicots: coffee, dogbane, gentian, borage, nightshades, morning glories"
Physalis pubescens,husk tomato,Physalis,Solanaceae,plant,"Eudicots: coffee, dogbane, gentian, borage, nightshades, morning glories"
Physalis alkekengi,Chinese lantern,Physalis,Solanaceae,plant,"Eudicots: coffee, dogbane, gentian, borage, nightshades, morning glories"
Physalis grisea,strawberry tomato,Physalis,Solanaceae,plant,"Eudicots: coffee, dogbane, gentian, borage, nightshades, morning glories"
Lycium barbarum,goji berry,Lycium,Solanaceae,plant,"Eudicots: coffee, dogbane, gentian, borage, nightshades, morning glories"
Lycium chinense,"Chinese boxthorn (goji, leaves)",Lycium,Solanaceae,plant,"Eudicots: coffee, dogbane, gentian, borage, nightshades, morning glories"
Lycium ruthenicum,black goji,Lycium,Solanaceae,plant,"Eudicots: coffee, dogbane, gentian, borage, nightshades, morning glories"
Lycium andersonii,water jacket (berries),Lycium,Solanaceae,plant,"Eudicots: coffee, dogbane, gentian, borage, nightshades, morning glories"
Jaltomata procumbens,jaltomate,Jaltomata,Solanaceae,plant,"Eudicots: coffee, dogbane, gentian, borage, nightshades, morning glories"
Withania somnifera,ashwagandha,Withania,Solanaceae,plant,"Eudicots: coffee, dogbane, gentian, borage, nightshades, morning glories"
Withania coagulans,paneer dodi (vegetable rennet),Withania,Solanaceae,plant,"Eudicots: coffee, dogbane, gentian, borage, nightshades, morning glories"
Ipomoea batatas,sweet potato,Ipomoea,Convolvulaceae,plant,"Eudicots: coffee, dogbane, gentian, borage, nightshades, morning glories"
Ipomoea aquatica,water spinach (kangkong),Ipomoea,Convolvulaceae,plant,"Eudicots: coffee, dogbane, gentian, borage, nightshades, morning glories"
Ipomoea costata,bush potato (Ipomoea),Ipomoea,Convolvulaceae,plant,"Eudicots: coffee, dogbane, gentian, borage, nightshades, morning glories"
Ipomoea pandurata,man-of-the-earth (root),Ipomoea,Convolvulaceae,plant,"Eudicots: coffee, dogbane, gentian, borage, nightshades, morning glories"
Ipomoea leptophylla,bush morning glory (root),Ipomoea,Convolvulaceae,plant,"Eudicots: coffee, dogbane, gentian, borage, nightshades, morning glories"
Sphenoclea zeylanica,chickenspike,Sphenoclea,Sphenocleaceae,plant,"Eudicots: coffee, dogbane, gentian, borage, nightshades, morning glories"
Ocimum basilicum,sweet basil,Ocimum,Lamiaceae,plant,"Eudicots: mints, olives, sesame, verbenas, acanthus, bignonias, plantains, broomrapes"
Ocimum tenuiflorum,holy basil (tulsi),Ocimum,Lamiaceae,plant,"Eudicots: mints, olives, sesame, verbenas, acanthus, bignonias, plantains, broomrapes"
Ocimum gratissimum,African basil (clove basil),Ocimum,Lamiaceae,plant,"Eudicots: mints, olives, sesame, verbenas, acanthus, bignonias, plantains, broomrapes"
Ocimum americanum,hoary basil,Ocimum,Lamiaceae,plant,"Eudicots: mints, olives, sesame, verbenas, acanthus, bignonias, plantains, broomrapes"
Ocimum × africanum,lemon basil,Ocimum,Lamiaceae,plant,"Eudicots: mints, olives, sesame, verbenas, acanthus, bignonias, plantains, broomrapes"
Ocimum kilimandscharicum,camphor basil,Ocimum,Lamiaceae,plant,"Eudicots: mints, olives, sesame, verbenas, acanthus, bignonias, plantains, broomrapes"
Lavandula angustifolia,English lavender,Lavandula,Lamiaceae,plant,"Eudicots: mints, olives, sesame, verbenas, acanthus, bignonias, plantains, broomrapes"
Lavandula × intermedia,lavandin,Lavandula,Lamiaceae,plant,"Eudicots: mints, olives, sesame, verbenas, acanthus, bignonias, plantains, broomrapes"
Lavandula stoechas,Spanish lavender,Lavandula,Lamiaceae,plant,"Eudicots: mints, olives, sesame, verbenas, acanthus, bignonias, plantains, broomrapes"
Salvia officinalis,sage,Salvia,Lamiaceae,plant,"Eudicots: mints, olives, sesame, verbenas, acanthus, bignonias, plantains, broomrapes"
Salvia rosmarinus,rosemary,Salvia,Lamiaceae,plant,"Eudicots: mints, olives, sesame, verbenas, acanthus, bignonias, plantains, broomrapes"
Salvia hispanica,chia,Salvia,Lamiaceae,plant,"Eudicots: mints, olives, sesame, verbenas, acanthus, bignonias, plantains, broomrapes"
Salvia columbariae,golden chia,Salvia,Lamiaceae,plant,"Eudicots: mints, olives, sesame, verbenas, acanthus, bignonias, plantains, broomrapes"
Salvia sclarea,clary sage,Salvia,Lamiaceae,plant,"Eudicots: mints, olives, sesame, verbenas, acanthus, bignonias, plantains, broomrapes"
Salvia fruticosa,Greek sage,Salvia,Lamiaceae,plant,"Eudicots: mints, olives, sesame, verbenas, acanthus, bignonias, plantains, broomrapes"
Salvia lavandulifolia,Spanish sage,Salvia,Lamiaceae,plant,"Eudicots: mints, olives, sesame, verbenas, acanthus, bignonias, plantains, broomrapes"
Salvia elegans,pineapple sage,Salvia,Lamiaceae,plant,"Eudicots: mints, olives, sesame, verbenas, acanthus, bignonias, plantains, broomrapes"
Salvia apiana,white sage (seed),Salvia,Lamiaceae,plant,"Eudicots: mints, olives, sesame, verbenas, acanthus, bignonias, plantains, broomrapes"
Salvia miltiorrhiza,danshen,Salvia,Lamiaceae,plant,"Eudicots: mints, olives, sesame, verbenas, acanthus, bignonias, plantains, broomrapes"
Mentha spicata,spearmint,Mentha,Lamiaceae,plant,"Eudicots: mints, olives, sesame, verbenas, acanthus, bignonias, plantains, broomrapes"
Mentha × piperita,peppermint,Mentha,Lamiaceae,plant,"Eudicots: mints, olives, sesame, verbenas, acanthus, bignonias, plantains, broomrapes"
Mentha aquatica,water mint,Mentha,Lamiaceae,plant,"Eudicots: mints, olives, sesame, verbenas, acanthus, bignonias, plantains, broomrapes"
Mentha arvensis,corn mint,Mentha,Lamiaceae,plant,"Eudicots: mints, olives, sesame, verbenas, acanthus, bignonias, plantains, broomrapes"
Mentha canadensis,Japanese mint (hakka),Mentha,Lamiaceae,plant,"Eudicots: mints, olives, sesame, verbenas, acanthus, bignonias, plantains, broomrapes"
Mentha longifolia,horse mint,Mentha,Lamiaceae,plant,"Eudicots: mints, olives, sesame, verbenas, acanthus, bignonias, plantains, broomrapes"
Mentha suaveolens,apple mint,Mentha,Lamiaceae,plant,"Eudicots: mints, olives, sesame, verbenas, acanthus, bignonias, plantains, broomrapes"
Mentha pulegium,pennyroyal,Mentha,Lamiaceae,plant,"Eudicots: mints, olives, sesame, verbenas, acanthus, bignonias, plantains, broomrapes"
Mentha requienii,Corsican mint,Mentha,Lamiaceae,plant,"Eudicots: mints, olives, sesame, verbenas, acanthus, bignonias, plantains, broomrapes"
Mentha × villosa,hierbabuena (mojito mint),Mentha,Lamiaceae,plant,"Eudicots: mints, olives, sesame, verbenas, acanthus, bignonias, plantains, broomrapes"
Mentha australis,river mint,Mentha,Lamiaceae,plant,"Eudicots: mints, olives, sesame, verbenas, acanthus, bignonias, plantains, broomrapes"
Origanum vulgare,oregano,Origanum,Lamiaceae,plant,"Eudicots: mints, olives, sesame, verbenas, acanthus, bignonias, plantains, broomrapes"
Origanum majorana,marjoram,Origanum,Lamiaceae,plant,"Eudicots: mints, olives, sesame, verbenas, acanthus, bignonias, plantains, broomrapes"
Origanum onites,Turkish oregano,Origanum,Lamiaceae,plant,"Eudicots: mints, olives, sesame, verbenas, acanthus, bignonias, plantains, broomrapes"
Origanum syriacum,Syrian oregano (za'atar),Origanum,Lamiaceae,plant,"Eudicots: mints, olives, sesame, verbenas, acanthus, bignonias, plantains, broomrapes"
Origanum dictamnus,dittany of Crete,Origanum,Lamiaceae,plant,"Eudicots: mints, olives, sesame, verbenas, acanthus, bignonias, plantains, broomrapes"
Thymus vulgaris,thyme,Thymus,Lamiaceae,plant,"Eudicots: mints, olives, sesame, verbenas, acanthus, bignonias, plantains, broomrapes"
Thymus serpyllum,wild thyme,Thymus,Lamiaceae,plant,"Eudicots: mints, olives, sesame, verbenas, acanthus, bignonias, plantains, broomrapes"
Thymus citriodorus,lemon thyme,Thymus,Lamiaceae,plant,"Eudicots: mints, olives, sesame, verbenas, acanthus, bignonias, plantains, broomrapes"
Thymus mastichina,mastic thyme,Thymus,Lamiaceae,plant,"Eudicots: mints, olives, sesame, verbenas, acanthus, bignonias, plantains, broomrapes"
Thymus zygis,Spanish thyme,Thymus,Lamiaceae,plant,"Eudicots: mints, olives, sesame, verbenas, acanthus, bignonias, plantains, broomrapes"
Thymus pulegioides,broad-leaved thyme,Thymus,Lamiaceae,plant,"Eudicots: mints, olives, sesame, verbenas, acanthus, bignonias, plantains, broomrapes"
Thymbra capitata,conehead thyme,Thymbra,Lamiaceae,plant,"Eudicots: mints, olives, sesame, verbenas, acanthus, bignonias, plantains, broomrapes"
Thymbra spicata,za'atar farsi,Thymbra,Lamiaceae,plant,"Eudicots: mints, olives, sesame, verbenas, acanthus, bignonias, plantains, broomrapes"
Zataria multiflora,Shirazi thyme,Zataria,Lamiaceae,plant,"Eudicots: mints, olives, sesame, verbenas, acanthus, bignonias, plantains, broomrapes"
Satureja hortensis,summer savory,Satureja,Lamiaceae,plant,"Eudicots: mints, olives, sesame, verbenas, acanthus, bignonias, plantains, broomrapes"
Satureja montana,winter savory,Satureja,Lamiaceae,plant,"Eudicots: mints, olives, sesame, verbenas, acanthus, bignonias, plantains, broomrapes"
Satureja thymbra,pink savory,Satureja,Lamiaceae,plant,"Eudicots: mints, olives, sesame, verbenas, acanthus, bignonias, plantains, broomrapes"
Micromeria fruticosa,white-leaved savory (zuta),Micromeria,Lamiaceae,plant,"Eudicots: mints, olives, sesame, verbenas, acanthus, bignonias, plantains, broomrapes"
Clinopodium nepeta,lesser calamint,Clinopodium,Lamiaceae,plant,"Eudicots: mints, olives, sesame, verbenas, acanthus, bignonias, plantains, broomrapes"
Clinopodium vulgare,wild basil,Clinopodium,Lamiaceae,plant,"Eudicots: mints, olives, sesame, verbenas, acanthus, bignonias, plantains, broomrapes"
Melissa officinalis,lemon balm,Melissa,Lamiaceae,plant,"Eudicots: mints, olives, sesame, verbenas, acanthus, bignonias, plantains, broomrapes"
Nepeta cataria,catnip,Nepeta,Lamiaceae,plant,"Eudicots: mints, olives, sesame, verbenas, acanthus, bignonias, plantains, broomrapes"
Hyssopus officinalis,hyssop,Hyssopus,Lamiaceae,plant,"Eudicots: mints, olives, sesame, verbenas, acanthus, bignonias, plantains, broomrapes"
Monarda didyma,bee balm,Monarda,Lamiaceae,plant,"Eudicots: mints, olives, sesame, verbenas, acanthus, bignonias, plantains, broomrapes"
Monarda fistulosa,wild bergamot,Monarda,Lamiaceae,plant,"Eudicots: mints, olives, sesame, verbenas, acanthus, bignonias, plantains, broomrapes"
Monarda punctata,spotted bee balm,Monarda,Lamiaceae,plant,"Eudicots: mints, olives, sesame, verbenas, acanthus, bignonias, plantains, broomrapes"
Monarda citriodora,lemon bee balm,Monarda,Lamiaceae,plant,"Eudicots: mints, olives, sesame, verbenas, acanthus, bignonias, plantains, broomrapes"
Agastache foeniculum,anise hyssop,Agastache,Lamiaceae,plant,"Eudicots: mints, olives, sesame, verbenas, acanthus, bignonias, plantains, broomrapes"
Agastache rugosa,Korean mint (bangah),Agastache,Lamiaceae,plant,"Eudicots: mints, olives, sesame, verbenas, acanthus, bignonias, plantains, broomrapes"
Agastache mexicana,Mexican giant hyssop,Agastache,Lamiaceae,plant,"Eudicots: mints, olives, sesame, verbenas, acanthus, bignonias, plantains, broomrapes"
Perilla frutescens,shiso (perilla),Perilla,Lamiaceae,plant,"Eudicots: mints, olives, sesame, verbenas, acanthus, bignonias, plantains, broomrapes"
Elsholtzia ciliata,Vietnamese balm (kinh giới),Elsholtzia,Lamiaceae,plant,"Eudicots: mints, olives, sesame, verbenas, acanthus, bignonias, plantains, broomrapes"
Coleus amboinicus,Cuban oregano (Indian borage),Coleus,Lamiaceae,plant,"Eudicots: mints, olives, sesame, verbenas, acanthus, bignonias, plantains, broomrapes"
Plectranthus edulis,Ethiopian potato (oromo dinich),Plectranthus,Lamiaceae,plant,"Eudicots: mints, olives, sesame, verbenas, acanthus, bignonias, plantains, broomrapes"
Coleus rotundifolius,Chinese potato (Hausa potato),Coleus,Lamiaceae,plant,"Eudicots: mints, olives, sesame, verbenas, acanthus, bignonias, plantains, broomrapes"
Plectranthus esculentus,Livingstone potato,Plectranthus,Lamiaceae,plant,"Eudicots: mints, olives, sesame, verbenas, acanthus, bignonias, plantains, broomrapes"
Coleus barbatus,forskohlii (pickled root),Coleus,Lamiaceae,plant,"Eudicots: mints, olives, sesame, verbenas, acanthus, bignonias, plantains, broomrapes"
Stachys affinis,Chinese artichoke (crosnes),Stachys,Lamiaceae,plant,"Eudicots: mints, olives, sesame, verbenas, acanthus, bignonias, plantains, broomrapes"
Stachys palustris,marsh woundwort (tubers),Stachys,Lamiaceae,plant,"Eudicots: mints, olives, sesame, verbenas, acanthus, bignonias, plantains, broomrapes"
Lamium album,white deadnettle,Lamium,Lamiaceae,plant,"Eudicots: mints, olives, sesame, verbenas, acanthus, bignonias, plantains, broomrapes"
Lamium purpureum,purple deadnettle,Lamium,Lamiaceae,plant,"Eudicots: mints, olives, sesame, verbenas, acanthus, bignonias, plantains, broomrapes"
Glechoma hederacea,ground ivy,Glechoma,Lamiaceae,plant,"Eudicots: mints, olives, sesame, verbenas, acanthus, bignonias, plantains, broomrapes"
Prunella vulgaris,self-heal,Prunella,Lamiaceae,plant,"Eudicots: mints, olives, sesame, verbenas, acanthus, bignonias, plantains, broomrapes"
Marrubium vulgare,horehound,Marrubium,Lamiaceae,plant,"Eudicots: mints, olives, sesame, verbenas, acanthus, bignonias, plantains, broomrapes"
Ziziphora clinopodioides,kakuti,Ziziphora,Lamiaceae,plant,"Eudicots: mints, olives, sesame, verbenas, acanthus, bignonias, plantains, broomrapes"
Ziziphora tenuior,ziziphora,Ziziphora,Lamiaceae,plant,"Eudicots: mints, olives, sesame, verbenas, acanthus, bignonias, plantains, broomrapes"
Dracocephalum moldavica,Moldavian dragonhead,Dracocephalum,Lamiaceae,plant,"Eudicots: mints, olives, sesame, verbenas, acanthus, bignonias, plantains, broomrapes"
Lallemantia iberica,dragon's head (balangu),Lallemantia,Lamiaceae,plant,"Eudicots: mints, olives, sesame, verbenas, acanthus, bignonias, plantains, broomrapes"
Lallemantia royleana,tukhm-e-balanga,Lallemantia,Lamiaceae,plant,"Eudicots: mints, olives, sesame, verbenas, acanthus, bignonias, plantains, broomrapes"
Hedeoma pulegioides,American pennyroyal,Hedeoma,Lamiaceae,plant,"Eudicots: mints, olives, sesame, verbenas, acanthus, bignonias, plantains, broomrapes"
Poliomintha longiflora,Mexican oregano (Lamiaceae),Poliomintha,Lamiaceae,plant,"Eudicots: mints, olives, sesame, verbenas, acanthus, bignonias, plantains, broomrapes"
Sideritis scardica,mountain tea (Sideritis),Sideritis,Lamiaceae,plant,"Eudicots: mints, olives, sesame, verbenas, acanthus, bignonias, plantains, broomrapes"
Sideritis raeseri,Greek mountain tea,Sideritis,Lamiaceae,plant,"Eudicots: mints, olives, sesame, verbenas, acanthus, bignonias, plantains, broomrapes"
Sideritis syriaca,Cretan mountain tea,Sideritis,Lamiaceae,plant,"Eudicots: mints, olives, sesame, verbenas, acanthus, bignonias, plantains, broomrapes"
Hyptis suaveolens,chan (seed),Hyptis,Lamiaceae,plant,"Eudicots: mints, olives, sesame, verbenas, acanthus, bignonias, plantains, broomrapes"
Hyptis spicigera,black sesame (Africa),Hyptis,Lamiaceae,plant,"Eudicots: mints, olives, sesame, verbenas, acanthus, bignonias, plantains, broomrapes"
Lycopus uniflorus,northern bugleweed (tubers),Lycopus,Lamiaceae,plant,"Eudicots: mints, olives, sesame, verbenas, acanthus, bignonias, plantains, broomrapes"
Monardella odoratissima,coyote mint,Monardella,Lamiaceae,plant,"Eudicots: mints, olives, sesame, verbenas, acanthus, bignonias, plantains, broomrapes"
Pycnanthemum virginianum,Virginia mountain mint,Pycnanthemum,Lamiaceae,plant,"Eudicots: mints, olives, sesame, verbenas, acanthus, bignonias, plantains, broomrapes"
Minthostachys mollis,muña,Minthostachys,Lamiaceae,plant,"Eudicots: mints, olives, sesame, verbenas, acanthus, bignonias, plantains, broomrapes"
Minthostachys verticillata,peperina,Minthostachys,Lamiaceae,plant,"Eudicots: mints, olives, sesame, verbenas, acanthus, bignonias, plantains, broomrapes"
Prostanthera rotundifolia,round-leaved mintbush,Prostanthera,Lamiaceae,plant,"Eudicots: mints, olives, sesame, verbenas, acanthus, bignonias, plantains, broomrapes"
Vitex agnus-castus,chaste tree (monk's pepper),Vitex,Lamiaceae,plant,"Eudicots: mints, olives, sesame, verbenas, acanthus, bignonias, plantains, broomrapes"
Vitex doniana,black plum (Vitex),Vitex,Lamiaceae,plant,"Eudicots: mints, olives, sesame, verbenas, acanthus, bignonias, plantains, broomrapes"
Clerodendrum glandulosum,East Indian glory bower (leaves),Clerodendrum,Lamiaceae,plant,"Eudicots: mints, olives, sesame, verbenas, acanthus, bignonias, plantains, broomrapes"
Leucas aspera,thumbai (leaves),Leucas,Lamiaceae,plant,"Eudicots: mints, olives, sesame, verbenas, acanthus, bignonias, plantains, broomrapes"
Olea europaea,olive,Olea,Oleaceae,plant,"Eudicots: mints, olives, sesame, verbenas, acanthus, bignonias, plantains, broomrapes"
Jasminum sambac,Arabian jasmine (jasmine tea),Jasminum,Oleaceae,plant,"Eudicots: mints, olives, sesame, verbenas, acanthus, bignonias, plantains, broomrapes"
Jasminum officinale,common jasmine (flavouring),Jasminum,Oleaceae,plant,"Eudicots: mints, olives, sesame, verbenas, acanthus, bignonias, plantains, broomrapes"
Osmanthus fragrans,osmanthus (gui hua),Osmanthus,Oleaceae,plant,"Eudicots: mints, olives, sesame, verbenas, acanthus, bignonias, plantains, broomrapes"
Fraxinus ornus,manna ash,Fraxinus,Oleaceae,plant,"Eudicots: mints, olives, sesame, verbenas, acanthus, bignonias, plantains, broomrapes"
Syringa vulgaris,lilac (flowers),Syringa,Oleaceae,plant,"Eudicots: mints, olives, sesame, verbenas, acanthus, bignonias, plantains, broomrapes"
Sesamum indicum,sesame,Sesamum,Pedaliaceae,plant,"Eudicots: mints, olives, sesame, verbenas, acanthus, bignonias, plantains, broomrapes"
Sesamum radiatum,black benniseed (leaves),Sesamum,Pedaliaceae,plant,"Eudicots: mints, olives, sesame, verbenas, acanthus, bignonias, plantains, broomrapes"
Ceratotheca sesamoides,false sesame,Ceratotheca,Pedaliaceae,plant,"Eudicots: mints, olives, sesame, verbenas, acanthus, bignonias, plantains, broomrapes"
Proboscidea parviflora,"devil's claw (pods, seeds)",Proboscidea,Martyniaceae,plant,"Eudicots: mints, olives, sesame, verbenas, acanthus, bignonias, plantains, broomrapes"
Lippia graveolens,Mexican oregano,Lippia,Verbenaceae,plant,"Eudicots: mints, olives, sesame, verbenas, acanthus, bignonias, plantains, broomrapes"
Lippia alba,bushy lippia,Lippia,Verbenaceae,plant,"Eudicots: mints, olives, sesame, verbenas, acanthus, bignonias, plantains, broomrapes"
Lippia javanica,fever tea,Lippia,Verbenaceae,plant,"Eudicots: mints, olives, sesame, verbenas, acanthus, bignonias, plantains, broomrapes"
Aloysia citrodora,lemon verbena,Aloysia,Verbenaceae,plant,"Eudicots: mints, olives, sesame, verbenas, acanthus, bignonias, plantains, broomrapes"
Aloysia polystachya,té de burro,Aloysia,Verbenaceae,plant,"Eudicots: mints, olives, sesame, verbenas, acanthus, bignonias, plantains, broomrapes"
Phyla scaberrima,Aztec sweet herb,Phyla,Verbenaceae,plant,"Eudicots: mints, olives, sesame, verbenas, acanthus, bignonias, plantains, broomrapes"
Verbena officinalis,vervain (tea),Verbena,Verbenaceae,plant,"Eudicots: mints, olives, sesame, verbenas, acanthus, bignonias, plantains, broomrapes"
Asystasia gangetica,Chinese violet (leaves),Asystasia,Acanthaceae,plant,"Eudicots: mints, olives, sesame, verbenas, acanthus, bignonias, plantains, broomrapes"
Rungia klossii,mushroom plant,Rungia,Acanthaceae,plant,"Eudicots: mints, olives, sesame, verbenas, acanthus, bignonias, plantains, broomrapes"
Justicia insularis,"justicia (leaves, Africa)",Justicia,Acanthaceae,plant,"Eudicots: mints, olives, sesame, verbenas, acanthus, bignonias, plantains, broomrapes"
Avicennia marina,grey mangrove (processed seeds),Avicennia,Acanthaceae,plant,"Eudicots: mints, olives, sesame, verbenas, acanthus, bignonias, plantains, broomrapes"
Andrographis paniculata,king of bitters,Andrographis,Acanthaceae,plant,"Eudicots: mints, olives, sesame, verbenas, acanthus, bignonias, plantains, broomrapes"
Hygrophila auriculata,kokilaksha (seed),Hygrophila,Acanthaceae,plant,"Eudicots: mints, olives, sesame, verbenas, acanthus, bignonias, plantains, broomrapes"
Parmentiera aculeata,cuajilote,Parmentiera,Bignoniaceae,plant,"Eudicots: mints, olives, sesame, verbenas, acanthus, bignonias, plantains, broomrapes"
Parmentiera cereifera,candle tree,Parmentiera,Bignoniaceae,plant,"Eudicots: mints, olives, sesame, verbenas, acanthus, bignonias, plantains, broomrapes"
Crescentia cujete,calabash tree (seeds),Crescentia,Bignoniaceae,plant,"Eudicots: mints, olives, sesame, verbenas, acanthus, bignonias, plantains, broomrapes"
Crescentia alata,jícaro,Crescentia,Bignoniaceae,plant,"Eudicots: mints, olives, sesame, verbenas, acanthus, bignonias, plantains, broomrapes"
Kigelia africana,sausage tree (fermented),Kigelia,Bignoniaceae,plant,"Eudicots: mints, olives, sesame, verbenas, acanthus, bignonias, plantains, broomrapes"
Oroxylum indicum,broken bones tree (pods),Oroxylum,Bignoniaceae,plant,"Eudicots: mints, olives, sesame, verbenas, acanthus, bignonias, plantains, broomrapes"
Mansoa alliacea,garlic vine,Mansoa,Bignoniaceae,plant,"Eudicots: mints, olives, sesame, verbenas, acanthus, bignonias, plantains, broomrapes"
Dolichandrone spathacea,mangrove trumpet tree (flowers),Dolichandrone,Bignoniaceae,plant,"Eudicots: mints, olives, sesame, verbenas, acanthus, bignonias, plantains, broomrapes"
Plantago major,greater plantain,Plantago,Plantaginaceae,plant,"Eudicots: mints, olives, sesame, verbenas, acanthus, bignonias, plantains, broomrapes"
Plantago lanceolata,ribwort plantain,Plantago,Plantaginaceae,plant,"Eudicots: mints, olives, sesame, verbenas, acanthus, bignonias, plantains, broomrapes"
Plantago coronopus,buck's-horn plantain (erba stella),Plantago,Plantaginaceae,plant,"Eudicots: mints, olives, sesame, verbenas, acanthus, bignonias, plantains, broomrapes"
Plantago ovata,psyllium,Plantago,Plantaginaceae,plant,"Eudicots: mints, olives, sesame, verbenas, acanthus, bignonias, plantains, broomrapes"
Plantago afra,black psyllium,Plantago,Plantaginaceae,plant,"Eudicots: mints, olives, sesame, verbenas, acanthus, bignonias, plantains, broomrapes"
Plantago asiatica,Asian plantain (oobako),Plantago,Plantaginaceae,plant,"Eudicots: mints, olives, sesame, verbenas, acanthus, bignonias, plantains, broomrapes"
Veronica beccabunga,brooklime,Veronica,Plantaginaceae,plant,"Eudicots: mints, olives, sesame, verbenas, acanthus, bignonias, plantains, broomrapes"
Veronica americana,American brooklime,Veronica,Plantaginaceae,plant,"Eudicots: mints, olives, sesame, verbenas, acanthus, bignonias, plantains, broomrapes"
Bacopa monnieri,brahmi,Bacopa,Plantaginaceae,plant,"Eudicots: mints, olives, sesame, verbenas, acanthus, bignonias, plantains, broomrapes"
Limnophila aromatica,rice paddy herb (ngò om),Limnophila,Plantaginaceae,plant,"Eudicots: mints, olives, sesame, verbenas, acanthus, bignonias, plantains, broomrapes"
Scoparia dulcis,sweet broom,Scoparia,Plantaginaceae,plant,"Eudicots: mints, olives, sesame, verbenas, acanthus, bignonias, plantains, broomrapes"
Rehmannia glutinosa,dihuang,Rehmannia,Orobanchaceae,plant,"Eudicots: mints, olives, sesame, verbenas, acanthus, bignonias, plantains, broomrapes"
Cistanche deserticola,desert cistanche (rou cong rong),Cistanche,Orobanchaceae,plant,"Eudicots: mints, olives, sesame, verbenas, acanthus, bignonias, plantains, broomrapes"
Escobedia grandiflora,azafrán de raíz,Escobedia,Orobanchaceae,plant,"Eudicots: mints, olives, sesame, verbenas, acanthus, bignonias, plantains, broomrapes"
Euphrasia officinalis,eyebright,Euphrasia,Orobanchaceae,plant,"Eudicots: mints, olives, sesame, verbenas, acanthus, bignonias, plantains, broomrapes"
Verbascum thapsus,great mullein (tea),Verbascum,Scrophulariaceae,plant,"Eudicots: mints, olives, sesame, verbenas, acanthus, bignonias, plantains, broomrapes"
Capraria biflora,goatweed (tea),Capraria,Scrophulariaceae,plant,"Eudicots: mints, olives, sesame, verbenas, acanthus, bignonias, plantains, broomrapes"
Mimulus guttatus,seep monkeyflower (greens),Mimulus,Phrymaceae,plant,"Eudicots: mints, olives, sesame, verbenas, acanthus, bignonias, plantains, broomrapes"
Ilex paraguariensis,yerba mate,Ilex,Aquifoliaceae,plant,"Eudicots: mints, olives, sesame, verbenas, acanthus, bignonias, plantains, broomrapes"
Ilex guayusa,guayusa,Ilex,Aquifoliaceae,plant,"Eudicots: mints, olives, sesame, verbenas, acanthus, bignonias, plantains, broomrapes"
Ilex vomitoria,yaupon,Ilex,Aquifoliaceae,plant,"Eudicots: mints, olives, sesame, verbenas, acanthus, bignonias, plantains, broomrapes"
Ilex kudingcha,kuding tea,Ilex,Aquifoliaceae,plant,"Eudicots: mints, olives, sesame, verbenas, acanthus, bignonias, plantains, broomrapes"
Ilex latifolia,tarajo holly (kuding),Ilex,Aquifoliaceae,plant,"Eudicots: mints, olives, sesame, verbenas, acanthus, bignonias, plantains, broomrapes"
Ilex cassine,dahoon holly,Ilex,Aquifoliaceae,plant,"Eudicots: mints, olives, sesame, verbenas, acanthus, bignonias, plantains, broomrapes"
Ilex dumosa,yerba señorita,Ilex,Aquifoliaceae,plant,"Eudicots: mints, olives, sesame, verbenas, acanthus, bignonias, plantains, broomrapes"
Helwingia japonica,helwingia (leaves),Helwingia,Helwingiaceae,plant,"Eudicots: mints, olives, sesame, verbenas, acanthus, bignonias, plantains, broomrapes"
Lactuca sativa,lettuce,Lactuca,Asteraceae,plant,"Eudicots: daisies, bellflowers, elders, valerians"
Lactuca serriola,prickly lettuce,Lactuca,Asteraceae,plant,"Eudicots: daisies, bellflowers, elders, valerians"
Lactuca indica,Indian lettuce,Lactuca,Asteraceae,plant,"Eudicots: daisies, bellflowers, elders, valerians"
Lactuca perennis,blue lettuce,Lactuca,Asteraceae,plant,"Eudicots: daisies, bellflowers, elders, valerians"
Cicerbita alpina,alpine sow-thistle (turt),Cicerbita,Asteraceae,plant,"Eudicots: daisies, bellflowers, elders, valerians"
Cichorium intybus,chicory / radicchio,Cichorium,Asteraceae,plant,"Eudicots: daisies, bellflowers, elders, valerians"
Cichorium endivia,endive / escarole,Cichorium,Asteraceae,plant,"Eudicots: daisies, bellflowers, elders, valerians"
Cichorium spinosum,stamnagathi,Cichorium,Asteraceae,plant,"Eudicots: daisies, bellflowers, elders, valerians"
Taraxacum officinale,dandelion,Taraxacum,Asteraceae,plant,"Eudicots: daisies, bellflowers, elders, valerians"
Sonchus oleraceus,sow thistle,Sonchus,Asteraceae,plant,"Eudicots: daisies, bellflowers, elders, valerians"
Sonchus asper,prickly sow thistle,Sonchus,Asteraceae,plant,"Eudicots: daisies, bellflowers, elders, valerians"
Sonchus arvensis,field sow thistle,Sonchus,Asteraceae,plant,"Eudicots: daisies, bellflowers, elders, valerians"
Reichardia picroides,French scorzonera,Reichardia,Asteraceae,plant,"Eudicots: daisies, bellflowers, elders, valerians"
Helminthotheca echioides,bristly oxtongue,Helminthotheca,Asteraceae,plant,"Eudicots: daisies, bellflowers, elders, valerians"
Crepis vesicaria,beaked hawksbeard,Crepis,Asteraceae,plant,"Eudicots: daisies, bellflowers, elders, valerians"
Hypochaeris radicata,cat's ear,Hypochaeris,Asteraceae,plant,"Eudicots: daisies, bellflowers, elders, valerians"
Tragopogon porrifolius,salsify,Tragopogon,Asteraceae,plant,"Eudicots: daisies, bellflowers, elders, valerians"
Tragopogon pratensis,meadow salsify,Tragopogon,Asteraceae,plant,"Eudicots: daisies, bellflowers, elders, valerians"
Tragopogon dubius,yellow salsify,Tragopogon,Asteraceae,plant,"Eudicots: daisies, bellflowers, elders, valerians"
Scorzonera hispanica,black salsify,Scorzonera,Asteraceae,plant,"Eudicots: daisies, bellflowers, elders, valerians"
Podospermum laciniatum,cut-leaved viper's grass,Podospermum,Asteraceae,plant,"Eudicots: daisies, bellflowers, elders, valerians"
Scolymus hispanicus,golden thistle (tagarnina),Scolymus,Asteraceae,plant,"Eudicots: daisies, bellflowers, elders, valerians"
Scolymus maculatus,spotted golden thistle,Scolymus,Asteraceae,plant,"Eudicots: daisies, bellflowers, elders, valerians"
Cynara cardunculus,artichoke / cardoon,Cynara,Asteraceae,plant,"Eudicots: daisies, bellflowers, elders, valerians"
Onopordum acanthium,cotton thistle,Onopordum,Asteraceae,plant,"Eudicots: daisies, bellflowers, elders, valerians"
Silybum marianum,milk thistle,Silybum,Asteraceae,plant,"Eudicots: daisies, bellflowers, elders, valerians"
Cirsium oleraceum,cabbage thistle,Cirsium,Asteraceae,plant,"Eudicots: daisies, bellflowers, elders, valerians"
Cirsium edule,edible thistle,Cirsium,Asteraceae,plant,"Eudicots: daisies, bellflowers, elders, valerians"
Cirsium dipsacolepis,yamagobo,Cirsium,Asteraceae,plant,"Eudicots: daisies, bellflowers, elders, valerians"
Notobasis syriaca,Syrian thistle,Notobasis,Asteraceae,plant,"Eudicots: daisies, bellflowers, elders, valerians"
Galactites tomentosus,purple milk thistle,Galactites,Asteraceae,plant,"Eudicots: daisies, bellflowers, elders, valerians"
Arctium lappa,burdock (gobo),Arctium,Asteraceae,plant,"Eudicots: daisies, bellflowers, elders, valerians"
Arctium minus,lesser burdock,Arctium,Asteraceae,plant,"Eudicots: daisies, bellflowers, elders, valerians"
Carthamus tinctorius,safflower,Carthamus,Asteraceae,plant,"Eudicots: daisies, bellflowers, elders, valerians"
Carlina acaulis,stemless carline thistle,Carlina,Asteraceae,plant,"Eudicots: daisies, bellflowers, elders, valerians"
Centaurea benedicta,blessed thistle,Centaurea,Asteraceae,plant,"Eudicots: daisies, bellflowers, elders, valerians"
Centaurea cyanus,cornflower (petals),Centaurea,Asteraceae,plant,"Eudicots: daisies, bellflowers, elders, valerians"
Saussurea costus,costus root,Saussurea,Asteraceae,plant,"Eudicots: daisies, bellflowers, elders, valerians"
Gundelia tournefortii,akkoub (tumble thistle),Gundelia,Asteraceae,plant,"Eudicots: daisies, bellflowers, elders, valerians"
Helianthus annuus,sunflower,Helianthus,Asteraceae,plant,"Eudicots: daisies, bellflowers, elders, valerians"
Helianthus tuberosus,Jerusalem artichoke,Helianthus,Asteraceae,plant,"Eudicots: daisies, bellflowers, elders, valerians"
Helianthus strumosus,woodland sunflower (tubers),Helianthus,Asteraceae,plant,"Eudicots: daisies, bellflowers, elders, valerians"
Stevia rebaudiana,stevia,Stevia,Asteraceae,plant,"Eudicots: daisies, bellflowers, elders, valerians"
Tagetes lucida,Mexican tarragon,Tagetes,Asteraceae,plant,"Eudicots: daisies, bellflowers, elders, valerians"
Tagetes minuta,huacatay,Tagetes,Asteraceae,plant,"Eudicots: daisies, bellflowers, elders, valerians"
Tagetes erecta,Aztec marigold,Tagetes,Asteraceae,plant,"Eudicots: daisies, bellflowers, elders, valerians"
Tagetes patula,French marigold,Tagetes,Asteraceae,plant,"Eudicots: daisies, bellflowers, elders, valerians"
Tagetes filifolia,anisillo,Tagetes,Asteraceae,plant,"Eudicots: daisies, bellflowers, elders, valerians"
Tagetes tenuifolia,signet marigold,Tagetes,Asteraceae,plant,"Eudicots: daisies, bellflowers, elders, valerians"
Porophyllum ruderale,pápalo,Porophyllum,Asteraceae,plant,"Eudicots: daisies, bellflowers, elders, valerians"
Porophyllum linaria,pipicha,Porophyllum,Asteraceae,plant,"Eudicots: daisies, bellflowers, elders, valerians"
Pectis papposa,cinchweed (limoncillo),Pectis,Asteraceae,plant,"Eudicots: daisies, bellflowers, elders, valerians"
Calendula officinalis,pot marigold,Calendula,Asteraceae,plant,"Eudicots: daisies, bellflowers, elders, valerians"
Calendula arvensis,field marigold,Calendula,Asteraceae,plant,"Eudicots: daisies, bellflowers, elders, valerians"
Chrysanthemum morifolium,florist's chrysanthemum (tea),Chrysanthemum,Asteraceae,plant,"Eudicots: daisies, bellflowers, elders, valerians"
Chrysanthemum indicum,Indian chrysanthemum,Chrysanthemum,Asteraceae,plant,"Eudicots: daisies, bellflowers, elders, valerians"
Glebionis coronaria,garland chrysanthemum (shungiku),Glebionis,Asteraceae,plant,"Eudicots: daisies, bellflowers, elders, valerians"
Glebionis segetum,corn marigold (mantilida),Glebionis,Asteraceae,plant,"Eudicots: daisies, bellflowers, elders, valerians"
Tanacetum vulgare,tansy,Tanacetum,Asteraceae,plant,"Eudicots: daisies, bellflowers, elders, valerians"
Tanacetum balsamita,costmary,Tanacetum,Asteraceae,plant,"Eudicots: daisies, bellflowers, elders, valerians"
Matricaria chamomilla,German chamomile,Matricaria,Asteraceae,plant,"Eudicots: daisies, bellflowers, elders, valerians"
Chamaemelum nobile,Roman chamomile,Chamaemelum,Asteraceae,plant,"Eudicots: daisies, bellflowers, elders, valerians"
Achillea millefolium,yarrow,Achillea,Asteraceae,plant,"Eudicots: daisies, bellflowers, elders, valerians"
Artemisia dracunculus,tarragon,Artemisia,Asteraceae,plant,"Eudicots: daisies, bellflowers, elders, valerians"
Artemisia absinthium,wormwood,Artemisia,Asteraceae,plant,"Eudicots: daisies, bellflowers, elders, valerians"
Artemisia annua,sweet wormwood (qinghao),Artemisia,Asteraceae,plant,"Eudicots: daisies, bellflowers, elders, valerians"
Artemisia vulgaris,mugwort,Artemisia,Asteraceae,plant,"Eudicots: daisies, bellflowers, elders, valerians"
Artemisia princeps,Japanese mugwort (yomogi),Artemisia,Asteraceae,plant,"Eudicots: daisies, bellflowers, elders, valerians"
Artemisia argyi,Chinese mugwort,Artemisia,Asteraceae,plant,"Eudicots: daisies, bellflowers, elders, valerians"
Artemisia lactiflora,white mugwort,Artemisia,Asteraceae,plant,"Eudicots: daisies, bellflowers, elders, valerians"
Artemisia pontica,Roman wormwood,Artemisia,Asteraceae,plant,"Eudicots: daisies, bellflowers, elders, valerians"
Artemisia abrotanum,southernwood,Artemisia,Asteraceae,plant,"Eudicots: daisies, bellflowers, elders, valerians"
Artemisia genipi,génépi,Artemisia,Asteraceae,plant,"Eudicots: daisies, bellflowers, elders, valerians"
Artemisia umbelliformis,white génépi,Artemisia,Asteraceae,plant,"Eudicots: daisies, bellflowers, elders, valerians"
Artemisia glacialis,glacier wormwood,Artemisia,Asteraceae,plant,"Eudicots: daisies, bellflowers, elders, valerians"
Artemisia ludoviciana,white sagebrush,Artemisia,Asteraceae,plant,"Eudicots: daisies, bellflowers, elders, valerians"
Artemisia herba-alba,white wormwood (shih),Artemisia,Asteraceae,plant,"Eudicots: daisies, bellflowers, elders, valerians"
Artemisia afra,African wormwood,Artemisia,Asteraceae,plant,"Eudicots: daisies, bellflowers, elders, valerians"
Artemisia arborescens,tree wormwood (sheeba),Artemisia,Asteraceae,plant,"Eudicots: daisies, bellflowers, elders, valerians"
Bidens pilosa,blackjack (leaves),Bidens,Asteraceae,plant,"Eudicots: daisies, bellflowers, elders, valerians"
Cosmos caudatus,ulam raja,Cosmos,Asteraceae,plant,"Eudicots: daisies, bellflowers, elders, valerians"
Cosmos sulphureus,sulphur cosmos (flowers),Cosmos,Asteraceae,plant,"Eudicots: daisies, bellflowers, elders, valerians"
Dahlia pinnata,garden dahlia (tubers),Dahlia,Asteraceae,plant,"Eudicots: daisies, bellflowers, elders, valerians"
Dahlia coccinea,red dahlia (tubers),Dahlia,Asteraceae,plant,"Eudicots: daisies, bellflowers, elders, valerians"
Smallanthus sonchifolius,yacón,Smallanthus,Asteraceae,plant,"Eudicots: daisies, bellflowers, elders, valerians"
Guizotia abyssinica,niger seed (nug),Guizotia,Asteraceae,plant,"Eudicots: daisies, bellflowers, elders, valerians"
Madia sativa,madia (melosa),Madia,Asteraceae,plant,"Eudicots: daisies, bellflowers, elders, valerians"
Rudbeckia laciniata,sochan,Rudbeckia,Asteraceae,plant,"Eudicots: daisies, bellflowers, elders, valerians"
Echinacea purpurea,purple coneflower,Echinacea,Asteraceae,plant,"Eudicots: daisies, bellflowers, elders, valerians"
Echinacea angustifolia,narrow-leaved coneflower,Echinacea,Asteraceae,plant,"Eudicots: daisies, bellflowers, elders, valerians"
Iva annua,sumpweed,Iva,Asteraceae,plant,"Eudicots: daisies, bellflowers, elders, valerians"
Melanthera biflora,beach sunflower (leaves),Melanthera,Asteraceae,plant,"Eudicots: daisies, bellflowers, elders, valerians"
Acmella oleracea,toothache plant (jambu),Acmella,Asteraceae,plant,"Eudicots: daisies, bellflowers, elders, valerians"
Enydra fluctuans,helencha,Enydra,Asteraceae,plant,"Eudicots: daisies, bellflowers, elders, valerians"
Galinsoga parviflora,guascas,Galinsoga,Asteraceae,plant,"Eudicots: daisies, bellflowers, elders, valerians"
Galinsoga quadriradiata,shaggy soldier,Galinsoga,Asteraceae,plant,"Eudicots: daisies, bellflowers, elders, valerians"
Emilia sonchifolia,lilac tasselflower,Emilia,Asteraceae,plant,"Eudicots: daisies, bellflowers, elders, valerians"
Emilia coccinea,scarlet tasselflower,Emilia,Asteraceae,plant,"Eudicots: daisies, bellflowers, elders, valerians"
Crassocephalum crepidioides,ebolo (fireweed),Crassocephalum,Asteraceae,plant,"Eudicots: daisies, bellflowers, elders, valerians"
Crassocephalum rubens,Yoruba bologi,Crassocephalum,Asteraceae,plant,"Eudicots: daisies, bellflowers, elders, valerians"
Gynura bicolor,Okinawan spinach,Gynura,Asteraceae,plant,"Eudicots: daisies, bellflowers, elders, valerians"
Gynura procumbens,longevity spinach,Gynura,Asteraceae,plant,"Eudicots: daisies, bellflowers, elders, valerians"
Gynura divaricata,bai zi cai,Gynura,Asteraceae,plant,"Eudicots: daisies, bellflowers, elders, valerians"
Petasites japonicus,fuki (butterbur),Petasites,Asteraceae,plant,"Eudicots: daisies, bellflowers, elders, valerians"
Petasites frigidus,Arctic sweet coltsfoot,Petasites,Asteraceae,plant,"Eudicots: daisies, bellflowers, elders, valerians"
Tussilago farfara,coltsfoot,Tussilago,Asteraceae,plant,"Eudicots: daisies, bellflowers, elders, valerians"
Ligularia fischeri,gomchwi,Ligularia,Asteraceae,plant,"Eudicots: daisies, bellflowers, elders, valerians"
Parasenecio delphiniifolius,momijigasa,Parasenecio,Asteraceae,plant,"Eudicots: daisies, bellflowers, elders, valerians"
Syneilesis palmata,usan-namul,Syneilesis,Asteraceae,plant,"Eudicots: daisies, bellflowers, elders, valerians"
Farfugium japonicum,tsuwabuki,Farfugium,Asteraceae,plant,"Eudicots: daisies, bellflowers, elders, valerians"
Doellingeria scabra,chwinamul,Doellingeria,Asteraceae,plant,"Eudicots: daisies, bellflowers, elders, valerians"
Aster yomena,yomena,Aster,Asteraceae,plant,"Eudicots: daisies, bellflowers, elders, valerians"
Aster tataricus,Tatarian aster (root),Aster,Asteraceae,plant,"Eudicots: daisies, bellflowers, elders, valerians"
Solidago odora,sweet goldenrod,Solidago,Asteraceae,plant,"Eudicots: daisies, bellflowers, elders, valerians"
Bellis perennis,daisy,Bellis,Asteraceae,plant,"Eudicots: daisies, bellflowers, elders, valerians"
Helichrysum italicum,curry plant,Helichrysum,Asteraceae,plant,"Eudicots: daisies, bellflowers, elders, valerians"
Inula helenium,elecampane,Inula,Asteraceae,plant,"Eudicots: daisies, bellflowers, elders, valerians"
Blumea balsamifera,sambong,Blumea,Asteraceae,plant,"Eudicots: daisies, bellflowers, elders, valerians"
Pluchea indica,Indian camphorweed (beluntas),Pluchea,Asteraceae,plant,"Eudicots: daisies, bellflowers, elders, valerians"
Vernonia amygdalina,bitter leaf,Vernonia,Asteraceae,plant,"Eudicots: daisies, bellflowers, elders, valerians"
Vernonia calvoana,sweet bitterleaf,Vernonia,Asteraceae,plant,"Eudicots: daisies, bellflowers, elders, valerians"
Vernonia hymenolepis,Cameroon bitterleaf,Vernonia,Asteraceae,plant,"Eudicots: daisies, bellflowers, elders, valerians"
Carphephorus odoratissimus,vanilla plant (deer tongue),Carphephorus,Asteraceae,plant,"Eudicots: daisies, bellflowers, elders, valerians"
Microseris lanceolata,murnong (yam daisy),Microseris,Asteraceae,plant,"Eudicots: daisies, bellflowers, elders, valerians"
Chondrilla juncea,skeletonweed,Chondrilla,Asteraceae,plant,"Eudicots: daisies, bellflowers, elders, valerians"
Ixeris dentata,sseumbagwi,Ixeris,Asteraceae,plant,"Eudicots: daisies, bellflowers, elders, valerians"
Crepidiastrum sonchifolium,go-deul-ppae-gi,Crepidiastrum,Asteraceae,plant,"Eudicots: daisies, bellflowers, elders, valerians"
Launaea taraxacifolia,African lettuce,Launaea,Asteraceae,plant,"Eudicots: daisies, bellflowers, elders, valerians"
Launaea cornuta,wild lettuce (East Africa),Launaea,Asteraceae,plant,"Eudicots: daisies, bellflowers, elders, valerians"
Lapsana communis,nipplewort,Lapsana,Asteraceae,plant,"Eudicots: daisies, bellflowers, elders, valerians"
Mycelis muralis,wall lettuce,Mycelis,Asteraceae,plant,"Eudicots: daisies, bellflowers, elders, valerians"
Youngia japonica,Oriental false hawksbeard,Youngia,Asteraceae,plant,"Eudicots: daisies, bellflowers, elders, valerians"
Hyoseris radiata,hyoseris,Hyoseris,Asteraceae,plant,"Eudicots: daisies, bellflowers, elders, valerians"
Rhagadiolus stellatus,star hawkbit,Rhagadiolus,Asteraceae,plant,"Eudicots: daisies, bellflowers, elders, valerians"
Hedypnois rhagadioloides,Cretan weed,Hedypnois,Asteraceae,plant,"Eudicots: daisies, bellflowers, elders, valerians"
Baccharis trimera,carqueja,Baccharis,Asteraceae,plant,"Eudicots: daisies, bellflowers, elders, valerians"
Ayapana triplinervis,ayapana,Ayapana,Asteraceae,plant,"Eudicots: daisies, bellflowers, elders, valerians"
Hemistepta lyrata,lyrate hemistepta,Hemistepta,Asteraceae,plant,"Eudicots: daisies, bellflowers, elders, valerians"
Eclipta prostrata,false daisy,Eclipta,Asteraceae,plant,"Eudicots: daisies, bellflowers, elders, valerians"
Tridax procumbens,coat buttons,Tridax,Asteraceae,plant,"Eudicots: daisies, bellflowers, elders, valerians"
Wedelia chinensis,Chinese wedelia,Wedelia,Asteraceae,plant,"Eudicots: daisies, bellflowers, elders, valerians"
Campanula rapunculus,rampion,Campanula,Campanulaceae,plant,"Eudicots: daisies, bellflowers, elders, valerians"
Campanula rapunculoides,creeping bellflower (root),Campanula,Campanulaceae,plant,"Eudicots: daisies, bellflowers, elders, valerians"
Phyteuma spicatum,spiked rampion,Phyteuma,Campanulaceae,plant,"Eudicots: daisies, bellflowers, elders, valerians"
Adenophora triphylla,Japanese lady bell (jandae),Adenophora,Campanulaceae,plant,"Eudicots: daisies, bellflowers, elders, valerians"
Adenophora stricta,shashen,Adenophora,Campanulaceae,plant,"Eudicots: daisies, bellflowers, elders, valerians"
Codonopsis pilosula,dangshen,Codonopsis,Campanulaceae,plant,"Eudicots: daisies, bellflowers, elders, valerians"
Codonopsis lanceolata,deodeok,Codonopsis,Campanulaceae,plant,"Eudicots: daisies, bellflowers, elders, valerians"
Platycodon grandiflorus,balloon flower (doraji),Platycodon,Campanulaceae,plant,"Eudicots: daisies, bellflowers, elders, valerians"
Canarina canariensis,Canary bellflower (fruit),Canarina,Campanulaceae,plant,"Eudicots: daisies, bellflowers, elders, valerians"
Cyphia digitata,baroe,Cyphia,Campanulaceae,plant,"Eudicots: daisies, bellflowers, elders, valerians"
Menyanthes trifoliata,bogbean,Menyanthes,Menyanthaceae,plant,"Eudicots: daisies, bellflowers, elders, valerians"
Nymphoides peltata,fringed water lily (xing cai),Nymphoides,Menyanthaceae,plant,"Eudicots: daisies, bellflowers, elders, valerians"
Sambucus nigra,elder,Sambucus,Adoxaceae,plant,"Eudicots: daisies, bellflowers, elders, valerians"
Sambucus canadensis,American elder,Sambucus,Adoxaceae,plant,"Eudicots: daisies, bellflowers, elders, valerians"
Sambucus cerulea,blue elderberry,Sambucus,Adoxaceae,plant,"Eudicots: daisies, bellflowers, elders, valerians"
Sambucus racemosa,red elder (cooked),Sambucus,Adoxaceae,plant,"Eudicots: daisies, bellflowers, elders, valerians"
Sambucus williamsii,Chinese elder,Sambucus,Adoxaceae,plant,"Eudicots: daisies, bellflowers, elders, valerians"
Viburnum opulus,guelder rose (kalina),Viburnum,Adoxaceae,plant,"Eudicots: daisies, bellflowers, elders, valerians"
Viburnum trilobum,highbush cranberry,Viburnum,Adoxaceae,plant,"Eudicots: daisies, bellflowers, elders, valerians"
Viburnum edule,squashberry,Viburnum,Adoxaceae,plant,"Eudicots: daisies, bellflowers, elders, valerians"
Viburnum lentago,nannyberry,Viburnum,Adoxaceae,plant,"Eudicots: daisies, bellflowers, elders, valerians"
Viburnum prunifolium,blackhaw,Viburnum,Adoxaceae,plant,"Eudicots: daisies, bellflowers, elders, valerians"
Viburnum cassinoides,witherod,Viburnum,Adoxaceae,plant,"Eudicots: daisies, bellflowers, elders, valerians"
Viburnum dilatatum,linden arrowwood (fruit),Viburnum,Adoxaceae,plant,"Eudicots: daisies, bellflowers, elders, valerians"
Lonicera caerulea,haskap (honeyberry),Lonicera,Caprifoliaceae,plant,"Eudicots: daisies, bellflowers, elders, valerians"
Lonicera japonica,Japanese honeysuckle (flowers),Lonicera,Caprifoliaceae,plant,"Eudicots: daisies, bellflowers, elders, valerians"
Valeriana officinalis,valerian,Valeriana,Caprifoliaceae,plant,"Eudicots: daisies, bellflowers, elders, valerians"
Valerianella locusta,corn salad (mâche),Valerianella,Caprifoliaceae,plant,"Eudicots: daisies, bellflowers, elders, valerians"
Valerianella eriocarpa,Italian corn salad,Valerianella,Caprifoliaceae,plant,"Eudicots: daisies, bellflowers, elders, valerians"
Patrinia scabiosifolia,golden lace (mattari),Patrinia,Caprifoliaceae,plant,"Eudicots: daisies, bellflowers, elders, valerians"
Patrinia villosa,white patrinia,Patrinia,Caprifoliaceae,plant,"Eudicots: daisies, bellflowers, elders, valerians"
Cephalaria syriaca,Syrian cephalaria (pelemir),Cephalaria,Caprifoliaceae,plant,"Eudicots: daisies, bellflowers, elders, valerians"
Fedia cornucopiae,African valerian,Fedia,Caprifoliaceae,plant,"Eudicots: daisies, bellflowers, elders, valerians"
Centranthus ruber,red valerian,Centranthus,Caprifoliaceae,plant,"Eudicots: daisies, bellflowers, elders, valerians"
Leycesteria formosa,Himalayan honeysuckle,Leycesteria,Caprifoliaceae,plant,"Eudicots: daisies, bellflowers, elders, valerians"
Daucus carota,carrot,Daucus,Apiaceae,plant,"Eudicots: carrot family, ginseng family, pittosporums"
Cuminum cyminum,cumin,Cuminum,Apiaceae,plant,"Eudicots: carrot family, ginseng family, pittosporums"
Coriandrum sativum,cilantro / coriander,Coriandrum,Apiaceae,plant,"Eudicots: carrot family, ginseng family, pittosporums"
Petroselinum crispum,parsley,Petroselinum,Apiaceae,plant,"Eudicots: carrot family, ginseng family, pittosporums"
Apium graveolens,celery / celeriac,Apium,Apiaceae,plant,"Eudicots: carrot family, ginseng family, pittosporums"
Apium prostratum,sea celery,Apium,Apiaceae,plant,"Eudicots: carrot family, ginseng family, pittosporums"
Anethum graveolens,dill,Anethum,Apiaceae,plant,"Eudicots: carrot family, ginseng family, pittosporums"
Foeniculum vulgare,fennel,Foeniculum,Apiaceae,plant,"Eudicots: carrot family, ginseng family, pittosporums"
Pimpinella anisum,anise,Pimpinella,Apiaceae,plant,"Eudicots: carrot family, ginseng family, pittosporums"
Pimpinella saxifraga,burnet saxifrage,Pimpinella,Apiaceae,plant,"Eudicots: carrot family, ginseng family, pittosporums"
Carum carvi,caraway,Carum,Apiaceae,plant,"Eudicots: carrot family, ginseng family, pittosporums"
Pastinaca sativa,parsnip,Pastinaca,Apiaceae,plant,"Eudicots: carrot family, ginseng family, pittosporums"
Angelica archangelica,angelica,Angelica,Apiaceae,plant,"Eudicots: carrot family, ginseng family, pittosporums"
Angelica sinensis,dong quai,Angelica,Apiaceae,plant,"Eudicots: carrot family, ginseng family, pittosporums"
Angelica gigas,Korean angelica (chamdanggwi),Angelica,Apiaceae,plant,"Eudicots: carrot family, ginseng family, pittosporums"
Angelica dahurica,bai zhi,Angelica,Apiaceae,plant,"Eudicots: carrot family, ginseng family, pittosporums"
Angelica keiskei,ashitaba,Angelica,Apiaceae,plant,"Eudicots: carrot family, ginseng family, pittosporums"
Angelica atropurpurea,purplestem angelica,Angelica,Apiaceae,plant,"Eudicots: carrot family, ginseng family, pittosporums"
Angelica lucida,seacoast angelica,Angelica,Apiaceae,plant,"Eudicots: carrot family, ginseng family, pittosporums"
Levisticum officinale,lovage,Levisticum,Apiaceae,plant,"Eudicots: carrot family, ginseng family, pittosporums"
Ligusticum scoticum,Scots lovage,Ligusticum,Apiaceae,plant,"Eudicots: carrot family, ginseng family, pittosporums"
Ligusticum porteri,oshá,Ligusticum,Apiaceae,plant,"Eudicots: carrot family, ginseng family, pittosporums"
Ligusticum striatum,chuanxiong,Ligusticum,Apiaceae,plant,"Eudicots: carrot family, ginseng family, pittosporums"
Myrrhis odorata,sweet cicely,Myrrhis,Apiaceae,plant,"Eudicots: carrot family, ginseng family, pittosporums"
Osmorhiza longistylis,aniseroot,Osmorhiza,Apiaceae,plant,"Eudicots: carrot family, ginseng family, pittosporums"
Chaerophyllum bulbosum,turnip-rooted chervil,Chaerophyllum,Apiaceae,plant,"Eudicots: carrot family, ginseng family, pittosporums"
Anthriscus cerefolium,chervil,Anthriscus,Apiaceae,plant,"Eudicots: carrot family, ginseng family, pittosporums"
Smyrnium olusatrum,alexanders,Smyrnium,Apiaceae,plant,"Eudicots: carrot family, ginseng family, pittosporums"
Cryptotaenia japonica,mitsuba,Cryptotaenia,Apiaceae,plant,"Eudicots: carrot family, ginseng family, pittosporums"
Cryptotaenia canadensis,honewort,Cryptotaenia,Apiaceae,plant,"Eudicots: carrot family, ginseng family, pittosporums"
Oenanthe javanica,water dropwort (seri),Oenanthe,Apiaceae,plant,"Eudicots: carrot family, ginseng family, pittosporums"
Centella asiatica,gotu kola (pegaga),Centella,Apiaceae,plant,"Eudicots: carrot family, ginseng family, pittosporums"
Eryngium foetidum,culantro,Eryngium,Apiaceae,plant,"Eudicots: carrot family, ginseng family, pittosporums"
Eryngium maritimum,sea holly (root),Eryngium,Apiaceae,plant,"Eudicots: carrot family, ginseng family, pittosporums"
Arracacia xanthorrhiza,arracacha,Arracacia,Apiaceae,plant,"Eudicots: carrot family, ginseng family, pittosporums"
Sium sisarum,skirret,Sium,Apiaceae,plant,"Eudicots: carrot family, ginseng family, pittosporums"
Trachyspermum ammi,ajwain,Trachyspermum,Apiaceae,plant,"Eudicots: carrot family, ginseng family, pittosporums"
Trachyspermum roxburghianum,radhuni,Trachyspermum,Apiaceae,plant,"Eudicots: carrot family, ginseng family, pittosporums"
Bunium bulbocastanum,great pignut (earth chestnut),Bunium,Apiaceae,plant,"Eudicots: carrot family, ginseng family, pittosporums"
Elwendia persica,kala jeera (shahi jeera),Elwendia,Apiaceae,plant,"Eudicots: carrot family, ginseng family, pittosporums"
Ferula assa-foetida,asafoetida,Ferula,Apiaceae,plant,"Eudicots: carrot family, ginseng family, pittosporums"
Ferula foetida,asafoetida (foetida),Ferula,Apiaceae,plant,"Eudicots: carrot family, ginseng family, pittosporums"
Ferula communis,giant fennel (shoots),Ferula,Apiaceae,plant,"Eudicots: carrot family, ginseng family, pittosporums"
Ferula gummosa,galbanum,Ferula,Apiaceae,plant,"Eudicots: carrot family, ginseng family, pittosporums"
Heracleum sphondylium,hogweed,Heracleum,Apiaceae,plant,"Eudicots: carrot family, ginseng family, pittosporums"
Heracleum maximum,cow parsnip,Heracleum,Apiaceae,plant,"Eudicots: carrot family, ginseng family, pittosporums"
Heracleum persicum,golpar,Heracleum,Apiaceae,plant,"Eudicots: carrot family, ginseng family, pittosporums"
Peucedanum ostruthium,masterwort,Peucedanum,Apiaceae,plant,"Eudicots: carrot family, ginseng family, pittosporums"
Peucedanum japonicum,botanbofu,Peucedanum,Apiaceae,plant,"Eudicots: carrot family, ginseng family, pittosporums"
Meum athamanticum,spignel,Meum,Apiaceae,plant,"Eudicots: carrot family, ginseng family, pittosporums"
Crithmum maritimum,rock samphire,Crithmum,Apiaceae,plant,"Eudicots: carrot family, ginseng family, pittosporums"
Aegopodium podagraria,ground elder,Aegopodium,Apiaceae,plant,"Eudicots: carrot family, ginseng family, pittosporums"
Falcaria vulgaris,sickleweed (paghazeh),Falcaria,Apiaceae,plant,"Eudicots: carrot family, ginseng family, pittosporums"
Perideridia gairdneri,yampah,Perideridia,Apiaceae,plant,"Eudicots: carrot family, ginseng family, pittosporums"
Perideridia oregana,Oregon yampah,Perideridia,Apiaceae,plant,"Eudicots: carrot family, ginseng family, pittosporums"
Lomatium cous,cous biscuitroot,Lomatium,Apiaceae,plant,"Eudicots: carrot family, ginseng family, pittosporums"
Lomatium nudicaule,Indian celery,Lomatium,Apiaceae,plant,"Eudicots: carrot family, ginseng family, pittosporums"
Tordylium apulum,Mediterranean hartwort (kafkalithra),Tordylium,Apiaceae,plant,"Eudicots: carrot family, ginseng family, pittosporums"
Scandix pecten-veneris,shepherd's needle,Scandix,Apiaceae,plant,"Eudicots: carrot family, ginseng family, pittosporums"
Molopospermum peloponnesiacum,striped hemlock (coscoll),Molopospermum,Apiaceae,plant,"Eudicots: carrot family, ginseng family, pittosporums"
Glehnia littoralis,hamabofu,Glehnia,Apiaceae,plant,"Eudicots: carrot family, ginseng family, pittosporums"
Ridolfia segetum,false fennel,Ridolfia,Apiaceae,plant,"Eudicots: carrot family, ginseng family, pittosporums"
Ammi visnaga,khella,Ammi,Apiaceae,plant,"Eudicots: carrot family, ginseng family, pittosporums"
Athamanta cretensis,Cretan athamanta,Athamanta,Apiaceae,plant,"Eudicots: carrot family, ginseng family, pittosporums"
Coelopleurum gmelinii,Gmelin's angelica,Coelopleurum,Apiaceae,plant,"Eudicots: carrot family, ginseng family, pittosporums"
Panax ginseng,Korean ginseng,Panax,Araliaceae,plant,"Eudicots: carrot family, ginseng family, pittosporums"
Panax quinquefolius,American ginseng,Panax,Araliaceae,plant,"Eudicots: carrot family, ginseng family, pittosporums"
Panax notoginseng,sanqi,Panax,Araliaceae,plant,"Eudicots: carrot family, ginseng family, pittosporums"
Panax japonicus,Japanese ginseng,Panax,Araliaceae,plant,"Eudicots: carrot family, ginseng family, pittosporums"
Panax vietnamensis,Vietnamese ginseng,Panax,Araliaceae,plant,"Eudicots: carrot family, ginseng family, pittosporums"
Eleutherococcus senticosus,Siberian ginseng,Eleutherococcus,Araliaceae,plant,"Eudicots: carrot family, ginseng family, pittosporums"
Eleutherococcus sessiliflorus,ogapi,Eleutherococcus,Araliaceae,plant,"Eudicots: carrot family, ginseng family, pittosporums"
Aralia cordata,udo,Aralia,Araliaceae,plant,"Eudicots: carrot family, ginseng family, pittosporums"
Aralia elata,Japanese angelica tree (tara-no-me),Aralia,Araliaceae,plant,"Eudicots: carrot family, ginseng family, pittosporums"
Aralia racemosa,American spikenard,Aralia,Araliaceae,plant,"Eudicots: carrot family, ginseng family, pittosporums"
Aralia nudicaulis,wild sarsaparilla,Aralia,Araliaceae,plant,"Eudicots: carrot family, ginseng family, pittosporums"
Aralia continentalis,dokhwal,Aralia,Araliaceae,plant,"Eudicots: carrot family, ginseng family, pittosporums"
Oplopanax horridus,devil's club (shoots),Oplopanax,Araliaceae,plant,"Eudicots: carrot family, ginseng family, pittosporums"
Kalopanax septemlobus,castor aralia (shoots),Kalopanax,Araliaceae,plant,"Eudicots: carrot family, ginseng family, pittosporums"
Chengiopanax sciadophylloides,koshiabura,Chengiopanax,Araliaceae,plant,"Eudicots: carrot family, ginseng family, pittosporums"
Polyscias fruticosa,Ming aralia,Polyscias,Araliaceae,plant,"Eudicots: carrot family, ginseng family, pittosporums"
Polyscias scutellaria,shield aralia,Polyscias,Araliaceae,plant,"Eudicots: carrot family, ginseng family, pittosporums"
Trevesia palmata,snowflake aralia (flowers),Trevesia,Araliaceae,plant,"Eudicots: carrot family, ginseng family, pittosporums"
Stilbocarpa polaris,Macquarie Island cabbage,Stilbocarpa,Araliaceae,plant,"Eudicots: carrot family, ginseng family, pittosporums"
Hydrocotyle sibthorpioides,lawn pennywort,Hydrocotyle,Araliaceae,plant,"Eudicots: carrot family, ginseng family, pittosporums"
Billardiera scandens,appleberry,Billardiera,Pittosporaceae,plant,"Eudicots: carrot family, ginseng family, pittosporums"
Billardiera longiflora,purple appleberry,Billardiera,Pittosporaceae,plant,"Eudicots: carrot family, ginseng family, pittosporums"
