id,common_name,species,lineage,clade,aliases
ginkgo-nut,ginkgo nut,Ginkgo biloba,Ginkgoaceae,plant,ginkgo nut
mormon-tea,Mormon tea,Ephedra nevadensis,Ephedraceae,plant,
melinjo,melinjo (emping),Gnetum gnemon,Gnetaceae,plant,emping
eru,eru (okazi leaf),Gnetum africanum,Gnetaceae,plant,okazi leaf
sago-cycad,sago cycad (processed),Cycas revoluta,Cycadaceae,plant,
queen-sago,queen sago (processed),Cycas circinalis,Cycadaceae,plant,
coontie,coontie (Florida arrowroot),Zamia integrifolia,Zamiaceae,plant,Florida arrowroot
burrawang,burrawang (processed),Macrozamia communis,Zamiaceae,plant,
chamal,chamal (processed),Dioon edule,Zamiaceae,plant,
balsam-fir,balsam fir (tips),Abies balsamea,Pinaceae,plant,
white-spruce,white spruce (tips),Picea glauca,Pinaceae,plant,
norway-spruce,Norway spruce (tips),Picea abies,Pinaceae,plant,
chinese-white-pine,Chinese white pine (nut),Pinus armandii,Pinaceae,plant,
swiss-stone-pine,Swiss stone pine,Pinus cembra,Pinaceae,plant,
siberian-pine,Siberian pine (cedar nut),Pinus sibirica,Pinaceae,plant,cedar nut
korean-pine,Korean pine (pine nut),Pinus koraiensis,Pinaceae,plant,pine nut;Korean pine nut
chilgoza-pine,chilgoza pine,Pinus gerardiana,Pinaceae,plant,
colorado-pinyon,Colorado pinyon,Pinus edulis,Pinaceae,plant,
single-leaf-pinyon,single-leaf pinyon,Pinus monophylla,Pinaceae,plant,
stone-pine,stone pine (pine nut),Pinus pinea,Pinaceae,plant,pine nut;pignoli;pinoli
scots-pine,"Scots pine (inner bark, needles)",Pinus sylvestris,Pinaceae,plant,
tamarack,tamarack (inner bark),Larix laricina,Pinaceae,plant,
douglas-fir,Douglas fir (tips),Pseudotsuga menziesii,Pinaceae,plant,
chinese-torreya-nut,Chinese torreya nut,Torreya grandis,Taxaceae,plant,
kaya-nut,kaya nut,Torreya nucifera,Taxaceae,plant,
common-juniper,common juniper (berry),Juniperus communis,Cupressaceae,plant,berry;juniper berry;gin
bunya-pine,bunya pine,Araucaria bidwillii,Araucariaceae,plant,
monkey-puzzle,monkey puzzle (piñón),Araucaria araucana,Araucariaceae,plant,piñón
parana-pine,Paraná pine (pinhão),Araucaria angustifolia,Araucariaceae,plant,pinhão
kusamaki,kusamaki (fleshy receptacle),Podocarpus macrophyllus,Podocarpaceae,plant,
watershield,watershield (junsai),Brasenia schreberi,Cabombaceae,plant,junsai
yellow-water-lily,yellow water lily (seeds),Nuphar lutea,Nymphaeaceae,plant,
blue-water-lily,blue water lily (shapla),Nymphaea nouchali,Nymphaeaceae,plant,shapla
fox-nut,fox nut (makhana),Euryale ferox,Nymphaeaceae,plant,makhana
egyptian-white-water-lily,Egyptian white water lily,Nymphaea lotus,Nymphaeaceae,plant,
five-flavour-berry,five-flavour berry (omija),Schisandra chinensis,Schisandraceae,plant,omija
star-anise,star anise,Illicium verum,Schisandraceae,plant,
fish-mint,fish mint,Houttuynia cordata,Saururaceae,plant,
voatsiperifery,voatsiperifery,Piper borbonense,Piperaceae,plant,
ashanti-pepper,Ashanti pepper (uziza),Piper guineense,Piperaceae,plant,uziza
kava,kava,Piper methysticum,Piperaceae,plant,
betel-leaf,betel leaf,Piper betle,Piperaceae,plant,
wild-betel,wild betel (cha phlu),Piper sarmentosum,Piperaceae,plant,cha phlu
long-pepper,long pepper,Piper longum,Piperaceae,plant,
javanese-long-pepper,Javanese long pepper,Piper retrofractum,Piperaceae,plant,
black-pepper,black pepper,Piper nigrum,Piperaceae,plant,black pepper;pepper;peppercorn;white pepper
cubeb,cubeb,Piper cubeba,Piperaceae,plant,
hoja-santa,hoja santa,Piper auritum,Piperaceae,plant,
shiny-bush,shiny bush (pansit-pansitan),Peperomia pellucida,Piperaceae,plant,pansit-pansitan
pepper-bark-tree,pepper-bark tree,Warburgia ugandensis,Canellaceae,plant,
wild-cinnamon,wild cinnamon,Canella winterana,Canellaceae,plant,
canelo,canelo,Drimys winteri,Winteraceae,plant,
tasmanian-pepperberry,Tasmanian pepperberry,Tasmannia lanceolata,Winteraceae,plant,
biriba,biribá,Annona mucosa,Annonaceae,plant,
custard-apple,custard apple,Annona reticulata,Annonaceae,plant,
cherimoya,cherimoya,Annona cherimola,Annonaceae,plant,
sugar-apple,sugar apple,Annona squamosa,Annonaceae,plant,
soursop,soursop,Annona muricata,Annonaceae,plant,
pawpaw,pawpaw,Asimina triloba,Annonaceae,plant,
calabash-nutmeg,calabash nutmeg (ehuru),Monodora myristica,Annonaceae,plant,ehuru
finger-root,finger root (bush banana),Uvaria chamae,Annonaceae,plant,bush banana
grains-of-selim,grains of Selim,Xylopia aethiopica,Annonaceae,plant,
southern-magnolia,southern magnolia (petals),Magnolia grandiflora,Magnoliaceae,plant,
papuan-nutmeg,Papuan nutmeg,Myristica argentea,Myristicaceae,plant,
nutmeg,nutmeg / mace,Myristica fragrans,Myristicaceae,plant,mace;nutmeg
southern-sassafras,southern sassafras,Atherosperma moschatum,Atherospermataceae,plant,
boldo,boldo,Peumus boldus,Monimiaceae,plant,
avocado,avocado,Persea americana,Lauraceae,plant,avocado;guacamole
chinene,chinene,Persea schiedeana,Lauraceae,plant,
spicebush,spicebush,Lindera benzoin,Lauraceae,plant,
bay-laurel,bay laurel,Laurus nobilis,Lauraceae,plant,bay leaf;bay
may-chang,may chang,Litsea cubeba,Lauraceae,plant,
sassafras,sassafras (filé),Sassafras albidum,Lauraceae,plant,filé
cassia,cassia,Cinnamomum cassia,Lauraceae,plant,
saigon-cinnamon,Saigon cinnamon,Cinnamomum loureiroi,Lauraceae,plant,
ceylon-cinnamon,Ceylon cinnamon,Cinnamomum verum,Lauraceae,plant,cinnamon;cassia
indonesian-cinnamon,Indonesian cinnamon,Cinnamomum burmannii,Lauraceae,plant,
tejpat,tejpat (Indian bay),Cinnamomum tamala,Lauraceae,plant,Indian bay
california-bay,California bay,Umbellularia californica,Lauraceae,plant,
sweet-flag,sweet flag,Acorus calamus,Acoraceae,plant,
taro,taro,Colocasia esculenta,Araceae,plant,taro;poi;dasheen
giant-taro,giant taro,Alocasia macrorrhizos,Araceae,plant,
elephant-foot-yam,elephant foot yam,Amorphophallus paeoniifolius,Araceae,plant,
konjac,konjac,Amorphophallus konjac,Araceae,plant,
malanga,malanga (yautía),Xanthosoma sagittifolium,Araceae,plant,yautía
swamp-taro,swamp taro (pulaka),Cyrtosperma merkusii,Araceae,plant,pulaka
monstera-fruit,monstera fruit,Monstera deliciosa,Araceae,plant,
watermeal,watermeal (khai-nam),Wolffia globosa,Araceae,plant,khai-nam
arrowhead,arrowhead (cigu),Sagittaria sagittifolia,Alismataceae,plant,cigu
wapato,wapato,Sagittaria latifolia,Alismataceae,plant,
ottelia,ottelia,Ottelia alismoides,Hydrocharitaceae,plant,
waterblommetjie,waterblommetjie,Aponogeton distachyos,Aponogetonaceae,plant,
eelgrass,eelgrass (seeds),Zostera marina,Zosteraceae,plant,
karuka-nut,karuka nut,Pandanus julianettii,Pandanaceae,plant,
screwpine,screwpine (hala fruit),Pandanus tectorius,Pandanaceae,plant,hala fruit
red-fruit,red fruit (buah merah),Pandanus conoideus,Pandanaceae,plant,buah merah
pandan,pandan,Pandanus amaryllifolius,Pandanaceae,plant,
polynesian-arrowroot,Polynesian arrowroot,Tacca leontopetaloides,Dioscoreaceae,plant,
yellow-yam,yellow yam,Dioscorea cayenensis,Dioscoreaceae,plant,
white-guinea-yam,white Guinea yam,Dioscorea rotundata,Dioscoreaceae,plant,
air-potato,air potato,Dioscorea bulbifera,Dioscoreaceae,plant,
bitter-yam,bitter yam,Dioscorea dumetorum,Dioscoreaceae,plant,
cush-cush-yam,cush-cush yam,Dioscorea trifida,Dioscoreaceae,plant,
lesser-yam,lesser yam,Dioscorea esculenta,Dioscoreaceae,plant,
japanese-mountain-yam,Japanese mountain yam,Dioscorea japonica,Dioscoreaceae,plant,
chinese-yam,Chinese yam (nagaimo),Dioscorea polystachya,Dioscoreaceae,plant,nagaimo
greater-yam,greater yam (ube),Dioscorea alata,Dioscoreaceae,plant,ube
sarsaparilla,sarsaparilla,Smilax ornata,Smilacaceae,plant,
rough-bindweed,rough bindweed (shoots),Smilax aspera,Smilacaceae,plant,
china-root,China root,Smilax china,Smilacaceae,plant,
indian-cucumber-root,Indian cucumber-root,Medeola virginiana,Liliaceae,plant,
browns-lily,Brown's lily (bai he),Lilium brownii,Liliaceae,plant,bai he
davids-lily-bulb,David's lily bulb,Lilium davidii,Liliaceae,plant,
tiger-lily-bulb,tiger lily bulb,Lilium lancifolium,Liliaceae,plant,
northern-rice-root,northern rice-root,Fritillaria camschatcensis,Liliaceae,plant,
glacier-lily,glacier lily,Erythronium grandiflorum,Liliaceae,plant,
katakuri,katakuri,Erythronium japonicum,Liliaceae,plant,
sego-lily,sego lily,Calochortus nuttallii,Liliaceae,plant,
salsilla,salsilla,Bomarea edulis,Alstroemeriaceae,plant,
tahitian-vanilla,Tahitian vanilla,Vanilla tahitensis,Orchidaceae,plant,
pompona-vanilla,pompona vanilla,Vanilla pompona,Orchidaceae,plant,
vanilla,vanilla,Vanilla planifolia,Orchidaceae,plant,vanilla
tie-pi-shi-hu,tie pi shi hu,Dendrobium officinale,Orchidaceae,plant,
tianma,tianma,Gastrodia elata,Orchidaceae,plant,
chikanda-orchid,chikanda orchid (Disa),Disa robusta,Orchidaceae,plant,Disa
chikanda-orchid-2,chikanda orchid,Satyrium buchananii,Orchidaceae,plant,
early-purple-orchid,early purple orchid (salep),Orchis mascula,Orchidaceae,plant,salep
salep-orchid,salep orchid,Dactylorhiza romana,Orchidaceae,plant,
lumbah,lumbah (curculin),Curculigo latifolia,Hypoxidaceae,plant,curculin
asparagus,asparagus,Asparagus officinalis,Asparagaceae,plant,asparagus
wild-asparagus,wild asparagus,Asparagus acutifolius,Asparagaceae,plant,
shatavari,shatavari,Asparagus racemosus,Asparagaceae,plant,
false-solomons-seal,false Solomon's seal (shoots),Maianthemum racemosum,Asparagaceae,plant,
solomons-seal,Solomon's seal (shoots),Polygonatum odoratum,Asparagaceae,plant,
cabbage-tree,cabbage tree,Cordyline australis,Asparagaceae,plant,
ti,ti (root),Cordyline fruticosa,Asparagaceae,plant,
urui,urui,Hosta sieboldiana,Asparagaceae,plant,
blue-agave,blue agave,Agave tequilana,Asparagaceae,plant,
maguey-pulquero,maguey pulquero,Agave salmiana,Asparagaceae,plant,
century-plant,century plant (aguamiel),Agave americana,Asparagaceae,plant,aguamiel
espadin,espadín (mezcal),Agave angustifolia,Asparagaceae,plant,mezcal
izote,izote (flowers),Yucca gigantea,Asparagaceae,plant,
banana-yucca,banana yucca,Yucca baccata,Asparagaceae,plant,
great-camas,great camas,Camassia leichtlinii,Asparagaceae,plant,
camas,camas,Camassia quamash,Asparagaceae,plant,
safed-musli,safed musli,Chlorophytum borivilianum,Asparagaceae,plant,
bath-asparagus,Bath asparagus,Ornithogalum pyrenaicum,Asparagaceae,plant,
lampascioni,lampascioni (tassel hyacinth),Leopoldia comosa,Asparagaceae,plant,tassel hyacinth
egyptian-walking-onion,Egyptian walking onion,Allium × proliferum,Amaryllidaceae,plant,
garlic,garlic,Allium sativum,Amaryllidaceae,plant,garlic
wild-onion,wild onion,Allium canadense,Amaryllidaceae,plant,
french-grey-shallot,French grey shallot,Allium oschaninii,Amaryllidaceae,plant,
onion,onion / shallot,Allium cepa,Amaryllidaceae,plant,shallot;onion;onions;shallots;scallion;scallions;green onion;spring onion
ramsons,ramsons,Allium ursinum,Amaryllidaceae,plant,
leek-garlic,leek / elephant garlic,Allium ampeloprasum,Amaryllidaceae,plant,elephant garlic;leek;leeks
hookers-chives,Hooker's chives,Allium hookeri,Amaryllidaceae,plant,
victory-onion,victory onion,Allium victorialis,Amaryllidaceae,plant,
chives,chives,Allium schoenoprasum,Amaryllidaceae,plant,chive;chives
ramps,ramps,Allium tricoccum,Amaryllidaceae,plant,
garlic-chives,garlic chives,Allium tuberosum,Amaryllidaceae,plant,
rakkyo,rakkyo,Allium chinense,Amaryllidaceae,plant,
welsh-onion,Welsh onion (negi),Allium fistulosum,Amaryllidaceae,plant,negi
long-stamen-chive,long-stamen chive,Allium macrostemon,Amaryllidaceae,plant,
blue-flax-lily,blue flax-lily (berries),Dianella caerulea,Asphodelaceae,plant,berries
daylily,daylily,Hemerocallis fulva,Asphodelaceae,plant,
citron-daylily,citron daylily (huang hua cai),Hemerocallis citrina,Asphodelaceae,plant,huang hua cai
asphodel,asphodel (tubers),Asphodelus ramosus,Asphodelaceae,plant,
foxtail-lily,foxtail lily (shoots),Eremurus spectabilis,Asphodelaceae,plant,
aloe-vera,aloe vera,Aloe vera,Asphodelaceae,plant,
cape-aloe,Cape aloe,Aloe ferox,Asphodelaceae,plant,
saffron,saffron,Crocus sativus,Iridaceae,plant,
natal-lily,natal lily (corm),Gladiolus dalenii,Iridaceae,plant,
narrowleaf-cattail,narrowleaf cattail,Typha angustifolia,Typhaceae,plant,
southern-cattail,southern cattail,Typha domingensis,Typhaceae,plant,
broadleaf-cattail,broadleaf cattail,Typha latifolia,Typhaceae,plant,
chagual,chagual (shoots),Puya chilensis,Bromeliaceae,plant,
chupon,chupón,Greigia sphacelata,Bromeliaceae,plant,
karatas,karatas,Bromelia karatas,Bromeliaceae,plant,
pinuela,piñuela,Bromelia pinguin,Bromeliaceae,plant,
pineapple,pineapple,Ananas comosus,Bromeliaceae,plant,pineapple
chinese-water-chestnut,Chinese water chestnut,Eleocharis dulcis,Cyperaceae,plant,
sea-clubrush,sea clubrush (tubers),Bolboschoenus maritimus,Cyperaceae,plant,
tule,"tule (rhizome, pollen)",Schoenoplectus acutus,Cyperaceae,plant,rhizome;pollen
tiger-nut,tiger nut (chufa),Cyperus esculentus,Cyperaceae,plant,chufa
nut-grass,nut grass (tubers),Cyperus rotundus,Cyperaceae,plant,
papyrus,papyrus (pith),Cyperus papyrus,Cyperaceae,plant,
indian-ricegrass,Indian ricegrass,Eriocoma hymenoides,Poaceae,plant,
manchurian-wild-rice,Manchurian wild rice (jiaobai),Zizania latifolia,Poaceae,plant,jiaobai
wild-rice,wild rice (northern),Zizania palustris,Poaceae,plant,
wild-rice-2,wild rice (southern),Zizania aquatica,Poaceae,plant,
african-rice,African rice,Oryza glaberrima,Poaceae,plant,
rice,rice,Oryza sativa,Poaceae,plant,rice;sushi rice;rice vinegar;rice noodles;rice flour;mochi;sake
early-bamboo,early bamboo (shoots),Phyllostachys praecox,Poaceae,plant,
sweetshoot-bamboo,sweetshoot bamboo,Phyllostachys dulcis,Poaceae,plant,
madake,madake (shoots),Phyllostachys bambusoides,Poaceae,plant,
black-bamboo,black bamboo (shoots),Phyllostachys nigra,Poaceae,plant,
moso-bamboo,moso bamboo (shoots),Phyllostachys edulis,Poaceae,plant,
muli-bamboo,muli bamboo (bamboo rice),Melocanna baccifera,Poaceae,plant,bamboo rice
common-bamboo,common bamboo (shoots),Bambusa vulgaris,Poaceae,plant,
bengal-bamboo,Bengal bamboo (shoots),Bambusa tulda,Poaceae,plant,
oldhams-bamboo,Oldham's bamboo (shoots),Bambusa oldhamii,Poaceae,plant,
bolo-bamboo,bolo bamboo (shoots),Gigantochloa levis,Poaceae,plant,
giant-bamboo,giant bamboo (shoots),Dendrocalamus asper,Poaceae,plant,
hamiltons-bamboo,Hamilton's bamboo (shoots),Dendrocalamus hamiltonii,Poaceae,plant,
taiwan-giant-bamboo,Taiwan giant bamboo (shoots),Dendrocalamus latiflorus,Poaceae,plant,
floating-sweet-grass,floating sweet-grass (manna),Glyceria fluitans,Poaceae,plant,manna
kernza,Kernza (intermediate wheatgrass),Thinopyrum intermedium,Poaceae,plant,intermediate wheatgrass
triticale,triticale,× Triticosecale,Poaceae,plant,
khorasan-wheat,khorasan wheat,Triticum turanicum,Poaceae,plant,
einkorn,einkorn,Triticum monococcum,Poaceae,plant,
durum,durum / emmer,Triticum turgidum,Poaceae,plant,emmer
bread-wheat,bread wheat,Triticum aestivum,Poaceae,plant,wheat;flour;bread;pasta;noodles;bun;couscous;bulgur;semolina;durum;seitan;soy sauce;tortilla;crackers;breadcrumbs;panko;pastry
timopheevs-wheat,Timopheev's wheat,Triticum timopheevii,Poaceae,plant,
spelt,spelt,Triticum spelta,Poaceae,plant,
rye,rye,Secale cereale,Poaceae,plant,rye
couch-grass,couch grass (rhizome),Elymus repens,Poaceae,plant,rhizome
barley,barley,Hordeum vulgare,Poaceae,plant,barley;malt;beer;pearl barley
red-oat,red oat,Avena byzantina,Poaceae,plant,
ethiopian-oat,Ethiopian oat,Avena abyssinica,Poaceae,plant,
oat,oat,Avena sativa,Poaceae,plant,oat;oats;oatmeal;rolled oats
sweetgrass,sweetgrass (żubrówka),Anthoxanthum nitens,Poaceae,plant,żubrówka
kodo-millet,kodo millet,Paspalum scrobiculatum,Poaceae,plant,
maize,maize,Zea mays,Poaceae,plant,maize;corn;cornmeal;polenta;masa;corn syrup;cornstarch;popcorn;grits;tortilla
vetiver,vetiver,Chrysopogon zizanioides,Poaceae,plant,
jobs-tears,Job's tears,Coix lacryma-jobi,Poaceae,plant,
duruka,duruka (pitpit),Saccharum edule,Poaceae,plant,pitpit
sugarcane,sugarcane,Saccharum officinarum,Poaceae,plant,sugarcane;sugar;cane sugar;molasses;rum;brown sugar
sorghum,sorghum,Sorghum bicolor,Poaceae,plant,sorghum
east-indian-lemongrass,East Indian lemongrass,Cymbopogon flexuosus,Poaceae,plant,
lemongrass,lemongrass,Cymbopogon citratus,Poaceae,plant,
black-fonio,black fonio,Digitaria iburua,Poaceae,plant,
fonio,fonio,Digitaria exilis,Poaceae,plant,
indian-barnyard-millet,Indian barnyard millet,Echinochloa frumentacea,Poaceae,plant,
japanese-barnyard-millet,Japanese barnyard millet,Echinochloa esculenta,Poaceae,plant,
foxtail-millet,foxtail millet,Setaria italica,Poaceae,plant,
pearl-millet,pearl millet,Cenchrus americanus,Poaceae,plant,
guinea-millet,Guinea millet,Brachiaria deflexa,Poaceae,plant,
proso-millet,proso millet,Panicum miliaceum,Poaceae,plant,
little-millet,little millet,Panicum sumatrense,Poaceae,plant,
common-reed,"common reed (shoots, manna)",Phragmites australis,Poaceae,plant,manna
teff,teff,Eragrostis tef,Poaceae,plant,
finger-millet,finger millet,Eleusine coracana,Poaceae,plant,
cabbage-palmetto,cabbage palmetto,Sabal palmetto,Arecaceae,plant,
guadalupe-palm,Guadalupe palm,Brahea edulis,Arecaceae,plant,
dwarf-fan-palm,dwarf fan palm,Chamaerops humilis,Arecaceae,plant,
saw-palmetto,saw palmetto,Serenoa repens,Arecaceae,plant,
cabbage-tree-palm,cabbage-tree palm,Livistona australis,Arecaceae,plant,
california-fan-palm,California fan palm (fruit),Washingtonia filifera,Arecaceae,plant,
date-palm,date palm,Phoenix dactylifera,Arecaceae,plant,date palm;dates
wild-date-palm,wild date palm (jaggery),Phoenix sylvestris,Arecaceae,plant,jaggery
gebang-palm,gebang palm (sago),Corypha utan,Arecaceae,plant,sago
african-palmyra,African palmyra,Borassus aethiopum,Arecaceae,plant,
palmyra-palm,"palmyra palm (toddy, nungu)",Borassus flabellifer,Arecaceae,plant,toddy;nungu
doum-palm,doum palm,Hyphaene thebaica,Arecaceae,plant,
sugar-palm,sugar palm (kolang kaling),Arenga pinnata,Arecaceae,plant,kolang kaling
kitul,kitul (fishtail palm),Caryota urens,Arecaceae,plant,fishtail palm
pacaya,pacaya,Chamaedorea tepejilote,Arecaceae,plant,
jucara,juçara (palm heart),Euterpe edulis,Arecaceae,plant,palm heart
acai-do-amazonas,açaí-do-amazonas,Euterpe precatoria,Arecaceae,plant,
acai,açaí,Euterpe oleracea,Arecaceae,plant,
palmito,palmito (mountain cabbage),Prestoea acuminata,Arecaceae,plant,mountain cabbage
pataua,patauá,Oenocarpus bataua,Arecaceae,plant,
areca-nut,areca nut,Areca catechu,Arecaceae,plant,
american-oil-palm,American oil palm,Elaeis oleifera,Arecaceae,plant,
african-oil-palm,African oil palm,Elaeis guineensis,Arecaceae,plant,oil palm;palm oil;palm sugar
macauba,macaúba (coyol),Acrocomia aculeata,Arecaceae,plant,coyol
peach-palm,peach palm (pejibaye),Bactris gasipaes,Arecaceae,plant,pejibaye
awarra,awarra,Astrocaryum vulgare,Arecaceae,plant,
tucuma,tucumã,Astrocaryum aculeatum,Arecaceae,plant,
coconut,coconut,Cocos nucifera,Arecaceae,plant,coconut;coconut milk;coconut oil;coconut cream
chonta,chonta (coco cumbi),Parajubaea cocoides,Arecaceae,plant,coco cumbi
jelly-palm,jelly palm,Butia capitata,Arecaceae,plant,
chilean-wine-palm,Chilean wine palm (coquito),Jubaea chilensis,Arecaceae,plant,coquito
inaja,inajá,Attalea maripa,Arecaceae,plant,
babassu,babassu,Attalea speciosa,Arecaceae,plant,
licuri,licuri,Syagrus coronata,Arecaceae,plant,
queen-palm,queen palm,Syagrus romanzoffiana,Arecaceae,plant,
royal-palm,royal palm (heart),Roystonea regia,Arecaceae,plant,
nipa-palm,nipa palm (attap),Nypa fruticans,Arecaceae,plant,attap
raffia-palm,raffia palm (palm wine),Raphia hookeri,Arecaceae,plant,palm wine
buriti,buriti (moriche),Mauritia flexuosa,Arecaceae,plant,moriche
rakum,rakum,Salacca wallichiana,Arecaceae,plant,
salak,salak (snake fruit),Salacca zalacca,Arecaceae,plant,snake fruit
rattan,rattan (shoots),Calamus tenuis,Arecaceae,plant,
sago-palm,sago palm,Metroxylon sagu,Arecaceae,plant,
wild-bornean-sago,wild Bornean sago,Eugeissona utilis,Arecaceae,plant,
plantain-hybrids,plantain / banana hybrids,Musa × paradisiaca,Musaceae,plant,banana hybrids
banana,banana (acuminata),Musa acuminata,Musaceae,plant,acuminata
banana-2,banana (balbisiana),Musa balbisiana,Musaceae,plant,balbisiana
enset,enset,Ensete ventricosum,Musaceae,plant,
crepe-ginger,crepe ginger,Hellenia speciosa,Costaceae,plant,
fingerroot,fingerroot (krachai),Boesenbergia rotunda,Zingiberaceae,plant,krachai
ginger,ginger,Zingiber officinale,Zingiberaceae,plant,ginger
myoga,myoga,Zingiber mioga,Zingiberaceae,plant,
shampoo-ginger,shampoo ginger (awapuhi),Zingiber zerumbet,Zingiberaceae,plant,awapuhi
cassumunar-ginger,cassumunar ginger,Zingiber montanum,Zingiberaceae,plant,
kencur,kencur,Kaempferia galanga,Zingiberaceae,plant,
black-ginger,black ginger,Kaempferia parviflora,Zingiberaceae,plant,
white-ginger-lily,white ginger lily (flowers),Hedychium coronarium,Zingiberaceae,plant,
temulawak,temulawak,Curcuma zanthorrhiza,Zingiberaceae,plant,
wild-turmeric,wild turmeric,Curcuma aromatica,Zingiberaceae,plant,
mango-ginger,mango ginger,Curcuma amada,Zingiberaceae,plant,
east-indian-arrowroot,East Indian arrowroot,Curcuma angustifolia,Zingiberaceae,plant,
black-turmeric,black turmeric,Curcuma caesia,Zingiberaceae,plant,
zedoary,zedoary,Curcuma zedoaria,Zingiberaceae,plant,
turmeric,turmeric,Curcuma longa,Zingiberaceae,plant,turmeric
lesser-galangal,lesser galangal,Alpinia officinarum,Zingiberaceae,plant,
shell-ginger,shell ginger (leaves),Alpinia zerumbet,Zingiberaceae,plant,
greater-galangal,greater galangal,Alpinia galanga,Zingiberaceae,plant,
ethiopian-cardamom,Ethiopian cardamom (korerima),Aframomum corrorima,Zingiberaceae,plant,korerima
grains-of-paradise,grains of paradise,Aframomum melegueta,Zingiberaceae,plant,
bastard-melegueta,bastard melegueta,Aframomum daniellii,Zingiberaceae,plant,
torch-ginger,torch ginger,Etlingera elatior,Zingiberaceae,plant,
green-cardamom,green cardamom,Elettaria cardamomum,Zingiberaceae,plant,cardamom
tsaoko,tsaoko (cao guo),Lanxangia tsaoko,Zingiberaceae,plant,cao guo
black-cardamom,black cardamom,Amomum subulatum,Zingiberaceae,plant,
achira,achira (Queensland arrowroot),Canna indica,Cannaceae,plant,Queensland arrowroot
leren,lerén (Guinea arrowroot),Goeppertia allouia,Marantaceae,plant,Guinea arrowroot
arrowroot,arrowroot,Maranta arundinacea,Marantaceae,plant,
katemfe,katemfe (thaumatin),Thaumatococcus daniellii,Marantaceae,plant,thaumatin
heartshape-false-pickerelweed,heartshape false pickerelweed,Monochoria vaginalis,Pontederiaceae,plant,
benghal-dayflower,Benghal dayflower,Commelina benghalensis,Commelinaceae,plant,
asiatic-dayflower,Asiatic dayflower,Commelina communis,Commelinaceae,plant,
barberry,barberry (zereshk),Berberis vulgaris,Berberidaceae,plant,zereshk
oregon-grape,Oregon grape,Berberis aquifolium,Berberidaceae,plant,
mayapple,mayapple (ripe fruit),Podophyllum peltatum,Berberidaceae,plant,ripe fruit
black-seed,black seed (kalonji),Nigella sativa,Ranunculaceae,plant,kalonji
marsh-marigold,marsh marigold (cooked),Caltha palustris,Ranunculaceae,plant,
blue-sausage-fruit,blue sausage fruit,Decaisnea insignis,Lardizabalaceae,plant,
three-leaf-akebia,three-leaf akebia,Akebia trifoliata,Lardizabalaceae,plant,
akebia,akebia (chocolate vine),Akebia quinata,Lardizabalaceae,plant,chocolate vine
mube,mube,Stauntonia hexaphylla,Lardizabalaceae,plant,
corn-poppy,"corn poppy (petals, greens)",Papaver rhoeas,Papaveraceae,plant,
opium-poppy,opium poppy (seed),Papaver somniferum,Papaveraceae,plant,poppy seed
lotus,"lotus (root, seed)",Nelumbo nucifera,Nelumbonaceae,plant,lotus root
american-lotus,American lotus,Nelumbo lutea,Nelumbonaceae,plant,
geebung,geebung,Persoonia pinifolia,Proteaceae,plant,
red-bopple-nut,red bopple nut,Hicksbeachia pinnatifolia,Proteaceae,plant,
chilean-hazelnut,Chilean hazelnut,Gevuina avellana,Proteaceae,plant,
wild-almond,wild almond (processed),Brabejum stellatifolium,Proteaceae,plant,
macadamia,macadamia,Macadamia integrifolia,Proteaceae,plant,macadamia
rough-shelled-macadamia,rough-shelled macadamia,Macadamia tetraphylla,Proteaceae,plant,
nalca,nalca (Chilean rhubarb),Gunnera tinctoria,Gunneraceae,plant,Chilean rhubarb
elephant-apple,elephant apple,Dillenia indica,Dilleniaceae,plant,
katmon,katmon,Dillenia philippinensis,Dilleniaceae,plant,
native-cherry,native cherry,Exocarpos cupressiformis,Santalaceae,plant,
australian-sandalwood,Australian sandalwood (nut),Santalum spicatum,Santalaceae,plant,
quandong,quandong,Santalum acuminatum,Santalaceae,plant,
coula-nut,coula nut,Coula edulis,Coulaceae,plant,
sourplum,sourplum,Ximenia caffra,Ximeniaceae,plant,
yellow-plum,yellow plum (tallow wood),Ximenia americana,Ximeniaceae,plant,tallow wood
sea-grape,sea grape,Coccoloba uvifera,Polygonaceae,plant,
coral-vine,coral vine (tubers),Antigonon leptopus,Polygonaceae,plant,
japanese-knotweed,Japanese knotweed (shoots),Reynoutria japonica,Polygonaceae,plant,
canaigre,canaigre,Rumex hymenosepalus,Polygonaceae,plant,
monks-rhubarb,monk's rhubarb,Rumex alpinus,Polygonaceae,plant,
sheep-sorrel,sheep sorrel,Rumex acetosella,Polygonaceae,plant,
curly-dock,curly dock,Rumex crispus,Polygonaceae,plant,
french-sorrel,French sorrel,Rumex scutatus,Polygonaceae,plant,
bladder-dock,bladder dock (hummeidh),Rumex vesicarius,Polygonaceae,plant,hummeidh
bloody-dock,bloody dock,Rumex sanguineus,Polygonaceae,plant,
patience-dock,patience dock,Rumex patientia,Polygonaceae,plant,
sorrel,sorrel,Rumex acetosa,Polygonaceae,plant,
mountain-sorrel,mountain sorrel,Oxyria digyna,Polygonaceae,plant,
persian-rhubarb,Persian rhubarb (rivas),Rheum ribes,Polygonaceae,plant,rivas
false-rhubarb,false rhubarb,Rheum rhaponticum,Polygonaceae,plant,
rhubarb,rhubarb,Rheum rhabarbarum,Polygonaceae,plant,rhubarb
alpine-bistort,alpine bistort,Bistorta vivipara,Polygonaceae,plant,
bistort,bistort,Bistorta officinalis,Polygonaceae,plant,
water-pepper,water pepper (tade),Persicaria hydropiper,Polygonaceae,plant,tade
vietnamese-coriander,Vietnamese coriander (rau răm),Persicaria odorata,Polygonaceae,plant,rau răm
kesum,kesum,Persicaria minor,Polygonaceae,plant,
buckwheat,buckwheat,Fagopyrum esculentum,Polygonaceae,plant,buckwheat;soba;kasha
tartary-buckwheat,Tartary buckwheat,Fagopyrum tataricum,Polygonaceae,plant,
sea-sandwort,sea sandwort,Honckenya peploides,Caryophyllaceae,plant,
halva-root,halva root (çöven),Gypsophila arrostii,Caryophyllaceae,plant,çöven
chickweed,chickweed,Stellaria media,Caryophyllaceae,plant,
carnation,carnation (petals),Dianthus caryophyllus,Caryophyllaceae,plant,
soapwort,soapwort,Saponaria officinalis,Caryophyllaceae,plant,
bladder-campion,bladder campion (sculpit),Silene vulgaris,Caryophyllaceae,plant,sculpit
algerian-tea,Algerian tea,Paronychia argentea,Caryophyllaceae,plant,
beet,beet / chard / sugar beet,Beta vulgaris,Amaranthaceae,plant,chard;sugar beet;beet;beetroot;swiss chard;beet sugar
good-king-henry,Good King Henry,Blitum bonus-henricus,Amaranthaceae,plant,
strawberry-blite,strawberry blite,Blitum capitatum,Amaranthaceae,plant,
orache,orache,Atriplex hortensis,Amaranthaceae,plant,
fourwing-saltbush,fourwing saltbush (seed),Atriplex canescens,Amaranthaceae,plant,
old-man-saltbush,old man saltbush,Atriplex nummularia,Amaranthaceae,plant,
sea-orache,sea orache,Atriplex halimus,Amaranthaceae,plant,
kaniwa,kañiwa,Chenopodium pallidicaule,Amaranthaceae,plant,
huauzontle,huauzontle,Chenopodium berlandieri,Amaranthaceae,plant,
quinoa,quinoa,Chenopodium quinoa,Amaranthaceae,plant,quinoa
tree-spinach,tree spinach,Chenopodium giganteum,Amaranthaceae,plant,
fig-leaved-goosefoot,fig-leaved goosefoot,Chenopodium ficifolium,Amaranthaceae,plant,
lambs-quarters,lamb's quarters (bathua),Chenopodium album,Amaranthaceae,plant,bathua
spinach,spinach,Spinacia oleracea,Amaranthaceae,plant,spinach
epazote,epazote,Dysphania ambrosioides,Amaranthaceae,plant,
sand-rice,sand rice,Agriophyllum squarrosum,Amaranthaceae,plant,
agretti,agretti,Salsola soda,Amaranthaceae,plant,
okahijiki,okahijiki,Salsola komarovii,Amaranthaceae,plant,
kochia,kochia (tonburi),Bassia scoparia,Amaranthaceae,plant,tonburi
ruby-saltbush,ruby saltbush,Enchylaena tomentosa,Amaranthaceae,plant,
sea-blite,sea blite,Suaeda maritima,Amaranthaceae,plant,
yan-di-jian,yan di jian (sea blite),Suaeda salsa,Amaranthaceae,plant,sea blite
beaded-samphire,beaded samphire,Sarcocornia quinqueflora,Amaranthaceae,plant,
dwarf-glasswort,dwarf glasswort,Salicornia bigelovii,Amaranthaceae,plant,
samphire,samphire (glasswort),Salicornia europaea,Amaranthaceae,plant,glasswort
lagos-spinach,Lagos spinach (soko),Celosia argentea,Amaranthaceae,plant,soko
deeringia,deeringia (leaves),Deeringia amaranthoides,Amaranthaceae,plant,
red-amaranth,red amaranth (grain),Amaranthus cruentus,Amaranthaceae,plant,
love-lies-bleeding,love-lies-bleeding (kiwicha),Amaranthus caudatus,Amaranthaceae,plant,kiwicha
princes-feather,Prince's feather (grain),Amaranthus hypochondriacus,Amaranthaceae,plant,
spleen-amaranth,spleen amaranth,Amaranthus dubius,Amaranthaceae,plant,
spiny-amaranth,spiny amaranth,Amaranthus spinosus,Amaranthaceae,plant,
redroot-pigweed,redroot pigweed,Amaranthus retroflexus,Amaranthaceae,plant,
smooth-amaranth,smooth amaranth,Amaranthus hybridus,Amaranthaceae,plant,
slender-amaranth,slender amaranth,Amaranthus viridis,Amaranthaceae,plant,
leaf-amaranth,leaf amaranth (callaloo),Amaranthus tricolor,Amaranthaceae,plant,callaloo
purple-amaranth,purple amaranth (vlita),Amaranthus blitum,Amaranthaceae,plant,vlita
palmer-amaranth,Palmer amaranth (seed),Amaranthus palmeri,Amaranthaceae,plant,
sessile-joyweed,sessile joyweed,Alternanthera sessilis,Amaranthaceae,plant,
slender-carpetweed,slender carpetweed,Glinus oppositifolius,Molluginaceae,plant,
fishhook-barrel,fishhook barrel (cactus candy),Ferocactus wislizeni,Cactaceae,plant,cactus candy
biznaga,biznaga (acitrón),Echinocactus platyacanthus,Cactaceae,plant,acitrón
yellow-dragon-fruit,yellow dragon fruit,Selenicereus megalanthus,Cactaceae,plant,
red-dragon-fruit,red dragon fruit,Selenicereus costaricensis,Cactaceae,plant,
white-dragon-fruit,white dragon fruit,Selenicereus undatus,Cactaceae,plant,
pitayo-de-mayo,pitayo de Mayo,Stenocereus griseus,Cactaceae,plant,
pitaya-de-octubre,pitaya de octubre,Stenocereus pruinosus,Cactaceae,plant,
pitaya-agria,pitaya agria,Stenocereus gummosus,Cactaceae,plant,
pitaya-de-queretaro,pitaya de Querétaro,Stenocereus queretaroensis,Cactaceae,plant,
organ-pipe-cactus,organ pipe cactus (pitaya dulce),Stenocereus thurberi,Cactaceae,plant,pitaya dulce
jiotilla,jiotilla,Escontria chiotilla,Cactaceae,plant,
chichipe,chichipe,Polaskia chichipe,Cactaceae,plant,
garambullo,garambullo,Myrtillocactus geometrizans,Cactaceae,plant,
strawberry-hedgehog-cactus,strawberry hedgehog cactus,Echinocereus engelmannii,Cactaceae,plant,
cardon,cardón,Pachycereus pringlei,Cactaceae,plant,
saguaro,saguaro,Carnegiea gigantea,Cactaceae,plant,
hairbrush-cactus,hairbrush cactus (fruit),Pachycereus pecten-aboriginum,Cactaceae,plant,
copao,copao,Eulychnia acida,Cactaceae,plant,
sancayo,sancayo,Corryocactus brevistylus,Cactaceae,plant,
quisco,quisco (guillave),Echinopsis chiloensis,Cactaceae,plant,guillave
mandacaru,mandacaru,Cereus jamacaru,Cactaceae,plant,
peruvian-apple-cactus,Peruvian apple cactus,Cereus repandus,Cactaceae,plant,
rose-cactus,rose cactus (leaves),Leuenbergeria bleo,Cactaceae,plant,
rose-cactus-2,rose cactus (grandifolia),Pereskia grandifolia,Cactaceae,plant,grandifolia
ora-pro-nobis,ora-pro-nóbis,Pereskia aculeata,Cactaceae,plant,
xoconostle,xoconostle,Opuntia joconostle,Cactaceae,plant,
xoconostle-2,xoconostle (matudae),Opuntia matudae,Cactaceae,plant,matudae
cochineal-nopal,cochineal nopal,Opuntia cochenillifera,Cactaceae,plant,
nopal-tapon,nopal tapón,Opuntia robusta,Cactaceae,plant,
tulip-prickly-pear,tulip prickly pear,Opuntia phaeacantha,Cactaceae,plant,
eastern-prickly-pear,eastern prickly pear,Opuntia humifusa,Cactaceae,plant,
prickly-pear,prickly pear (nopal),Opuntia ficus-indica,Cactaceae,plant,nopal;prickly pear;nopales;cactus
engelmanns-prickly-pear,Engelmann's prickly pear,Opuntia engelmannii,Cactaceae,plant,
buckhorn-cholla,buckhorn cholla (buds),Cylindropuntia acanthocarpa,Cactaceae,plant,
purslane,purslane,Portulaca oleracea,Portulacaceae,plant,
ceylon-spinach,Ceylon spinach (waterleaf),Talinum fruticosum,Talinaceae,plant,waterleaf
jewels-of-opar,jewels of Opar (leaves),Talinum paniculatum,Talinaceae,plant,
spekboom,spekboom,Portulacaria afra,Didiereaceae,plant,
malabar-spinach,Malabar spinach,Basella alba,Basellaceae,plant,
ulluco,ulluco,Ullucus tuberosus,Basellaceae,plant,
madeira-vine,Madeira vine,Anredera cordifolia,Basellaceae,plant,
water-blinks,water blinks,Montia fontana,Montiaceae,plant,
siberian-spring-beauty,Siberian spring beauty,Claytonia sibirica,Montiaceae,plant,
miners-lettuce,miner's lettuce,Claytonia perfoliata,Montiaceae,plant,
spring-beauty,spring beauty (fairy spuds),Claytonia virginica,Montiaceae,plant,fairy spuds
bitterroot,bitterroot,Lewisia rediviva,Montiaceae,plant,
new-zealand-spinach,New Zealand spinach,Tetragonia tetragonioides,Aizoaceae,plant,
ice-plant,ice plant,Mesembryanthemum crystallinum,Aizoaceae,plant,
karkalla,karkalla,Carpobrotus rossii,Aizoaceae,plant,
sour-fig,sour fig (Hottentot fig),Carpobrotus edulis,Aizoaceae,plant,Hottentot fig
sea-purslane,sea purslane,Sesuvium portulacastrum,Aizoaceae,plant,
horse-purslane,horse purslane,Trianthema portulacastrum,Aizoaceae,plant,
indian-pokeweed,Indian pokeweed,Phytolacca acinosa,Phytolaccaceae,plant,
pokeweed,pokeweed (poke sallet),Phytolacca americana,Phytolaccaceae,plant,poke sallet
lettuce-tree,lettuce tree,Pisonia grandis,Nyctaginaceae,plant,
punarnava,punarnava,Boerhavia diffusa,Nyctaginaceae,plant,
mauka,mauka,Mirabilis expansa,Nyctaginaceae,plant,
amacha,amacha (sweet tea),Hydrangea serrata,Hydrangeaceae,plant,
whitestem-blazingstar,whitestem blazingstar (seed),Mentzelia albicaulis,Loasaceae,plant,
cornelian-cherry,cornelian cherry,Cornus mas,Cornaceae,plant,
japanese-cornel,Japanese cornel (shanzhuyu),Cornus officinalis,Cornaceae,plant,shanzhuyu
kousa-dogwood,kousa dogwood (fruit),Cornus kousa,Cornaceae,plant,
bunchberry,bunchberry,Cornus canadensis,Cornaceae,plant,
black-tupelo,black tupelo (fruit),Nyssa sylvatica,Nyssaceae,plant,
ogeechee-lime,Ogeechee lime,Nyssa ogeche,Nyssaceae,plant,
himalayan-balsam,Himalayan balsam (seed),Impatiens glandulifera,Balsaminaceae,plant,
silverbell,silverbell (pickled fruit),Halesia carolina,Styracaceae,plant,pickled fruit
benzoin,benzoin,Styrax benzoin,Styracaceae,plant,
gogan,gogan (fruit),Saurauia napaulensis,Actinidiaceae,plant,
silver-vine,silver vine,Actinidia polygama,Actinidiaceae,plant,
arctic-kiwi,Arctic kiwi,Actinidia kolomikta,Actinidiaceae,plant,
hardy-kiwi,hardy kiwi,Actinidia arguta,Actinidiaceae,plant,
golden-kiwifruit,golden kiwifruit,Actinidia chinensis,Actinidiaceae,plant,
kiwifruit,kiwifruit,Actinidia deliciosa,Actinidiaceae,plant,kiwi;kiwifruit
white-kiwi,white kiwi,Actinidia eriantha,Actinidiaceae,plant,
strawberry-tree,strawberry tree,Arbutus unedo,Ericaceae,plant,
pacific-madrone,Pacific madrone (berries),Arbutus menziesii,Ericaceae,plant,berries
alpine-bearberry,alpine bearberry,Arctous alpina,Ericaceae,plant,
bigberry-manzanita,bigberry manzanita,Arctostaphylos glauca,Ericaceae,plant,
pointleaf-manzanita,pointleaf manzanita,Arctostaphylos pungens,Ericaceae,plant,
bearberry,bearberry,Arctostaphylos uva-ursi,Ericaceae,plant,
sourwood,sourwood,Oxydendrum arboreum,Ericaceae,plant,
wintergreen,wintergreen,Gaultheria procumbens,Ericaceae,plant,
salal,salal,Gaultheria shallon,Ericaceae,plant,
fragrant-wintergreen,fragrant wintergreen,Gaultheria fragrantissima,Ericaceae,plant,
prickly-heath,prickly heath (berries),Gaultheria mucronata,Ericaceae,plant,berries
snowberry,snowberry (Tasmania),Gaultheria hispida,Ericaceae,plant,Tasmania
rabbiteye-blueberry,rabbiteye blueberry,Vaccinium virgatum,Ericaceae,plant,
lowbush-blueberry,lowbush blueberry,Vaccinium angustifolium,Ericaceae,plant,
cascade-bilberry,Cascade bilberry,Vaccinium deliciosum,Ericaceae,plant,
small-cranberry,small cranberry,Vaccinium oxycoccos,Ericaceae,plant,
bog-bilberry,bog bilberry,Vaccinium uliginosum,Ericaceae,plant,
caucasian-whortleberry,Caucasian whortleberry,Vaccinium arctostaphylos,Ericaceae,plant,
black-huckleberry,black huckleberry (Gaylussacia),Gaylussacia baccata,Ericaceae,plant,Gaylussacia
dangleberry,dangleberry,Gaylussacia frondosa,Ericaceae,plant,
mortino,mortiño,Vaccinium floribundum,Ericaceae,plant,
evergreen-huckleberry,evergreen huckleberry,Vaccinium ovatum,Ericaceae,plant,
cranberry,cranberry,Vaccinium macrocarpon,Ericaceae,plant,cranberry;cranberries
lingonberry,lingonberry,Vaccinium vitis-idaea,Ericaceae,plant,lingonberry
oval-leaf-blueberry,oval-leaf blueberry,Vaccinium ovalifolium,Ericaceae,plant,
black-huckleberry-2,black huckleberry,Vaccinium membranaceum,Ericaceae,plant,
bilberry,bilberry,Vaccinium myrtillus,Ericaceae,plant,
red-huckleberry,red huckleberry,Vaccinium parvifolium,Ericaceae,plant,
ohelo,ohelo,Vaccinium reticulatum,Ericaceae,plant,
agraz,agraz,Vaccinium meridionale,Ericaceae,plant,
sparkleberry,sparkleberry,Vaccinium arboreum,Ericaceae,plant,
deerberry,deerberry,Vaccinium stamineum,Ericaceae,plant,
highbush-blueberry,highbush blueberry,Vaccinium corymbosum,Ericaceae,plant,blueberry;blueberries
cavendishia,cavendishia (fruit),Cavendishia bracteata,Ericaceae,plant,
uva-camarona,uva camarona,Macleania rupestris,Ericaceae,plant,
red-crowberry,red crowberry (diddle-dee),Empetrum rubrum,Ericaceae,plant,diddle-dee
crowberry,crowberry,Empetrum nigrum,Ericaceae,plant,
marsh-labrador-tea,marsh Labrador tea,Rhododendron tomentosum,Ericaceae,plant,
labrador-tea,Labrador tea,Rhododendron groenlandicum,Ericaceae,plant,
tree-rhododendron,tree rhododendron (flowers),Rhododendron arboreum,Ericaceae,plant,
heather,heather,Calluna vulgaris,Ericaceae,plant,
ocotillo,ocotillo (flowers),Fouquieria splendens,Fouquieriaceae,plant,
wild-tea,wild tea (Yunnan),Camellia taliensis,Theaceae,plant,Yunnan
tea,tea,Camellia sinensis,Theaceae,plant,tea;green tea;black tea;matcha;oolong
japanese-camellia,Japanese camellia (seed oil),Camellia japonica,Theaceae,plant,
tea-seed-oil,tea seed oil,Camellia oleifera,Theaceae,plant,
sasanqua,sasanqua (seed oil),Camellia sasanqua,Theaceae,plant,
argan,argan,Argania spinosa,Sapotaceae,plant,
mahua,mahua,Madhuca longifolia,Sapotaceae,plant,
moabi,moabi (oil),Baillonella toxisperma,Sapotaceae,plant,
shea,shea,Vitellaria paradoxa,Sapotaceae,plant,
spanish-cherry,Spanish cherry (bakul),Mimusops elengi,Sapotaceae,plant,bakul
transvaal-red-milkwood,Transvaal red milkwood,Mimusops zeyheri,Sapotaceae,plant,
sapodilla,sapodilla,Manilkara zapota,Sapotaceae,plant,
balata,balata,Manilkara bidentata,Sapotaceae,plant,
massaranduba,massaranduba,Manilkara huberi,Sapotaceae,plant,
caqui,caqui,Manilkara kauki,Sapotaceae,plant,
miracle-berry,miracle berry,Synsepalum dulcificum,Sapotaceae,plant,
stem-fruit,stem fruit (stamvrug),Englerophytum magalismontanum,Sapotaceae,plant,stamvrug
green-sapote,green sapote,Pouteria viridis,Sapotaceae,plant,
mamey-sapote,mamey sapote,Pouteria sapota,Sapotaceae,plant,
lucuma,lúcuma,Pouteria lucuma,Sapotaceae,plant,
african-star-apple,African star apple (udara),Chrysophyllum albidum,Sapotaceae,plant,udara
black-apple,black apple,Planchonella australis,Sapotaceae,plant,
star-apple,star apple,Chrysophyllum cainito,Sapotaceae,plant,
satinleaf,satinleaf,Chrysophyllum oliviforme,Sapotaceae,plant,
canistel,canistel,Pouteria campechiana,Sapotaceae,plant,
cutite,cutite,Pouteria macrophylla,Sapotaceae,plant,
abiu,abiu,Pouteria caimito,Sapotaceae,plant,
cocky-apple,cocky apple,Planchonia careya,Lecythidaceae,plant,
napoleons-hat,Napoleon's hat (fruit),Napoleonaea vogelii,Lecythidaceae,plant,
cut-nut,cut nut (procera),Barringtonia procera,Lecythidaceae,plant,procera
cut-nut-2,cut nut (pao),Barringtonia edulis,Lecythidaceae,plant,pao
sachamango,sachamango,Grias peruviana,Lecythidaceae,plant,
membrillo,membrillo (Gustavia),Gustavia superba,Lecythidaceae,plant,Gustavia
sapucaia-nut,sapucaia nut,Lecythis pisonis,Lecythidaceae,plant,
paradise-nut,paradise nut,Lecythis zabucajo,Lecythidaceae,plant,
brazil-nut,Brazil nut,Bertholletia excelsa,Lecythidaceae,plant,Brazil nut
blue-guarri,blue guarri (fruit),Euclea crispa,Ebenaceae,plant,
mabolo,mabolo (velvet apple),Diospyros blancoi,Ebenaceae,plant,velvet apple
thi,thị,Diospyros decandra,Ebenaceae,plant,
american-persimmon,American persimmon,Diospyros virginiana,Ebenaceae,plant,
persimmon,persimmon,Diospyros kaki,Ebenaceae,plant,persimmon
date-plum,date-plum,Diospyros lotus,Ebenaceae,plant,
jackalberry,jackalberry,Diospyros mespiliformis,Ebenaceae,plant,
gaub,gaub,Diospyros malabarica,Ebenaceae,plant,
black-sapote,black sapote,Diospyros digyna,Ebenaceae,plant,
texas-persimmon,Texas persimmon,Diospyros texana,Ebenaceae,plant,
african-boxwood,African boxwood (fruit),Myrsine africana,Primulaceae,plant,
false-black-pepper,false black pepper (vidanga),Embelia ribes,Primulaceae,plant,vidanga
capulin,capulín (Ardisia),Ardisia compressa,Primulaceae,plant,Ardisia
shoebutton-ardisia,shoebutton ardisia,Ardisia elliptica,Primulaceae,plant,
cyclamen,"cyclamen (tuber, historical)",Cyclamen persicum,Primulaceae,plant,
primrose,primrose (flowers),Primula vulgaris,Primulaceae,plant,
cowslip,cowslip (flowers),Primula veris,Primulaceae,plant,
helwingia,helwingia (leaves),Helwingia japonica,Helwingiaceae,plant,
kuding-tea,kuding tea,Ilex kudingcha,Aquifoliaceae,plant,
guayusa,guayusa,Ilex guayusa,Aquifoliaceae,plant,
yaupon,yaupon,Ilex vomitoria,Aquifoliaceae,plant,
dahoon-holly,dahoon holly,Ilex cassine,Aquifoliaceae,plant,
yerba-senorita,yerba señorita,Ilex dumosa,Aquifoliaceae,plant,
yerba-mate,yerba mate,Ilex paraguariensis,Aquifoliaceae,plant,
tarajo-holly,tarajo holly (kuding),Ilex latifolia,Aquifoliaceae,plant,kuding
appleberry,appleberry,Billardiera scandens,Pittosporaceae,plant,
purple-appleberry,purple appleberry,Billardiera longiflora,Pittosporaceae,plant,
spignel,spignel,Meum athamanticum,Apiaceae,plant,
kala-jeera,kala jeera (shahi jeera),Elwendia persica,Apiaceae,plant,shahi jeera
gotu-kola,gotu kola (pegaga),Centella asiatica,Apiaceae,plant,pegaga
lawn-pennywort,lawn pennywort,Hydrocotyle sibthorpioides,Araliaceae,plant,
wild-sarsaparilla,wild sarsaparilla,Aralia nudicaulis,Araliaceae,plant,
sanqi,sanqi,Panax notoginseng,Araliaceae,plant,
american-ginseng,American ginseng,Panax quinquefolius,Araliaceae,plant,
korean-ginseng,Korean ginseng,Panax ginseng,Araliaceae,plant,
japanese-ginseng,Japanese ginseng,Panax japonicus,Araliaceae,plant,
vietnamese-ginseng,Vietnamese ginseng,Panax vietnamensis,Araliaceae,plant,
american-spikenard,American spikenard,Aralia racemosa,Araliaceae,plant,
dokhwal,dokhwal,Aralia continentalis,Araliaceae,plant,
udo,udo,Aralia cordata,Araliaceae,plant,
japanese-angelica-tree,Japanese angelica tree (tara-no-me),Aralia elata,Araliaceae,plant,tara-no-me
shield-aralia,shield aralia,Polyscias scutellaria,Araliaceae,plant,
ming-aralia,Ming aralia,Polyscias fruticosa,Araliaceae,plant,
devils-club,devil's club (shoots),Oplopanax horridus,Araliaceae,plant,
snowflake-aralia,snowflake aralia (flowers),Trevesia palmata,Araliaceae,plant,
castor-aralia,castor aralia (shoots),Kalopanax septemlobus,Araliaceae,plant,
siberian-ginseng,Siberian ginseng,Eleutherococcus senticosus,Araliaceae,plant,
ogapi,ogapi,Eleutherococcus sessiliflorus,Araliaceae,plant,
koshiabura,koshiabura,Chengiopanax sciadophylloides,Araliaceae,plant,
macquarie-island-cabbage,Macquarie Island cabbage,Stilbocarpa polaris,Araliaceae,plant,
sea-holly,sea holly (root),Eryngium maritimum,Apiaceae,plant,
culantro,culantro,Eryngium foetidum,Apiaceae,plant,
striped-hemlock,striped hemlock (coscoll),Molopospermum peloponnesiacum,Apiaceae,plant,coscoll
anise,anise,Pimpinella anisum,Apiaceae,plant,anise;aniseed
yampah,yampah,Perideridia gairdneri,Apiaceae,plant,
oregon-yampah,Oregon yampah,Perideridia oregana,Apiaceae,plant,
water-dropwort,water dropwort (seri),Oenanthe javanica,Apiaceae,plant,seri
skirret,skirret,Sium sisarum,Apiaceae,plant,
mitsuba,mitsuba,Cryptotaenia japonica,Apiaceae,plant,
honewort,honewort,Cryptotaenia canadensis,Apiaceae,plant,
cretan-athamanta,Cretan athamanta,Athamanta cretensis,Apiaceae,plant,
chuanxiong,chuanxiong,Ligusticum striatum,Apiaceae,plant,
osha,oshá,Ligusticum porteri,Apiaceae,plant,
alexanders,alexanders,Smyrnium olusatrum,Apiaceae,plant,
scots-lovage,Scots lovage,Ligusticum scoticum,Apiaceae,plant,
shepherds-needle,shepherd's needle,Scandix pecten-veneris,Apiaceae,plant,
sweet-cicely,sweet cicely,Myrrhis odorata,Apiaceae,plant,
chervil,chervil,Anthriscus cerefolium,Apiaceae,plant,
aniseroot,aniseroot,Osmorhiza longistylis,Apiaceae,plant,
turnip-rooted-chervil,turnip-rooted chervil,Chaerophyllum bulbosum,Apiaceae,plant,
cumin,cumin,Cuminum cyminum,Apiaceae,plant,cumin
carrot,carrot,Daucus carota,Apiaceae,plant,carrot;carrots
giant-fennel,giant fennel (shoots),Ferula communis,Apiaceae,plant,
asafoetida,asafoetida,Ferula assa-foetida,Apiaceae,plant,
galbanum,galbanum,Ferula gummosa,Apiaceae,plant,
asafoetida-2,asafoetida (foetida),Ferula foetida,Apiaceae,plant,foetida
radhuni,radhuni,Trachyspermum roxburghianum,Apiaceae,plant,
dill,dill,Anethum graveolens,Apiaceae,plant,dill
celery,celery / celeriac,Apium graveolens,Apiaceae,plant,celeriac;celery;celery seed
sea-celery,sea celery,Apium prostratum,Apiaceae,plant,
false-fennel,false fennel,Ridolfia segetum,Apiaceae,plant,
fennel,fennel,Foeniculum vulgare,Apiaceae,plant,fennel;fennel seed
khella,khella,Ammi visnaga,Apiaceae,plant,
parsley,parsley,Petroselinum crispum,Apiaceae,plant,parsley
burnet-saxifrage,burnet saxifrage,Pimpinella saxifraga,Apiaceae,plant,
ground-elder,ground elder,Aegopodium podagraria,Apiaceae,plant,
sickleweed,sickleweed (paghazeh),Falcaria vulgaris,Apiaceae,plant,paghazeh
caraway,caraway,Carum carvi,Apiaceae,plant,caraway
rock-samphire,rock samphire,Crithmum maritimum,Apiaceae,plant,
ajwain,ajwain,Trachyspermum ammi,Apiaceae,plant,
great-pignut,great pignut (earth chestnut),Bunium bulbocastanum,Apiaceae,plant,earth chestnut
dong-quai,dong quai,Angelica sinensis,Apiaceae,plant,
gmelins-angelica,Gmelin's angelica,Coelopleurum gmelinii,Apiaceae,plant,
lovage,lovage,Levisticum officinale,Apiaceae,plant,
cilantro,cilantro / coriander,Coriandrum sativum,Apiaceae,plant,coriander;cilantro
parsnip,parsnip,Pastinaca sativa,Apiaceae,plant,parsnip
mediterranean-hartwort,Mediterranean hartwort (kafkalithra),Tordylium apulum,Apiaceae,plant,kafkalithra
hogweed,hogweed,Heracleum sphondylium,Apiaceae,plant,
golpar,golpar,Heracleum persicum,Apiaceae,plant,
cow-parsnip,cow parsnip,Heracleum maximum,Apiaceae,plant,
masterwort,masterwort,Peucedanum ostruthium,Apiaceae,plant,
botanbofu,botanbofu,Peucedanum japonicum,Apiaceae,plant,
ashitaba,ashitaba,Angelica keiskei,Apiaceae,plant,
angelica,angelica,Angelica archangelica,Apiaceae,plant,
bai-zhi,bai zhi,Angelica dahurica,Apiaceae,plant,
korean-angelica,Korean angelica (chamdanggwi),Angelica gigas,Apiaceae,plant,chamdanggwi
hamabofu,hamabofu,Glehnia littoralis,Apiaceae,plant,
seacoast-angelica,seacoast angelica,Angelica lucida,Apiaceae,plant,
purplestem-angelica,purplestem angelica,Angelica atropurpurea,Apiaceae,plant,
indian-celery,Indian celery,Lomatium nudicaule,Apiaceae,plant,
cous-biscuitroot,cous biscuitroot,Lomatium cous,Apiaceae,plant,
arracacha,arracacha,Arracacia xanthorrhiza,Apiaceae,plant,
syrian-cephalaria,Syrian cephalaria (pelemir),Cephalaria syriaca,Caprifoliaceae,plant,pelemir
red-valerian,red valerian,Centranthus ruber,Caprifoliaceae,plant,
valerian,valerian,Valeriana officinalis,Caprifoliaceae,plant,
corn-salad,corn salad (mâche),Valerianella locusta,Caprifoliaceae,plant,mâche
italian-corn-salad,Italian corn salad,Valerianella eriocarpa,Caprifoliaceae,plant,
african-valerian,African valerian,Fedia cornucopiae,Caprifoliaceae,plant,
white-patrinia,white patrinia,Patrinia villosa,Caprifoliaceae,plant,
golden-lace,golden lace (mattari),Patrinia scabiosifolia,Caprifoliaceae,plant,mattari
haskap,haskap (honeyberry),Lonicera caerulea,Caprifoliaceae,plant,honeyberry
japanese-honeysuckle,Japanese honeysuckle (flowers),Lonicera japonica,Caprifoliaceae,plant,
himalayan-honeysuckle,Himalayan honeysuckle,Leycesteria formosa,Caprifoliaceae,plant,
highbush-cranberry,highbush cranberry,Viburnum trilobum,Adoxaceae,plant,
linden-arrowwood,linden arrowwood (fruit),Viburnum dilatatum,Adoxaceae,plant,
squashberry,squashberry,Viburnum edule,Adoxaceae,plant,
guelder-rose,guelder rose (kalina),Viburnum opulus,Adoxaceae,plant,kalina
blackhaw,blackhaw,Viburnum prunifolium,Adoxaceae,plant,
nannyberry,nannyberry,Viburnum lentago,Adoxaceae,plant,
witherod,witherod,Viburnum cassinoides,Adoxaceae,plant,
elder,elder,Sambucus nigra,Adoxaceae,plant,elderberry;elderflower
american-elder,American elder,Sambucus canadensis,Adoxaceae,plant,
blue-elderberry,blue elderberry,Sambucus cerulea,Adoxaceae,plant,
chinese-elder,Chinese elder,Sambucus williamsii,Adoxaceae,plant,
red-elder,red elder (cooked),Sambucus racemosa,Adoxaceae,plant,
baroe,baroe,Cyphia digitata,Campanulaceae,plant,
balloon-flower,balloon flower (doraji),Platycodon grandiflorus,Campanulaceae,plant,doraji
canary-bellflower,Canary bellflower (fruit),Canarina canariensis,Campanulaceae,plant,
deodeok,deodeok,Codonopsis lanceolata,Campanulaceae,plant,
dangshen,dangshen,Codonopsis pilosula,Campanulaceae,plant,
shashen,shashen,Adenophora stricta,Campanulaceae,plant,
japanese-lady-bell,Japanese lady bell (jandae),Adenophora triphylla,Campanulaceae,plant,jandae
spiked-rampion,spiked rampion,Phyteuma spicatum,Campanulaceae,plant,
creeping-bellflower,creeping bellflower (root),Campanula rapunculoides,Campanulaceae,plant,
rampion,rampion,Campanula rapunculus,Campanulaceae,plant,
bogbean,bogbean,Menyanthes trifoliata,Menyanthaceae,plant,
fringed-water-lily,fringed water lily (xing cai),Nymphoides peltata,Menyanthaceae,plant,xing cai
lyrate-hemistepta,lyrate hemistepta,Hemistepta lyrata,Asteraceae,plant,
wall-lettuce,wall lettuce,Mycelis muralis,Asteraceae,plant,
stemless-carline-thistle,stemless carline thistle,Carlina acaulis,Asteraceae,plant,
cotton-thistle,cotton thistle,Onopordum acanthium,Asteraceae,plant,
purple-milk-thistle,purple milk thistle,Galactites tomentosus,Asteraceae,plant,
artichoke,artichoke / cardoon,Cynara cardunculus,Asteraceae,plant,cardoon;artichoke
syrian-thistle,Syrian thistle,Notobasis syriaca,Asteraceae,plant,
milk-thistle,milk thistle,Silybum marianum,Asteraceae,plant,
yamagobo,yamagobo,Cirsium dipsacolepis,Asteraceae,plant,
cabbage-thistle,cabbage thistle,Cirsium oleraceum,Asteraceae,plant,
edible-thistle,edible thistle,Cirsium edule,Asteraceae,plant,
burdock,burdock (gobo),Arctium lappa,Asteraceae,plant,gobo
lesser-burdock,lesser burdock,Arctium minus,Asteraceae,plant,
costus-root,costus root,Saussurea costus,Asteraceae,plant,
safflower,safflower,Carthamus tinctorius,Asteraceae,plant,
cornflower,cornflower (petals),Centaurea cyanus,Asteraceae,plant,
blessed-thistle,blessed thistle,Centaurea benedicta,Asteraceae,plant,
cameroon-bitterleaf,Cameroon bitterleaf,Vernonia hymenolepis,Asteraceae,plant,
sweet-bitterleaf,sweet bitterleaf,Vernonia calvoana,Asteraceae,plant,
bitter-leaf,bitter leaf,Vernonia amygdalina,Asteraceae,plant,
akkoub,akkoub (tumble thistle),Gundelia tournefortii,Asteraceae,plant,tumble thistle
spotted-golden-thistle,spotted golden thistle,Scolymus maculatus,Asteraceae,plant,
golden-thistle,golden thistle (tagarnina),Scolymus hispanicus,Asteraceae,plant,tagarnina
cut-leaved-vipers-grass,cut-leaved viper's grass,Podospermum laciniatum,Asteraceae,plant,
black-salsify,black salsify,Scorzonera hispanica,Asteraceae,plant,
salsify,salsify,Tragopogon porrifolius,Asteraceae,plant,
meadow-salsify,meadow salsify,Tragopogon pratensis,Asteraceae,plant,
yellow-salsify,yellow salsify,Tragopogon dubius,Asteraceae,plant,
stamnagathi,stamnagathi,Cichorium spinosum,Asteraceae,plant,
chicory,chicory / radicchio,Cichorium intybus,Asteraceae,plant,radicchio;chicory;belgian endive;witloof
endive,endive / escarole,Cichorium endivia,Asteraceae,plant,escarole;endive;frisee
murnong,murnong (yam daisy),Microseris lanceolata,Asteraceae,plant,yam daisy
alpine-sow-thistle,alpine sow-thistle (turt),Cicerbita alpina,Asteraceae,plant,turt
indian-lettuce,Indian lettuce,Lactuca indica,Asteraceae,plant,
prickly-lettuce,prickly lettuce,Lactuca serriola,Asteraceae,plant,
lettuce,lettuce,Lactuca sativa,Asteraceae,plant,lettuce;romaine;iceberg;salad greens;mesclun
blue-lettuce,blue lettuce,Lactuca perennis,Asteraceae,plant,
hyoseris,hyoseris,Hyoseris radiata,Asteraceae,plant,
french-scorzonera,French scorzonera,Reichardia picroides,Asteraceae,plant,
african-lettuce,African lettuce,Launaea taraxacifolia,Asteraceae,plant,
wild-lettuce,wild lettuce (East Africa),Launaea cornuta,Asteraceae,plant,East Africa
field-sow-thistle,field sow thistle,Sonchus arvensis,Asteraceae,plant,
sow-thistle,sow thistle,Sonchus oleraceus,Asteraceae,plant,
prickly-sow-thistle,prickly sow thistle,Sonchus asper,Asteraceae,plant,
skeletonweed,skeletonweed,Chondrilla juncea,Asteraceae,plant,
cats-ear,cat's ear,Hypochaeris radicata,Asteraceae,plant,
cretan-weed,Cretan weed,Hedypnois rhagadioloides,Asteraceae,plant,
bristly-oxtongue,bristly oxtongue,Helminthotheca echioides,Asteraceae,plant,
dandelion,dandelion,Taraxacum officinale,Asteraceae,plant,dandelion
sseumbagwi,sseumbagwi,Ixeris dentata,Asteraceae,plant,
go-deul-ppae-gi,go-deul-ppae-gi,Crepidiastrum sonchifolium,Asteraceae,plant,
oriental-false-hawksbeard,Oriental false hawksbeard,Youngia japonica,Asteraceae,plant,
nipplewort,nipplewort,Lapsana communis,Asteraceae,plant,
star-hawkbit,star hawkbit,Rhagadiolus stellatus,Asteraceae,plant,
beaked-hawksbeard,beaked hawksbeard,Crepis vesicaria,Asteraceae,plant,
coltsfoot,coltsfoot,Tussilago farfara,Asteraceae,plant,
fuki,fuki (butterbur),Petasites japonicus,Asteraceae,plant,butterbur
arctic-sweet-coltsfoot,Arctic sweet coltsfoot,Petasites frigidus,Asteraceae,plant,
gomchwi,gomchwi,Ligularia fischeri,Asteraceae,plant,
momijigasa,momijigasa,Parasenecio delphiniifolius,Asteraceae,plant,
tsuwabuki,tsuwabuki,Farfugium japonicum,Asteraceae,plant,
usan-namul,usan-namul,Syneilesis palmata,Asteraceae,plant,
bai-zi-cai,bai zi cai,Gynura divaricata,Asteraceae,plant,
okinawan-spinach,Okinawan spinach,Gynura bicolor,Asteraceae,plant,
longevity-spinach,longevity spinach,Gynura procumbens,Asteraceae,plant,
yoruba-bologi,Yoruba bologi,Crassocephalum rubens,Asteraceae,plant,
ebolo,ebolo (fireweed),Crassocephalum crepidioides,Asteraceae,plant,fireweed
scarlet-tasselflower,scarlet tasselflower,Emilia coccinea,Asteraceae,plant,
lilac-tasselflower,lilac tasselflower,Emilia sonchifolia,Asteraceae,plant,
pot-marigold,pot marigold,Calendula officinalis,Asteraceae,plant,
field-marigold,field marigold,Calendula arvensis,Asteraceae,plant,
roman-chamomile,Roman chamomile,Chamaemelum nobile,Asteraceae,plant,
tansy,tansy,Tanacetum vulgare,Asteraceae,plant,
costmary,costmary,Tanacetum balsamita,Asteraceae,plant,
german-chamomile,German chamomile,Matricaria chamomilla,Asteraceae,plant,chamomile
yarrow,yarrow,Achillea millefolium,Asteraceae,plant,
corn-marigold,corn marigold (mantilida),Glebionis segetum,Asteraceae,plant,mantilida
garland-chrysanthemum,garland chrysanthemum (shungiku),Glebionis coronaria,Asteraceae,plant,shungiku
florists-chrysanthemum,florist's chrysanthemum (tea),Chrysanthemum morifolium,Asteraceae,plant,
indian-chrysanthemum,Indian chrysanthemum,Chrysanthemum indicum,Asteraceae,plant,
genepi,génépi,Artemisia genipi,Asteraceae,plant,
white-genepi,white génépi,Artemisia umbelliformis,Asteraceae,plant,
wormwood,wormwood,Artemisia absinthium,Asteraceae,plant,
tree-wormwood,tree wormwood (sheeba),Artemisia arborescens,Asteraceae,plant,sheeba
glacier-wormwood,glacier wormwood,Artemisia glacialis,Asteraceae,plant,
white-sagebrush,white sagebrush,Artemisia ludoviciana,Asteraceae,plant,
white-mugwort,white mugwort,Artemisia lactiflora,Asteraceae,plant,
mugwort,mugwort,Artemisia vulgaris,Asteraceae,plant,
chinese-mugwort,Chinese mugwort,Artemisia argyi,Asteraceae,plant,
japanese-mugwort,Japanese mugwort (yomogi),Artemisia princeps,Asteraceae,plant,yomogi
southernwood,southernwood,Artemisia abrotanum,Asteraceae,plant,
african-wormwood,African wormwood,Artemisia afra,Asteraceae,plant,
roman-wormwood,Roman wormwood,Artemisia pontica,Asteraceae,plant,
sweet-wormwood,sweet wormwood (qinghao),Artemisia annua,Asteraceae,plant,qinghao
white-wormwood,white wormwood (shih),Artemisia herba-alba,Asteraceae,plant,shih
tarragon,tarragon,Artemisia dracunculus,Asteraceae,plant,tarragon;wormwood;absinthe
daisy,daisy,Bellis perennis,Asteraceae,plant,
tatarian-aster,Tatarian aster (root),Aster tataricus,Asteraceae,plant,
yomena,yomena,Aster yomena,Asteraceae,plant,
carqueja,carqueja,Baccharis trimera,Asteraceae,plant,
chwinamul,chwinamul,Doellingeria scabra,Asteraceae,plant,
sweet-goldenrod,sweet goldenrod,Solidago odora,Asteraceae,plant,
sambong,sambong,Blumea balsamifera,Asteraceae,plant,
elecampane,elecampane,Inula helenium,Asteraceae,plant,
indian-camphorweed,Indian camphorweed (beluntas),Pluchea indica,Asteraceae,plant,beluntas
curry-plant,curry plant,Helichrysum italicum,Asteraceae,plant,
red-dahlia,red dahlia (tubers),Dahlia coccinea,Asteraceae,plant,
garden-dahlia,garden dahlia (tubers),Dahlia pinnata,Asteraceae,plant,
ulam-raja,ulam raja,Cosmos caudatus,Asteraceae,plant,
sulphur-cosmos,sulphur cosmos (flowers),Cosmos sulphureus,Asteraceae,plant,
blackjack,blackjack (leaves),Bidens pilosa,Asteraceae,plant,
sumpweed,sumpweed,Iva annua,Asteraceae,plant,
sochan,sochan,Rudbeckia laciniata,Asteraceae,plant,
false-daisy,false daisy,Eclipta prostrata,Asteraceae,plant,
beach-sunflower,beach sunflower (leaves),Melanthera biflora,Asteraceae,plant,
chinese-wedelia,Chinese wedelia,Wedelia chinensis,Asteraceae,plant,
toothache-plant,toothache plant (jambu),Acmella oleracea,Asteraceae,plant,jambu
purple-coneflower,purple coneflower,Echinacea purpurea,Asteraceae,plant,
narrow-leaved-coneflower,narrow-leaved coneflower,Echinacea angustifolia,Asteraceae,plant,
sunflower,sunflower,Helianthus annuus,Asteraceae,plant,sunflower;sunflower oil;sunflower seeds
woodland-sunflower,woodland sunflower (tubers),Helianthus strumosus,Asteraceae,plant,
jerusalem-artichoke,Jerusalem artichoke,Helianthus tuberosus,Asteraceae,plant,
niger-seed,niger seed (nug),Guizotia abyssinica,Asteraceae,plant,nug
coat-buttons,coat buttons,Tridax procumbens,Asteraceae,plant,
shaggy-soldier,shaggy soldier,Galinsoga quadriradiata,Asteraceae,plant,
guascas,guascas,Galinsoga parviflora,Asteraceae,plant,
yacon,yacón,Smallanthus sonchifolius,Asteraceae,plant,
signet-marigold,signet marigold,Tagetes tenuifolia,Asteraceae,plant,
anisillo,anisillo,Tagetes filifolia,Asteraceae,plant,
mexican-tarragon,Mexican tarragon,Tagetes lucida,Asteraceae,plant,
aztec-marigold,Aztec marigold,Tagetes erecta,Asteraceae,plant,
french-marigold,French marigold,Tagetes patula,Asteraceae,plant,
huacatay,huacatay,Tagetes minuta,Asteraceae,plant,
pipicha,pipicha,Porophyllum linaria,Asteraceae,plant,
papalo,pápalo,Porophyllum ruderale,Asteraceae,plant,
cinchweed,cinchweed (limoncillo),Pectis papposa,Asteraceae,plant,limoncillo
helencha,helencha,Enydra fluctuans,Asteraceae,plant,
madia,madia (melosa),Madia sativa,Asteraceae,plant,melosa
stevia,stevia,Stevia rebaudiana,Asteraceae,plant,stevia
vanilla-plant,vanilla plant (deer tongue),Carphephorus odoratissimus,Asteraceae,plant,deer tongue
ayapana,ayapana,Ayapana triplinervis,Asteraceae,plant,
umari,umari,Poraqueiba sericea,Icacinaceae,plant,
man-of-the-earth,man-of-the-earth (root),Ipomoea pandurata,Convolvulaceae,plant,
bush-potato,bush potato (Ipomoea),Ipomoea costata,Convolvulaceae,plant,Ipomoea
bush-morning-glory,bush morning glory (root),Ipomoea leptophylla,Convolvulaceae,plant,
sweet-potato,sweet potato,Ipomoea batatas,Convolvulaceae,plant,sweet potato;yam (US);camote
water-spinach,water spinach (kangkong),Ipomoea aquatica,Convolvulaceae,plant,kangkong
rocoto,rocoto,Capsicum pubescens,Solanaceae,plant,
habanero,habanero,Capsicum chinense,Solanaceae,plant,habanero;scotch bonnet
aji-amarillo,ají amarillo,Capsicum baccatum,Solanaceae,plant,
tabasco-eye,tabasco / bird's eye,Capsicum frutescens,Solanaceae,plant,bird's eye
chili-pepper,chili / bell pepper,Capsicum annuum,Solanaceae,plant,bell pepper;chili;jalapeno;paprika;cayenne;chile;chilli;red pepper flakes
cutleaf-groundcherry,cutleaf groundcherry,Physalis angulata,Solanaceae,plant,
strawberry-tomato,strawberry tomato,Physalis grisea,Solanaceae,plant,
ground-cherry,ground cherry,Physalis pruinosa,Solanaceae,plant,
goldenberry,goldenberry (cape gooseberry),Physalis peruviana,Solanaceae,plant,cape gooseberry
tomatillo,tomatillo,Physalis philadelphica,Solanaceae,plant,tomatillo;goldenberry
husk-tomato,husk tomato,Physalis pubescens,Solanaceae,plant,
chinese-lantern,Chinese lantern,Physalis alkekengi,Solanaceae,plant,
paneer-dodi,paneer dodi (vegetable rennet),Withania coagulans,Solanaceae,plant,vegetable rennet
ashwagandha,ashwagandha,Withania somnifera,Solanaceae,plant,
jaltomate,jaltomate,Jaltomata procumbens,Solanaceae,plant,
bitter-potato,bitter potato (curtilobum),Solanum curtilobum,Solanaceae,plant,curtilobum
bitter-potato-2,bitter potato (juzepczukii),Solanum juzepczukii,Solanaceae,plant,juzepczukii
ajanhuiri-potato,ajanhuiri potato,Solanum ajanhuiri,Solanaceae,plant,
naranjilla,naranjilla (lulo),Solanum quitoense,Solanaceae,plant,lulo
black-nightshade,black nightshade (cooked),Solanum nigrum,Solanaceae,plant,
hairy-nightshade,hairy nightshade,Solanum villosum,Solanaceae,plant,
potato,potato,Solanum tuberosum,Solanaceae,plant,potato;potatoes;fries;french fries;chips
pitiquina-potato,pitiquiña potato,Solanum stenotomum,Solanaceae,plant,
currant-tomato,currant tomato,Solanum pimpinellifolium,Solanaceae,plant,
tomato,tomato,Solanum lycopersicum,Solanaceae,plant,tomato;tomatoes;ketchup;catsup;tomato paste;marinara;salsa
pepino-dulce,pepino dulce,Solanum muricatum,Solanaceae,plant,
tzimbalo,tzimbalo,Solanum caripense,Solanaceae,plant,
american-nightshade,American nightshade,Solanum americanum,Solanaceae,plant,
wonderberry,wonderberry,Solanum retroflexum,Solanaceae,plant,
garden-huckleberry,garden huckleberry (managu),Solanum scabrum,Solanaceae,plant,managu
turkey-berry,turkey berry (pea eggplant),Solanum torvum,Solanaceae,plant,pea eggplant
african-eggplant,African eggplant (garden egg),Solanum aethiopicum,Solanaceae,plant,garden egg
forest-bitterberry,forest bitterberry,Solanum anguivi,Solanaceae,plant,
gboma-eggplant,gboma eggplant,Solanum macrocarpon,Solanaceae,plant,
eggplant,eggplant,Solanum melongena,Solanaceae,plant,eggplant;aubergine
bush-tomato,bush tomato (desert raisin),Solanum centrale,Solanaceae,plant,desert raisin
wolf-apple,wolf apple,Solanum lycocarpum,Solanaceae,plant,
litchi-tomato,litchi tomato,Solanum sisymbriifolium,Solanaceae,plant,
cocona,cocona,Solanum sessiliflorum,Solanaceae,plant,
tamarillo,tamarillo,Solanum betaceum,Solanaceae,plant,
water-jacket,water jacket (berries),Lycium andersonii,Solanaceae,plant,berries
goji-berry,goji berry,Lycium barbarum,Solanaceae,plant,
chinese-boxthorn,"Chinese boxthorn (goji, leaves)",Lycium chinense,Solanaceae,plant,goji
black-goji,black goji,Lycium ruthenicum,Solanaceae,plant,
chickenspike,chickenspike,Sphenoclea zeylanica,Sphenocleaceae,plant,
black-monkey-orange,black monkey orange,Strychnos madagascariensis,Loganiaceae,plant,
corky-bark-monkey-orange,corky-bark monkey orange,Strychnos cocculoides,Loganiaceae,plant,
monkey-orange,monkey orange,Strychnos spinosa,Loganiaceae,plant,
centaury,centaury,Centaurium erythraea,Gentianaceae,plant,
yellow-gentian,yellow gentian,Gentiana lutea,Gentianaceae,plant,
chirayta,chirayta,Swertia chirayita,Gentianaceae,plant,
natal-plum,Natal plum,Carissa macrocarpa,Apocynaceae,plant,
karonda,karonda,Carissa carandas,Apocynaceae,plant,
conkerberry,conkerberry,Carissa spinarum,Apocynaceae,plant,
willughbeia,willughbeia (fruit),Willughbeia angustifolia,Apocynaceae,plant,
weda,weda (madd),Saba senegalensis,Apocynaceae,plant,madd
bungo,bungo,Saba comorensis,Apocynaceae,plant,
white-rubber-vine,white rubber vine (fruit),Landolphia owariensis,Apocynaceae,plant,
sand-apricot-vine,sand apricot-vine,Landolphia kirkii,Apocynaceae,plant,
mangaba,mangaba,Hancornia speciosa,Apocynaceae,plant,
sorva-pequena,sorva pequena,Couma utilis,Apocynaceae,plant,
sorva,sorva,Couma macrocarpa,Apocynaceae,plant,
kambroo,kambroo,Fockea edulis,Apocynaceae,plant,
utazi,utazi,Gongronema latifolium,Apocynaceae,plant,
green-wax-flower,green wax flower (leaves),Dregea volubilis,Apocynaceae,plant,
tonkin-jasmine,Tonkin jasmine (flowers),Telosma cordata,Apocynaceae,plant,
gurmar,gurmar,Gymnema sylvestre,Apocynaceae,plant,
leptadenia,leptadenia (leaves),Leptadenia hastata,Apocynaceae,plant,
ceropegia,ceropegia (tuber),Ceropegia bulbosa,Apocynaceae,plant,
edible-caralluma,edible caralluma,Caralluma edulis,Apocynaceae,plant,
caralluma,caralluma,Caralluma fimbriata,Apocynaceae,plant,
hoodia,hoodia,Hoodia gordonii,Apocynaceae,plant,
showy-milkweed,showy milkweed,Asclepias speciosa,Apocynaceae,plant,
common-milkweed,"common milkweed (shoots, pods)",Asclepias syriaca,Apocynaceae,plant,
cuayote,cuayote,Gonolobus edulis,Apocynaceae,plant,
firebush,firebush (fruit),Hamelia patens,Rubiaceae,plant,
red-cinchona,red cinchona,Cinchona pubescens,Rubiaceae,plant,
quinine-bark,quinine bark,Cinchona officinalis,Rubiaceae,plant,
african-peach,African peach,Sarcocephalus latifolius,Rubiaceae,plant,
gambir,gambir,Uncaria gambir,Rubiaceae,plant,
needle-flower-tree,needle flower tree (fruit),Posoqueria latifolia,Rubiaceae,plant,
wild-medlar,wild medlar,Vangueria infausta,Rubiaceae,plant,
spanish-tamarind,Spanish tamarind,Vangueria madagascariensis,Rubiaceae,plant,
borojo,borojó,Borojoa patinoi,Rubiaceae,plant,
liberica-coffee,liberica coffee,Coffea liberica,Rubiaceae,plant,
robusta-coffee,robusta coffee,Coffea canephora,Rubiaceae,plant,robusta coffee
arabica-coffee,arabica coffee,Coffea arabica,Rubiaceae,plant,coffee;espresso
highland-coffee,highland coffee,Coffea stenophylla,Rubiaceae,plant,
marmelada,marmelada,Alibertia edulis,Rubiaceae,plant,
jenipapo,jenipapo,Genipa americana,Rubiaceae,plant,
gardenia,"gardenia (fruit, Sahel)",Gardenia erubescens,Rubiaceae,plant,Sahel
gardenia-2,gardenia (fruit colourant),Gardenia jasminoides,Rubiaceae,plant,
papache,papache,Randia echinocarpa,Rubiaceae,plant,
noni,noni,Morinda citrifolia,Rubiaceae,plant,
sweet-woodruff,sweet woodruff,Galium odoratum,Rubiaceae,plant,
ladys-bedstraw,lady's bedstraw (rennet),Galium verum,Rubiaceae,plant,
white-leaved-savory,white-leaved savory (zuta),Micromeria fruticosa,Lamiaceae,plant,zuta
arabian-jasmine,Arabian jasmine (jasmine tea),Jasminum sambac,Oleaceae,plant,jasmine tea
common-jasmine,common jasmine (flavouring),Jasminum officinale,Oleaceae,plant,flavouring
lilac,lilac (flowers),Syringa vulgaris,Oleaceae,plant,
manna-ash,manna ash,Fraxinus ornus,Oleaceae,plant,
osmanthus,osmanthus (gui hua),Osmanthus fragrans,Oleaceae,plant,gui hua
olive,olive,Olea europaea,Oleaceae,plant,olive;olive oil;olives
brahmi,brahmi,Bacopa monnieri,Plantaginaceae,plant,
sweet-broom,sweet broom,Scoparia dulcis,Plantaginaceae,plant,
rice-paddy-herb,rice paddy herb (ngò om),Limnophila aromatica,Plantaginaceae,plant,ngò om
black-psyllium,black psyllium,Plantago afra,Plantaginaceae,plant,
psyllium,psyllium,Plantago ovata,Plantaginaceae,plant,
ribwort-plantain,ribwort plantain,Plantago lanceolata,Plantaginaceae,plant,
bucks-horn-plantain,buck's-horn plantain (erba stella),Plantago coronopus,Plantaginaceae,plant,erba stella
asian-plantain,Asian plantain (oobako),Plantago asiatica,Plantaginaceae,plant,oobako
greater-plantain,greater plantain,Plantago major,Plantaginaceae,plant,
american-brooklime,American brooklime,Veronica americana,Plantaginaceae,plant,
brooklime,brooklime,Veronica beccabunga,Plantaginaceae,plant,
goatweed,goatweed (tea),Capraria biflora,Scrophulariaceae,plant,
great-mullein,great mullein (tea),Verbascum thapsus,Scrophulariaceae,plant,
vervain,vervain (tea),Verbena officinalis,Verbenaceae,plant,
te-de-burro,té de burro,Aloysia polystachya,Verbenaceae,plant,
lemon-verbena,lemon verbena,Aloysia citrodora,Verbenaceae,plant,
aztec-sweet-herb,Aztec sweet herb,Phyla scaberrima,Verbenaceae,plant,
mexican-oregano,Mexican oregano,Lippia graveolens,Verbenaceae,plant,
bushy-lippia,bushy lippia,Lippia alba,Verbenaceae,plant,
fever-tea,fever tea,Lippia javanica,Verbenaceae,plant,
black-benniseed,black benniseed (leaves),Sesamum radiatum,Pedaliaceae,plant,
false-sesame,false sesame,Ceratotheca sesamoides,Pedaliaceae,plant,
sesame,sesame,Sesamum indicum,Pedaliaceae,plant,sesame;tahini;sesame oil;sesame seeds
garlic-vine,garlic vine,Mansoa alliacea,Bignoniaceae,plant,
broken-bones-tree,broken bones tree (pods),Oroxylum indicum,Bignoniaceae,plant,
sausage-tree,sausage tree (fermented),Kigelia africana,Bignoniaceae,plant,
mangrove-trumpet-tree,mangrove trumpet tree (flowers),Dolichandrone spathacea,Bignoniaceae,plant,
cuajilote,cuajilote,Parmentiera aculeata,Bignoniaceae,plant,
candle-tree,candle tree,Parmentiera cereifera,Bignoniaceae,plant,
calabash-tree,calabash tree (seeds),Crescentia cujete,Bignoniaceae,plant,
jicaro,jícaro,Crescentia alata,Bignoniaceae,plant,
devils-claw,"devil's claw (pods, seeds)",Proboscidea parviflora,Martyniaceae,plant,
grey-mangrove,grey mangrove (processed seeds),Avicennia marina,Acanthaceae,plant,
justicia,"justicia (leaves, Africa)",Justicia insularis,Acanthaceae,plant,Africa
chinese-violet,Chinese violet (leaves),Asystasia gangetica,Acanthaceae,plant,
mushroom-plant,mushroom plant,Rungia klossii,Acanthaceae,plant,
kokilaksha,kokilaksha (seed),Hygrophila auriculata,Acanthaceae,plant,
king-of-bitters,king of bitters,Andrographis paniculata,Acanthaceae,plant,
seep-monkeyflower,seep monkeyflower (greens),Mimulus guttatus,Phrymaceae,plant,
dihuang,dihuang,Rehmannia glutinosa,Orobanchaceae,plant,
desert-cistanche,desert cistanche (rou cong rong),Cistanche deserticola,Orobanchaceae,plant,rou cong rong
azafran-de-raiz,azafrán de raíz,Escobedia grandiflora,Orobanchaceae,plant,
eyebright,eyebright,Euphrasia officinalis,Orobanchaceae,plant,
black-plum,black plum (Vitex),Vitex doniana,Lamiaceae,plant,Vitex
chaste-tree,chaste tree (monk's pepper),Vitex agnus-castus,Lamiaceae,plant,monk's pepper
round-leaved-mintbush,round-leaved mintbush,Prostanthera rotundifolia,Lamiaceae,plant,
east-indian-glory-bower,East Indian glory bower (leaves),Clerodendrum glandulosum,Lamiaceae,plant,
chinese-artichoke,Chinese artichoke (crosnes),Stachys affinis,Lamiaceae,plant,crosnes
marsh-woundwort,marsh woundwort (tubers),Stachys palustris,Lamiaceae,plant,
greek-mountain-tea,Greek mountain tea,Sideritis raeseri,Lamiaceae,plant,
mountain-tea,mountain tea (Sideritis),Sideritis scardica,Lamiaceae,plant,Sideritis
cretan-mountain-tea,Cretan mountain tea,Sideritis syriaca,Lamiaceae,plant,
horehound,horehound,Marrubium vulgare,Lamiaceae,plant,
thumbai,thumbai (leaves),Leucas aspera,Lamiaceae,plant,
white-deadnettle,white deadnettle,Lamium album,Lamiaceae,plant,
purple-deadnettle,purple deadnettle,Lamium purpureum,Lamiaceae,plant,
shiso,shiso (perilla),Perilla frutescens,Lamiaceae,plant,perilla;shiso
vietnamese-balm,Vietnamese balm (kinh giới),Elsholtzia ciliata,Lamiaceae,plant,kinh giới
english-lavender,English lavender,Lavandula angustifolia,Lamiaceae,plant,lavender
spanish-lavender,Spanish lavender,Lavandula stoechas,Lamiaceae,plant,
lavandin,lavandin,Lavandula × intermedia,Lamiaceae,plant,
ethiopian-potato,Ethiopian potato (oromo dinich),Plectranthus edulis,Lamiaceae,plant,oromo dinich
livingstone-potato,Livingstone potato,Plectranthus esculentus,Lamiaceae,plant,
forskohlii,forskohlii (pickled root),Coleus barbatus,Lamiaceae,plant,pickled root
chinese-potato,Chinese potato (Hausa potato),Coleus rotundifolius,Lamiaceae,plant,Hausa potato
cuban-oregano,Cuban oregano (Indian borage),Coleus amboinicus,Lamiaceae,plant,Indian borage
lemon-basil,lemon basil,Ocimum × africanum,Lamiaceae,plant,
camphor-basil,camphor basil,Ocimum kilimandscharicum,Lamiaceae,plant,
hoary-basil,hoary basil,Ocimum americanum,Lamiaceae,plant,
african-basil,African basil (clove basil),Ocimum gratissimum,Lamiaceae,plant,clove basil
holy-basil,holy basil (tulsi),Ocimum tenuiflorum,Lamiaceae,plant,tulsi
sweet-basil,sweet basil,Ocimum basilicum,Lamiaceae,plant,basil;thai basil;pesto
black-sesame,black sesame (Africa),Hyptis spicigera,Lamiaceae,plant,Africa
chan,chan (seed),Hyptis suaveolens,Lamiaceae,plant,
rosemary,rosemary,Salvia rosmarinus,Lamiaceae,plant,rosemary
white-sage,white sage (seed),Salvia apiana,Lamiaceae,plant,
chia,chia,Salvia hispanica,Lamiaceae,plant,
spanish-sage,Spanish sage,Salvia lavandulifolia,Lamiaceae,plant,
danshen,danshen,Salvia miltiorrhiza,Lamiaceae,plant,
greek-sage,Greek sage,Salvia fruticosa,Lamiaceae,plant,
sage,sage,Salvia officinalis,Lamiaceae,plant,sage
clary-sage,clary sage,Salvia sclarea,Lamiaceae,plant,
golden-chia,golden chia,Salvia columbariae,Lamiaceae,plant,
pineapple-sage,pineapple sage,Salvia elegans,Lamiaceae,plant,
lemon-balm,lemon balm,Melissa officinalis,Lamiaceae,plant,
northern-bugleweed,northern bugleweed (tubers),Lycopus uniflorus,Lamiaceae,plant,
ground-ivy,ground ivy,Glechoma hederacea,Lamiaceae,plant,
mexican-giant-hyssop,Mexican giant hyssop,Agastache mexicana,Lamiaceae,plant,
korean-mint,Korean mint (bangah),Agastache rugosa,Lamiaceae,plant,bangah
anise-hyssop,anise hyssop,Agastache foeniculum,Lamiaceae,plant,
tukhm-e-balanga,tukhm-e-balanga,Lallemantia royleana,Lamiaceae,plant,
dragons-head,dragon's head (balangu),Lallemantia iberica,Lamiaceae,plant,balangu
hyssop,hyssop,Hyssopus officinalis,Lamiaceae,plant,
moldavian-dragonhead,Moldavian dragonhead,Dracocephalum moldavica,Lamiaceae,plant,
catnip,catnip,Nepeta cataria,Lamiaceae,plant,
self-heal,self-heal,Prunella vulgaris,Lamiaceae,plant,
conehead-thyme,conehead thyme,Thymbra capitata,Lamiaceae,plant,
zaatar-farsi,za'atar farsi,Thymbra spicata,Lamiaceae,plant,
shirazi-thyme,Shirazi thyme,Zataria multiflora,Lamiaceae,plant,
dittany-of-crete,dittany of Crete,Origanum dictamnus,Lamiaceae,plant,
marjoram,marjoram,Origanum majorana,Lamiaceae,plant,marjoram
oregano,oregano,Origanum vulgare,Lamiaceae,plant,oregano
syrian-oregano,Syrian oregano (za'atar),Origanum syriacum,Lamiaceae,plant,za'atar
turkish-oregano,Turkish oregano,Origanum onites,Lamiaceae,plant,
lemon-thyme,lemon thyme,Thymus citriodorus,Lamiaceae,plant,
spanish-thyme,Spanish thyme,Thymus zygis,Lamiaceae,plant,
mastic-thyme,mastic thyme,Thymus mastichina,Lamiaceae,plant,
thyme,thyme,Thymus vulgaris,Lamiaceae,plant,thyme
wild-thyme,wild thyme,Thymus serpyllum,Lamiaceae,plant,
broad-leaved-thyme,broad-leaved thyme,Thymus pulegioides,Lamiaceae,plant,
summer-savory,summer savory,Satureja hortensis,Lamiaceae,plant,
winter-savory,winter savory,Satureja montana,Lamiaceae,plant,
pink-savory,pink savory,Satureja thymbra,Lamiaceae,plant,
hierbabuena,hierbabuena (mojito mint),Mentha × villosa,Lamiaceae,plant,mojito mint
peppermint,peppermint,Mentha × piperita,Lamiaceae,plant,peppermint
river-mint,river mint,Mentha australis,Lamiaceae,plant,
spearmint,spearmint,Mentha spicata,Lamiaceae,plant,mint
apple-mint,apple mint,Mentha suaveolens,Lamiaceae,plant,
japanese-mint,Japanese mint (hakka),Mentha canadensis,Lamiaceae,plant,hakka
horse-mint,horse mint,Mentha longifolia,Lamiaceae,plant,
corsican-mint,Corsican mint,Mentha requienii,Lamiaceae,plant,
pennyroyal,pennyroyal,Mentha pulegium,Lamiaceae,plant,
corn-mint,corn mint,Mentha arvensis,Lamiaceae,plant,
water-mint,water mint,Mentha aquatica,Lamiaceae,plant,
ziziphora,ziziphora,Ziziphora tenuior,Lamiaceae,plant,
kakuti,kakuti,Ziziphora clinopodioides,Lamiaceae,plant,
peperina,peperina,Minthostachys verticillata,Lamiaceae,plant,
muna,muña,Minthostachys mollis,Lamiaceae,plant,
virginia-mountain-mint,Virginia mountain mint,Pycnanthemum virginianum,Lamiaceae,plant,
bee-balm,bee balm,Monarda didyma,Lamiaceae,plant,
spotted-bee-balm,spotted bee balm,Monarda punctata,Lamiaceae,plant,
lemon-bee-balm,lemon bee balm,Monarda citriodora,Lamiaceae,plant,
mexican-oregano-2,Mexican oregano (Lamiaceae),Poliomintha longiflora,Lamiaceae,plant,Lamiaceae
wild-bergamot,wild bergamot,Monarda fistulosa,Lamiaceae,plant,
american-pennyroyal,American pennyroyal,Hedeoma pulegioides,Lamiaceae,plant,
coyote-mint,coyote mint,Monardella odoratissima,Lamiaceae,plant,
wild-basil,wild basil,Clinopodium vulgare,Lamiaceae,plant,
lesser-calamint,lesser calamint,Clinopodium nepeta,Lamiaceae,plant,
ciricote,ciricote,Cordia dodecandra,Boraginaceae,plant,
anacahuita,anacahuita,Cordia boissieri,Boraginaceae,plant,
indian-cherry,Indian cherry (lasoda),Cordia dichotoma,Boraginaceae,plant,lasoda
assyrian-plum,Assyrian plum (lasura),Cordia myxa,Boraginaceae,plant,lasura
grey-leaved-saucerberry,grey-leaved saucerberry,Cordia sinensis,Boraginaceae,plant,
sand-food,sand food,Pholisma sonorae,Lennoaceae,plant,
roble,roble (fruit),Ehretia tinifolia,Boraginaceae,plant,
anaqua,anaqua,Ehretia anacua,Boraginaceae,plant,
koda,koda (fruit),Ehretia acuminata,Boraginaceae,plant,
fukien-tea,Fukien tea,Ehretia microphylla,Boraginaceae,plant,
yerba-santa,yerba santa,Eriodictyon californicum,Namaceae,plant,
virginia-waterleaf,Virginia waterleaf,Hydrophyllum virginianum,Hydrophyllaceae,plant,
lungwort,lungwort,Pulmonaria officinalis,Boraginaceae,plant,
comfrey,comfrey (historical),Symphytum officinale,Boraginaceae,plant,
borage,borage,Borago officinalis,Boraginaceae,plant,
italian-bugloss,Italian bugloss (flowers),Anchusa azurea,Boraginaceae,plant,
common-bugloss,common bugloss,Anchusa officinalis,Boraginaceae,plant,
patersons-curse,Paterson's curse (seed oil),Echium plantagineum,Boraginaceae,plant,
oysterleaf,oysterleaf,Mertensia maritima,Boraginaceae,plant,
du-zhong,du zhong (tea),Eucommia ulmoides,Eucommiaceae,plant,
maltese-fungus,Maltese fungus,Cynomorium coccineum,Cynomoriaceae,plant,
jostaberry,jostaberry,Ribes × nidigrolaria,Grossulariaceae,plant,
golden-currant,golden currant,Ribes aureum,Grossulariaceae,plant,
gooseberry,gooseberry,Ribes uva-crispa,Grossulariaceae,plant,
blackcurrant,blackcurrant,Ribes nigrum,Grossulariaceae,plant,
redcurrant,redcurrant,Ribes rubrum,Grossulariaceae,plant,
american-gooseberry,American gooseberry,Ribes hirtellum,Grossulariaceae,plant,
coastal-black-gooseberry,coastal black gooseberry,Ribes divaricatum,Grossulariaceae,plant,
golden-saxifrage,golden saxifrage,Chrysosplenium alternifolium,Saxifragaceae,plant,
navelwort,navelwort,Umbilicus rupestris,Crassulaceae,plant,
orpine,orpine (leaves),Hylotelephium telephium,Crassulaceae,plant,
roseroot,roseroot,Rhodiola rosea,Crassulaceae,plant,
amur-grape,Amur grape,Vitis amurensis,Vitaceae,plant,
crimson-glory-vine,crimson glory vine (yamabudo),Vitis coignetiae,Vitaceae,plant,yamabudo
riverbank-grape,riverbank grape,Vitis riparia,Vitaceae,plant,
fox-grape,fox grape (Concord),Vitis labrusca,Vitaceae,plant,Concord
summer-grape,summer grape,Vitis aestivalis,Vitaceae,plant,
muscadine,muscadine,Vitis rotundifolia,Vitaceae,plant,
grape,grape,Vitis vinifera,Vitaceae,plant,grape;wine;raisin;raisins;grapes;wine vinegar;balsamic
veldt-grape,veldt grape (stems),Cissus quadrangularis,Vitaceae,plant,
rose-geranium,rose geranium,Pelargonium graveolens,Geraniaceae,plant,
evening-primrose,evening primrose,Oenothera biennis,Onagraceae,plant,
fireweed,fireweed,Chamerion angustifolium,Onagraceae,plant,
hardy-fuchsia,hardy fuchsia (berries),Fuchsia magellanica,Onagraceae,plant,berries
water-primrose,water primrose (rau dua),Ludwigia adscendens,Onagraceae,plant,rau dua
pomegranate,pomegranate,Punica granatum,Lythraceae,plant,pomegranate
mangrove-apple,mangrove apple,Sonneratia caseolaris,Lythraceae,plant,
ling-nut,ling nut,Trapa bicornis,Lythraceae,plant,
water-caltrop,water caltrop,Trapa natans,Lythraceae,plant,
muntries,muntries,Kunzea pomifera,Myrtaceae,plant,
tasmanian-blue-gum,Tasmanian blue gum (oil),Eucalyptus globulus,Myrtaceae,plant,
cider-gum,cider gum (sap),Eucalyptus gunnii,Myrtaceae,plant,
indonesian-bay,Indonesian bay (daun salam),Syzygium polyanthum,Myrtaceae,plant,daun salam
aniseed-myrtle,aniseed myrtle,Syzygium anisatum,Myrtaceae,plant,
lady-apple,lady apple,Syzygium suborbiculare,Myrtaceae,plant,
rose-apple,rose apple,Syzygium jambos,Myrtaceae,plant,
jamun,jamun,Syzygium cumini,Myrtaceae,plant,
malay-apple,Malay apple,Syzygium malaccense,Myrtaceae,plant,
clove,clove,Syzygium aromaticum,Myrtaceae,plant,clove;cloves
wax-apple,wax apple,Syzygium samarangense,Myrtaceae,plant,
water-apple,water apple,Syzygium aqueum,Myrtaceae,plant,
magenta-lilly-pilly,magenta lilly pilly,Syzygium paniculatum,Myrtaceae,plant,
brush-cherry,brush cherry,Syzygium australe,Myrtaceae,plant,
riberry,riberry,Syzygium luehmannii,Myrtaceae,plant,
lemon-myrtle,lemon myrtle,Backhousia citriodora,Myrtaceae,plant,
cinnamon-myrtle,cinnamon myrtle,Backhousia myrtifolia,Myrtaceae,plant,
myrtle,myrtle (berries),Myrtus communis,Myrtaceae,plant,berries
strawberry-guava,strawberry guava,Psidium cattleyanum,Myrtaceae,plant,
brazilian-guava,Brazilian guava,Psidium guineense,Myrtaceae,plant,
guava,guava,Psidium guajava,Myrtaceae,plant,guava
costa-rican-guava,Costa Rican guava,Psidium friedrichsthalianum,Myrtaceae,plant,
feijoa,feijoa,Acca sellowiana,Myrtaceae,plant,
gabiroba,gabiroba,Campomanesia adamantium,Myrtaceae,plant,
palillo,palillo,Campomanesia lineatifolia,Myrtaceae,plant,
guabiroba,guabiroba,Campomanesia xanthocarpa,Myrtaceae,plant,
luma,luma,Amomyrtus luma,Myrtaceae,plant,
allspice,allspice,Pimenta dioica,Myrtaceae,plant,allspice
west-indian-bay,West Indian bay,Pimenta racemosa,Myrtaceae,plant,
murta,murta (Chilean guava),Ugni molinae,Myrtaceae,plant,Chilean guava
pitomba,pitomba (Eugenia),Eugenia luschnathiana,Myrtaceae,plant,Eugenia
cereja-do-rio-grande,cereja-do-rio-grande,Eugenia involucrata,Myrtaceae,plant,
uvaia,uvaia,Eugenia pyriformis,Myrtaceae,plant,
surinam-cherry,Surinam cherry (pitanga),Eugenia uniflora,Myrtaceae,plant,pitanga
grumichama,grumichama,Eugenia brasiliensis,Myrtaceae,plant,
beach-cherry,beach cherry,Eugenia reinwardtiana,Myrtaceae,plant,
araca-boi,araçá-boi,Eugenia stipitata,Myrtaceae,plant,
arrayan,arrayán (Chilean myrtle),Luma apiculata,Myrtaceae,plant,Chilean myrtle
cambuca,cambucá,Plinia edulis,Myrtaceae,plant,
jabuticaba,jabuticaba,Plinia cauliflora,Myrtaceae,plant,
cabeludinha,cabeludinha,Myrciaria glazioviana,Myrtaceae,plant,
rumberry,rumberry,Myrciaria floribunda,Myrtaceae,plant,
camu-camu,camu camu,Myrciaria dubia,Myrtaceae,plant,
rose-myrtle,rose myrtle,Rhodomyrtus tomentosa,Myrtaceae,plant,
coronillo,coronillo,Bellucia pentamera,Melastomataceae,plant,
malabar-melastome,Malabar melastome (fruit),Melastoma malabathricum,Melastomataceae,plant,
kinkeliba,kinkeliba,Combretum micranthum,Combretaceae,plant,
kakadu-plum,Kakadu plum,Terminalia ferdinandiana,Combretaceae,plant,
sea-almond,sea almond,Terminalia catappa,Combretaceae,plant,
okari-nut,okari nut,Terminalia kaernbachii,Combretaceae,plant,
bibhitaki,bibhitaki,Terminalia bellirica,Combretaceae,plant,
haritaki,haritaki,Terminalia chebula,Combretaceae,plant,
albizia-tea,albizia tea (Mauritius),Aphloia theiformis,Aphloiaceae,plant,Mauritius
indian-prickly-ash,Indian prickly ash (teppal),Zanthoxylum rhetsa,Rutaceae,plant,teppal
toothache-tree,toothache tree,Zanthoxylum americanum,Rutaceae,plant,
andaliman,andaliman,Zanthoxylum acanthopodium,Rutaceae,plant,
timur,timur (Nepal pepper),Zanthoxylum armatum,Rutaceae,plant,Nepal pepper
sansho,sansho,Zanthoxylum piperitum,Rutaceae,plant,
chinese-prickly-ash,Chinese prickly ash,Zanthoxylum simulans,Rutaceae,plant,
sichuan-pepper,Sichuan pepper,Zanthoxylum bungeanum,Rutaceae,plant,
green-sichuan-pepper,green Sichuan pepper,Zanthoxylum schinifolium,Rutaceae,plant,
orange-climber,orange climber,Toddalia asiatica,Rutaceae,plant,
white-sapote,white sapote,Casimiroa edulis,Rutaceae,plant,
evodia,evodia (wu zhu yu),Tetradium ruticarpum,Rutaceae,plant,wu zhu yu
buchu,buchu,Agathosma betulina,Rutaceae,plant,
fringed-rue,fringed rue,Ruta chalepensis,Rutaceae,plant,
rue,rue,Ruta graveolens,Rutaceae,plant,
limeberry,limeberry,Triphasia trifolia,Rutaceae,plant,
wood-apple,wood apple,Limonia acidissima,Rutaceae,plant,
grapefruit,grapefruit,Citrus paradisi,Rutaceae,plant,grapefruit;pomelo
sweet-orange,sweet orange,Citrus sinensis,Rutaceae,plant,orange;oranges;orange juice
kumquat,kumquat,Citrus japonica,Rutaceae,plant,
bitter-orange,bitter orange,Citrus aurantium,Rutaceae,plant,
sweet-lime,sweet lime,Citrus limetta,Rutaceae,plant,
trifoliate-orange,trifoliate orange,Citrus trifoliata,Rutaceae,plant,
citron,citron,Citrus medica,Rutaceae,plant,
makrut-lime,makrut lime,Citrus hystrix,Rutaceae,plant,
key-lime,key lime,Citrus aurantiifolia,Rutaceae,plant,lime;key lime;makrut
persian-lime,Persian lime,Citrus latifolia,Rutaceae,plant,
bergamot,bergamot,Citrus bergamia,Rutaceae,plant,
lemon,lemon,Citrus limon,Rutaceae,plant,lemon;lemons
iyokan,iyokan,Citrus iyo,Rutaceae,plant,
kabosu,kabosu,Citrus sphaerocarpa,Rutaceae,plant,
hassaku,hassaku,Citrus hassaku,Rutaceae,plant,
natsumikan,natsumikan,Citrus natsudaidai,Rutaceae,plant,
pomelo,pomelo,Citrus maxima,Rutaceae,plant,
clementine,clementine,Citrus clementina,Rutaceae,plant,
mandarin,mandarin,Citrus reticulata,Rutaceae,plant,mandarin;clementine;tangerine;satsuma
shikuwasa,shikuwasa,Citrus depressa,Rutaceae,plant,
satsuma,satsuma,Citrus unshiu,Rutaceae,plant,
yuzu,yuzu,Citrus junos,Rutaceae,plant,
sudachi,sudachi,Citrus sudachi,Rutaceae,plant,
desert-lime,desert lime,Citrus glauca,Rutaceae,plant,
round-lime,round lime,Citrus australis,Rutaceae,plant,
finger-lime,finger lime,Citrus australasica,Rutaceae,plant,
bael,bael,Aegle marmelos,Rutaceae,plant,
wampee,wampee,Clausena lansium,Rutaceae,plant,
orangeberry,orangeberry,Glycosmis pentaphylla,Rutaceae,plant,
curry-leaf,curry leaf,Murraya koenigii,Rutaceae,plant,
chinese-toon,Chinese toon (xiangchun),Toona sinensis,Meliaceae,plant,xiangchun
santol,santol,Sandoricum koetjape,Meliaceae,plant,
langsat,langsat (duku),Lansium domesticum,Meliaceae,plant,duku
neem,neem (flowers),Azadirachta indica,Meliaceae,plant,
bitterwood,bitterwood,Quassia amara,Simaroubaceae,plant,
kubili-nut,kubili nut,Cubilia cubili,Sapindaceae,plant,
guarana,guaraná,Paullinia cupana,Sapindaceae,plant,
kusum,kusum,Schleichera oleosa,Sapindaceae,plant,
hairy-alectryon,hairy alectryon,Alectryon tomentosus,Sapindaceae,plant,
mamoncillo,mamoncillo (quenepa),Melicoccus bijugatus,Sapindaceae,plant,quenepa
pitomba-2,pitomba,Talisia esculenta,Sapindaceae,plant,
korlan,korlan,Nephelium hypoleucum,Sapindaceae,plant,
pulasan,pulasan,Nephelium ramboutan-ake,Sapindaceae,plant,
rambutan,rambutan,Nephelium lappaceum,Sapindaceae,plant,
matoa,matoa (taun),Pometia pinnata,Sapindaceae,plant,taun
lychee,lychee,Litchi chinensis,Sapindaceae,plant,lychee
ackee,ackee,Blighia sapida,Sapindaceae,plant,
luna-nut,luna nut,Lepisanthes fruticosa,Sapindaceae,plant,
longan,longan,Dimocarpus longan,Sapindaceae,plant,
california-buckeye,California buckeye (processed),Aesculus californica,Sapindaceae,plant,
japanese-horse-chestnut,Japanese horse chestnut (tochi),Aesculus turbinata,Sapindaceae,plant,tochi
black-maple,black maple,Acer nigrum,Sapindaceae,plant,
sugar-maple,sugar maple,Acer saccharum,Sapindaceae,plant,maple;maple syrup
japanese-maple,Japanese maple (momiji tempura),Acer palmatum,Sapindaceae,plant,momiji tempura
red-maple,red maple (sap),Acer rubrum,Sapindaceae,plant,
silver-maple,silver maple (sap),Acer saccharinum,Sapindaceae,plant,
almecega,almécega (fruit),Protium heptaphyllum,Burseraceae,plant,
african-elemi,African elemi,Canarium schweinfurthii,Burseraceae,plant,
chinese-olive,Chinese olive,Canarium album,Burseraceae,plant,
pili-nut,pili nut,Canarium ovatum,Burseraceae,plant,
galip-nut,galip nut,Canarium indicum,Burseraceae,plant,
dabai,dabai,Canarium odontophyllum,Burseraceae,plant,
atom,atom (fruit),Dacryodes macrophylla,Burseraceae,plant,
safou,safou (African pear),Dacryodes edulis,Burseraceae,plant,African pear
jocote,jocote,Spondias purpurea,Anacardiaceae,plant,
umbu,umbu,Spondias tuberosa,Anacardiaceae,plant,
yellow-mombin,yellow mombin (hog plum),Spondias mombin,Anacardiaceae,plant,hog plum
ambarella,ambarella,Spondias dulcis,Anacardiaceae,plant,
wild-mango,wild mango (amra),Spondias pinnata,Anacardiaceae,plant,amra
dao,dao,Dracontomelon dao,Anacardiaceae,plant,
sau,sau,Dracontomelon duperreanum,Anacardiaceae,plant,
chironji,chironji,Buchanania lanzan,Anacardiaceae,plant,
wild-plum,wild plum (Cape),Harpephyllum caffrum,Anacardiaceae,plant,Cape
african-grape,African grape,Lannea microcarpa,Anacardiaceae,plant,
marula,marula,Sclerocarya birrea,Anacardiaceae,plant,
chupandilla,chupandilla,Cyrtocarpa procera,Anacardiaceae,plant,
lapsi,lapsi (Nepali hog plum),Choerospondias axillaris,Anacardiaceae,plant,Nepali hog plum
burdekin-plum,Burdekin plum,Pleiogynium timoriense,Anacardiaceae,plant,
mastic,mastic,Pistacia lentiscus,Anacardiaceae,plant,
chinese-pistache,Chinese pistache (leaves),Pistacia chinensis,Anacardiaceae,plant,
pistachio,pistachio,Pistacia vera,Anacardiaceae,plant,pistachio;pistachios
terebinth,terebinth (menengiç),Pistacia terebinthus,Anacardiaceae,plant,menengiç
smooth-sumac,smooth sumac,Rhus glabra,Anacardiaceae,plant,
staghorn-sumac,staghorn sumac,Rhus typhina,Anacardiaceae,plant,
sumac,sumac,Rhus coriaria,Anacardiaceae,plant,sumac;za'atar
peruvian-pepper,Peruvian pepper (pink peppercorn),Schinus molle,Anacardiaceae,plant,pink peppercorn
brazilian-pepper,Brazilian pepper,Schinus terebinthifolia,Anacardiaceae,plant,
cuachalalate,cuachalalate,Amphipterygium adstringens,Anacardiaceae,plant,
binjai,binjai,Mangifera caesia,Anacardiaceae,plant,
bambangan,bambangan,Mangifera pajang,Anacardiaceae,plant,
mango,mango,Mangifera indica,Anacardiaceae,plant,mango
horse-mango,horse mango (bachang),Mangifera foetida,Anacardiaceae,plant,bachang
kuwini,kuwini,Mangifera odorata,Anacardiaceae,plant,
gandaria,gandaria,Bouea macrophylla,Anacardiaceae,plant,
cashew,cashew,Anacardium occidentale,Anacardiaceae,plant,cashew;cashews
siberian-nitraria,Siberian nitraria,Nitraria sibirica,Nitrariaceae,plant,
illipe,illipe (tengkawang),Shorea stenoptera,Dipterocarpaceae,plant,tengkawang
sal,sal (seed butter),Shorea robusta,Dipterocarpaceae,plant,
dhupa,dhupa (seed fat),Vateria indica,Dipterocarpaceae,plant,
pink-rockrose,pink rockrose (tea),Cistus creticus,Cistaceae,plant,
saya,saya (Sonoran root),Amoreuxia palmatifida,Bixaceae,plant,Sonoran root
annatto,annatto,Bixa orellana,Bixaceae,plant,
lai,lai,Durio kutejensis,Malvaceae,plant,
red-fleshed-durian,red-fleshed durian,Durio graveolens,Malvaceae,plant,
durian-marangang,durian marangang,Durio dulcis,Malvaceae,plant,
kerantungan,kerantungan,Durio oxleyanus,Malvaceae,plant,
durian,durian,Durio zibethinus,Malvaceae,plant,durian
south-american-sapote,South American sapote (chupa-chupa),Quararibea cordata,Malvaceae,plant,chupa-chupa
alache,alache,Anoda cristata,Malvaceae,plant,
purple-poppy-mallow,purple poppy mallow (root),Callirhoe involucrata,Malvaceae,plant,
marshmallow,marshmallow,Althaea officinalis,Malvaceae,plant,
hollyhock,hollyhock,Alcea rosea,Malvaceae,plant,
cheeseweed,cheeseweed,Malva parviflora,Malvaceae,plant,
chinese-mallow,Chinese mallow,Malva verticillata,Malvaceae,plant,
dwarf-mallow,dwarf mallow,Malva neglecta,Malvaceae,plant,
common-mallow,common mallow,Malva sylvestris,Malvaceae,plant,
portia-tree,portia tree (leaves),Thespesia populnea,Malvaceae,plant,
african-chewing-gum,African chewing gum (snot apple),Thespesia garckeana,Malvaceae,plant,snot apple
pima-cotton,Pima cotton (seed oil),Gossypium barbadense,Malvaceae,plant,
upland-cotton,upland cotton (seed oil),Gossypium hirsutum,Malvaceae,plant,
west-african-okra,West African okra,Abelmoschus caillei,Malvaceae,plant,
okra,okra,Abelmoschus esculentus,Malvaceae,plant,okra
ambrette,ambrette,Abelmoschus moschatus,Malvaceae,plant,
aibika,aibika,Abelmoschus manihot,Malvaceae,plant,
turks-cap,"Turk's cap (flowers, tea)",Malvaviscus arboreus,Malvaceae,plant,
sea-hibiscus,sea hibiscus (leaves),Hibiscus tiliaceus,Malvaceae,plant,
chinese-hibiscus,Chinese hibiscus (flowers),Hibiscus rosa-sinensis,Malvaceae,plant,
rose-of-sharon,rose of Sharon (flowers),Hibiscus syriacus,Malvaceae,plant,
kenaf,kenaf (leaves),Hibiscus cannabinus,Malvaceae,plant,
roselle,roselle,Hibiscus sabdariffa,Malvaceae,plant,roselle;hibiscus;jamaica
false-roselle,false roselle,Hibiscus acetosella,Malvaceae,plant,
grandidiers-baobab,Grandidier's baobab,Adansonia grandidieri,Malvaceae,plant,
baobab,baobab,Adansonia digitata,Malvaceae,plant,
boab,boab,Adansonia gregorii,Malvaceae,plant,
red-silk-cotton,red silk-cotton (semal flowers),Bombax ceiba,Malvaceae,plant,semal flowers
shaving-brush-tree,shaving brush tree (flowers),Pseudobombax ellipticum,Malvaceae,plant,
malabar-chestnut,Malabar chestnut,Pachira aquatica,Malvaceae,plant,
saba-nut,saba nut,Pachira glabra,Malvaceae,plant,
american-basswood,American basswood,Tilia americana,Malvaceae,plant,
large-leaved-lime,large-leaved lime,Tilia platyphyllos,Malvaceae,plant,
small-leaved-lime,small-leaved lime (linden),Tilia cordata,Malvaceae,plant,linden
karaya-gum,karaya gum,Sterculia urens,Malvaceae,plant,
java-olive,Java olive (seeds),Sterculia foetida,Malvaceae,plant,
malva-nut,malva nut (pang da hai),Scaphium affine,Malvaceae,plant,pang da hai
kurrajong,kurrajong (seeds),Brachychiton populneus,Malvaceae,plant,
monkey-kola,monkey kola,Cola lepidota,Malvaceae,plant,
kola-nut,kola nut,Cola nitida,Malvaceae,plant,
abata-kola,abata kola,Cola acuminata,Malvaceae,plant,
chinese-parasol-tree,Chinese parasol tree (seeds),Firmiana simplex,Malvaceae,plant,
white-crossberry,white crossberry,Grewia tenax,Malvaceae,plant,
phalsa,phalsa,Grewia asiatica,Malvaceae,plant,
donkey-berry,donkey berry,Grewia flavescens,Malvaceae,plant,
jute-mallow,jute mallow (molokhia),Corchorus olitorius,Malvaceae,plant,molokhia
white-jute,white jute (leaves),Corchorus capsularis,Malvaceae,plant,
guacima,guácima,Guazuma ulmifolia,Malvaceae,plant,
monkey-cacao,monkey cacao,Herrania purpurea,Malvaceae,plant,
cupuacu,cupuaçu,Theobroma grandiflorum,Malvaceae,plant,
mocambo,mocambo (pataxte),Theobroma bicolor,Malvaceae,plant,pataxte
cupui,cupuí,Theobroma subincanum,Malvaceae,plant,
cacao,cacao,Theobroma cacao,Malvaceae,plant,cacao;chocolate;cocoa
guest-tree,guest tree (leaves),Kleinhovia hospita,Malvaceae,plant,
jamaican-cherry,Jamaican cherry (aratiles),Muntingia calabura,Muntingiaceae,plant,aratiles
mashua,mashua,Tropaeolum tuberosum,Tropaeolaceae,plant,
dwarf-nasturtium,dwarf nasturtium,Tropaeolum minus,Tropaeolaceae,plant,
garden-nasturtium,garden nasturtium,Tropaeolum majus,Tropaeolaceae,plant,
african-moringa,African moringa,Moringa stenopetala,Moringaceae,plant,
moringa,moringa (drumstick),Moringa oleifera,Moringaceae,plant,drumstick
papaya,papaya,Carica papaya,Caricaceae,plant,papaya
bonete,bonete,Jacaratia mexicana,Caricaceae,plant,
jaracatia,jaracatiá,Jacaratia spinosa,Caricaceae,plant,
mountain-papaya,mountain papaya,Vasconcellea pubescens,Caricaceae,plant,
babaco,babaco,Vasconcellea × heilbornii,Caricaceae,plant,
col-de-montana,col de montaña,Vasconcellea monoica,Caricaceae,plant,
meadowfoam,meadowfoam (oil),Limnanthes alba,Limnanthaceae,plant,
dobera,dobera (fruit),Dobera glabra,Salvadoraceae,plant,
toothbrush-tree,toothbrush tree (miswak fruit),Salvadora persica,Salvadoraceae,plant,miswak fruit
brazzein-berry,brazzein berry,Pentadiplandra brazzeana,Pentadiplandraceae,plant,
sacred-garlic-pear,sacred garlic pear,Crateva religiosa,Capparaceae,plant,
shepherds-tree,shepherd's tree,Boscia albitrunca,Capparaceae,plant,
hanza,hanza (dilo),Boscia senegalensis,Capparaceae,plant,dilo
maerua,maerua (leaves),Maerua crassifolia,Capparaceae,plant,
bush-orange,bush orange,Capparis mitchellii,Capparaceae,plant,
ker,ker (kair),Capparis decidua,Capparaceae,plant,kair
caper,caper,Capparis spinosa,Capparaceae,plant,caper;capers
asian-spiderflower,Asian spiderflower (seed),Cleome viscosa,Cleomaceae,plant,
spider-plant,spider plant (African cabbage),Cleome gynandra,Cleomaceae,plant,African cabbage
sweet-alyssum,sweet alyssum (flowers),Lobularia maritima,Brassicaceae,plant,
flixweed,flixweed (seed),Descurainia sophia,Brassicaceae,plant,
tansy-mustard,tansy mustard (seed),Descurainia pinnata,Brassicaceae,plant,
dittander,dittander,Lepidium latifolium,Brassicaceae,plant,
hoary-cress,hoary cress (buds),Lepidium draba,Brassicaceae,plant,
garden-cress,garden cress,Lepidium sativum,Brassicaceae,plant,
virginia-pepperweed,Virginia pepperweed,Lepidium virginicum,Brassicaceae,plant,
maca,maca,Lepidium meyenii,Brassicaceae,plant,
horseradish,horseradish,Armoracia rusticana,Brassicaceae,plant,horseradish
winter-cress,winter cress,Barbarea vulgaris,Brassicaceae,plant,
upland-cress,upland cress,Barbarea verna,Brassicaceae,plant,
marsh-yellowcress,marsh yellowcress,Rorippa palustris,Brassicaceae,plant,
narrow-fruited-watercress,narrow-fruited watercress,Nasturtium microphyllum,Brassicaceae,plant,
watercress,watercress,Nasturtium officinale,Brassicaceae,plant,watercress
crinkleroot,crinkleroot,Cardamine diphylla,Brassicaceae,plant,
cutleaf-toothwort,cutleaf toothwort,Cardamine concatenata,Brassicaceae,plant,
hairy-bittercress,hairy bittercress,Cardamine hirsuta,Brassicaceae,plant,
cuckooflower,cuckooflower,Cardamine pratensis,Brassicaceae,plant,
tower-mustard,tower mustard,Turritis glabra,Brassicaceae,plant,
camelina,camelina (gold-of-pleasure),Camelina sativa,Brassicaceae,plant,gold-of-pleasure
shepherds-purse,shepherd's purse,Capsella bursa-pastoris,Brassicaceae,plant,
blue-mustard,blue mustard,Chorispora tenella,Brassicaceae,plant,
crested-warty-cabbage,crested warty cabbage,Bunias erucago,Brassicaceae,plant,
turkish-rocket,Turkish rocket,Bunias orientalis,Brassicaceae,plant,
sand-cabbage,sand cabbage (shacong),Pugionium cornutum,Brassicaceae,plant,shacong
scurvy-grass,scurvy grass,Cochlearia officinalis,Brassicaceae,plant,
garlic-mustard,garlic mustard,Alliaria petiolata,Brassicaceae,plant,
field-pennycress,field pennycress (seed),Thlaspi arvense,Brassicaceae,plant,
wasabi,wasabi,Eutrema japonicum,Brassicaceae,plant,wasabi
chinese-violet-cress,Chinese violet cress,Orychophragmus violaceus,Brassicaceae,plant,
tuareg-cabbage,Tuareg cabbage (alwat),Schouwia purpurea,Brassicaceae,plant,alwat
sea-rocket,sea rocket,Cakile maritima,Brassicaceae,plant,
american-sea-rocket,American sea rocket,Cakile edentula,Brassicaceae,plant,
sea-kale,sea kale,Crambe maritima,Brassicaceae,plant,
shortpod-mustard,shortpod mustard,Hirschfeldia incana,Brassicaceae,plant,
white-mustard,white mustard,Sinapis alba,Brassicaceae,plant,white mustard;yellow mustard;mustard;mustard seed
charlock,charlock,Sinapis arvensis,Brassicaceae,plant,
arugula,arugula (rocket),Eruca vesicaria,Brassicaceae,plant,rocket;arugula
violet-cabbage,violet cabbage,Moricandia arvensis,Brassicaceae,plant,
annual-wall-rocket,annual wall-rocket,Diplotaxis muralis,Brassicaceae,plant,
white-wall-rocket,white wall-rocket,Diplotaxis erucoides,Brassicaceae,plant,
wild-rocket,wild rocket,Diplotaxis tenuifolia,Brassicaceae,plant,
bastard-cabbage,bastard cabbage,Rapistrum rugosum,Brassicaceae,plant,
wild-radish,wild radish,Raphanus raphanistrum,Brassicaceae,plant,
radish,radish / daikon,Raphanus sativus,Brassicaceae,plant,daikon;radish
black-mustard,black mustard,Brassica nigra,Brassicaceae,plant,
ethiopian-mustard,Ethiopian mustard,Brassica carinata,Brassicaceae,plant,
sahara-mustard,Sahara mustard (seed),Brassica tournefortii,Brassicaceae,plant,
cabbage,cabbage / kale / broccoli / cauliflower,Brassica oleracea,Brassicaceae,plant,kale;broccoli;cauliflower;cabbage;brussels sprouts;collard;kohlrabi;sauerkraut;kimchi;coleslaw
rapeseed,rapeseed / rutabaga,Brassica napus,Brassicaceae,plant,rutabaga;canola;rapeseed;canola oil;swede
brown-mustard,brown mustard / mustard greens,Brassica juncea,Brassicaceae,plant,mustard greens;brown mustard;dijon;gai choy
turnip,turnip / bok choy / napa,Brassica rapa,Brassicaceae,plant,bok choy;napa;turnip;napa cabbage;pak choi;turnip greens;mizuna;rapini
london-rocket,London rocket,Sisymbrium irio,Brassicaceae,plant,
hedge-mustard,hedge mustard,Sisymbrium officinale,Brassicaceae,plant,
princes-plume,prince's plume (greens),Stanleya pinnata,Brassicaceae,plant,
desert-date,desert date,Balanites aegyptiaca,Zygophyllaceae,plant,
soapbark,soapbark (foaming agent),Quillaja saponaria,Quillajaceae,plant,
weeping-boer-bean,weeping boer-bean (seeds),Schotia brachypetala,Fabaceae,plant,
jatoba,jatobá,Hymenaea courbaril,Fabaceae,plant,
jatoba-do-cerrado,jatobá-do-cerrado,Hymenaea stigonocarpa,Fabaceae,plant,
sweet-detar,sweet detar,Detarium microcarpum,Fabaceae,plant,
ditax,ditax,Detarium senegalense,Fabaceae,plant,
nam-nam,nam-nam,Cynometra cauliflora,Fabaceae,plant,
african-mahogany,African mahogany (seeds),Afzelia africana,Fabaceae,plant,
tamarind,tamarind,Tamarindus indica,Fabaceae,plant,tamarind
eastern-redbud,eastern redbud (flowers),Cercis canadensis,Fabaceae,plant,
judas-tree,Judas tree (flowers),Cercis siliquastrum,Fabaceae,plant,
kachnar,kachnar,Bauhinia variegata,Fabaceae,plant,
marama-bean,marama bean,Tylosema esculentum,Fabaceae,plant,
orchid-tree,orchid tree (buds),Bauhinia purpurea,Fabaceae,plant,
tamarind-plum,tamarind plum (keranji),Dialium indum,Fabaceae,plant,keranji
velvet-tamarind,velvet tamarind,Dialium guineense,Fabaceae,plant,
velvet-tamarind-2,velvet tamarind (Indochina),Dialium cochinchinense,Fabaceae,plant,Indochina
kentucky-coffeetree,Kentucky coffeetree (roasted),Gymnocladus dioicus,Fabaceae,plant,roasted
carob,carob,Ceratonia siliqua,Fabaceae,plant,carob
honey-locust,honey locust (pod pulp),Gleditsia triacanthos,Fabaceae,plant,
cassod-tree,cassod tree (khi-lek),Senna siamea,Fabaceae,plant,khi-lek
mogdad-coffee,mogdad coffee,Senna occidentalis,Fabaceae,plant,
sicklepod,sicklepod (kawal),Senna obtusifolia,Fabaceae,plant,kawal
yeheb-nut,yeheb nut,Cordeauxia edulis,Fabaceae,plant,
blue-palo-verde,blue palo verde (seeds),Parkinsonia florida,Fabaceae,plant,
jerusalem-thorn,Jerusalem thorn (seeds),Parkinsonia aculeata,Fabaceae,plant,
african-oil-bean,African oil bean,Pentaclethra macrophylla,Fabaceae,plant,
guaje,guaje,Leucaena esculenta,Fabaceae,plant,
water-mimosa,water mimosa,Neptunia oleracea,Fabaceae,plant,
leucaena,leucaena (pods),Leucaena leucocephala,Fabaceae,plant,
khejri,khejri (sangri),Prosopis cineraria,Fabaceae,plant,sangri
algarrobo-blanco,algarrobo blanco,Prosopis alba,Fabaceae,plant,
honey-mesquite,honey mesquite,Prosopis glandulosa,Fabaceae,plant,
huarango,huarango,Prosopis pallida,Fabaceae,plant,
mesquite,mesquite (juliflora),Prosopis juliflora,Fabaceae,plant,juliflora
african-locust-bean,African locust bean (dawadawa),Parkia biglobosa,Fabaceae,plant,dawadawa
tree-bean,tree bean (yongchak),Parkia timoriana,Fabaceae,plant,yongchak
petai,petai (stink bean),Parkia speciosa,Fabaceae,plant,stink bean
guamuchil,guamúchil (Manila tamarind),Pithecellobium dulce,Fabaceae,plant,Manila tamarind
kerdas,kerdas,Archidendron bubalinum,Fabaceae,plant,
jengkol,jengkol,Archidendron jiringa,Fabaceae,plant,
pacay,pacay,Inga feuilleei,Fabaceae,plant,
guaba-machete,guaba machete,Inga spectabilis,Fabaceae,plant,
ice-cream-bean,ice-cream bean,Inga edulis,Fabaceae,plant,
gum-arabic,gum arabic,Senegalia senegal,Fabaceae,plant,
red-acacia,red acacia (gum talha),Vachellia seyal,Fabaceae,plant,gum talha
wattleseed,wattleseed (gundabluey),Acacia victoriae,Fabaceae,plant,gundabluey
mulga,mulga (seed),Acacia aneura,Fabaceae,plant,
coles-wattle,Cole's wattle (seed),Acacia colei,Fabaceae,plant,
tonka-bean,tonka bean,Dipteryx odorata,Fabaceae,plant,
baru-nut,baru nut,Dipteryx alata,Fabaceae,plant,
pagoda-tree,"pagoda tree (buds, huai hua)",Styphnolobium japonicum,Fabaceae,plant,huai hua
moreton-bay-chestnut,Moreton Bay chestnut (processed),Castanospermum australe,Fabaceae,plant,
peanut,peanut,Arachis hypogaea,Fabaceae,plant,peanut;peanuts;peanut butter;groundnut
white-lupin,white lupin,Lupinus albus,Fabaceae,plant,
narrow-leafed-lupin,narrow-leafed lupin,Lupinus angustifolius,Fabaceae,plant,
yellow-lupin,yellow lupin,Lupinus luteus,Fabaceae,plant,
tarwi,tarwi,Lupinus mutabilis,Fabaceae,plant,
chipilin,chipilín,Crotalaria longirostrata,Fabaceae,plant,
guar,guar,Cyamopsis tetragonoloba,Fabaceae,plant,
butterfly-pea,butterfly pea (flower),Clitoria ternatea,Fabaceae,plant,
sword-bean,sword bean,Canavalia gladiata,Fabaceae,plant,
jack-bean,jack bean,Canavalia ensiformis,Fabaceae,plant,
hodoimo,hodoimo,Apios fortunei,Fabaceae,plant,
groundnut,groundnut (hopniss),Apios americana,Fabaceae,plant,hopniss
velvet-bean,velvet bean (processed),Mucuna pruriens,Fabaceae,plant,
sohphlang,sohphlang,Flemingia vestita,Fabaceae,plant,
pigeon-pea,pigeon pea,Cajanus cajan,Fabaceae,plant,
winged-bean,winged bean,Psophocarpus tetragonolobus,Fabaceae,plant,
chachafruto,chachafruto (basul),Erythrina edulis,Fabaceae,plant,basul
african-yam-bean,African yam bean,Sphenostylis stenocarpa,Fabaceae,plant,
kerstings-groundnut,Kersting's groundnut,Macrotyloma geocarpum,Fabaceae,plant,
horse-gram,horse gram,Macrotyloma uniflorum,Fabaceae,plant,
hyacinth-bean,hyacinth bean,Lablab purpureus,Fabaceae,plant,
bush-potato-2,bush potato (maloga bean),Vigna lanceolata,Fabaceae,plant,maloga bean
rice-bean,rice bean,Vigna umbellata,Fabaceae,plant,
bambara-groundnut,Bambara groundnut,Vigna subterranea,Fabaceae,plant,
cowpea-bean,cowpea / yardlong bean,Vigna unguiculata,Fabaceae,plant,yardlong bean;cowpea;black-eyed pea;black-eyed peas
zombi-pea,zombi pea (tuber),Vigna vexillata,Fabaceae,plant,
adzuki-bean,adzuki bean,Vigna angularis,Fabaceae,plant,
moth-bean,moth bean,Vigna aconitifolia,Fabaceae,plant,
mung-bean,mung bean,Vigna radiata,Fabaceae,plant,mung bean;bean sprouts
urad,urad (black gram),Vigna mungo,Fabaceae,plant,black gram
tepary-bean,tepary bean,Phaseolus acutifolius,Fabaceae,plant,
common-bean,common bean,Phaseolus vulgaris,Fabaceae,plant,common bean;black beans;kidney beans;pinto;green beans;navy beans;cannellini
runner-bean,runner bean,Phaseolus coccineus,Fabaceae,plant,
year-bean,year bean,Phaseolus dumosus,Fabaceae,plant,
lima-bean,lima bean,Phaseolus lunatus,Fabaceae,plant,
ahipa,ahipa,Pachyrhizus ahipa,Fabaceae,plant,
amazonian-yam-bean,Amazonian yam bean,Pachyrhizus tuberosus,Fabaceae,plant,
jicama,jicama,Pachyrhizus erosus,Fabaceae,plant,
kudzu,kudzu (starch),Pueraria montana,Fabaceae,plant,
hog-peanut,hog peanut,Amphicarpaea bracteata,Fabaceae,plant,
soybean,soybean,Glycine max,Fabaceae,plant,soybean;soy;tofu;soy sauce;miso;edamame;tempeh;soy milk;natto;tamari
prairie-turnip,prairie turnip,Pediomelum esculentum,Fabaceae,plant,
black-locust,black locust (flowers),Robinia pseudoacacia,Fabaceae,plant,
desert-ironwood,desert ironwood (seeds),Olneya tesota,Fabaceae,plant,
agati,agati (vegetable hummingbird),Sesbania grandiflora,Fabaceae,plant,vegetable hummingbird
egyptian-riverhemp,Egyptian riverhemp (leaves),Sesbania sesban,Fabaceae,plant,
chinese-liquorice,Chinese liquorice,Glycyrrhiza uralensis,Fabaceae,plant,
liquorice,liquorice,Glycyrrhiza glabra,Fabaceae,plant,licorice
japanese-wisteria,Japanese wisteria (flowers),Wisteria floribunda,Fabaceae,plant,
siberian-pea-shrub,Siberian pea shrub,Caragana arborescens,Fabaceae,plant,
tragacanth,tragacanth,Astragalus gummifer,Fabaceae,plant,
huang-qi,huang qi (astragalus),Astragalus membranaceus,Fabaceae,plant,astragalus
chickpea,chickpea,Cicer arietinum,Fabaceae,plant,chickpea;garbanzo;hummus;chana
lentil,lentil,Lens culinaris,Fabaceae,plant,lentil;lentils;dal
pea,pea,Pisum sativum,Fabaceae,plant,pea;peas;split peas;snap peas
grass-pea,grass pea,Lathyrus sativus,Fabaceae,plant,
tuberous-pea,tuberous pea,Lathyrus tuberosus,Fabaceae,plant,
bitter-vetch,bitter vetch,Vicia ervilia,Fabaceae,plant,
fava-bean,fava bean,Vicia faba,Fabaceae,plant,fava bean;broad bean
blue-fenugreek,blue fenugreek,Trigonella caerulea,Fabaceae,plant,
fenugreek,fenugreek,Trigonella foenum-graecum,Fabaceae,plant,fenugreek;methi
sweet-clover,sweet clover (flavouring),Melilotus officinalis,Fabaceae,plant,flavouring
alfalfa,alfalfa (sprouts),Medicago sativa,Fabaceae,plant,sprouts
red-clover,red clover (flowers),Trifolium pratense,Fabaceae,plant,
bastard-oleaster,bastard oleaster,Elaeagnus latifolia,Elaeagnaceae,plant,
goumi,goumi,Elaeagnus multiflora,Elaeagnaceae,plant,
autumn-olive,autumn olive,Elaeagnus umbellata,Elaeagnaceae,plant,
russian-olive,Russian olive,Elaeagnus angustifolia,Elaeagnaceae,plant,
silver-buffaloberry,silver buffaloberry,Shepherdia argentea,Elaeagnaceae,plant,
soapberry,soapberry (Indian ice cream),Shepherdia canadensis,Elaeagnaceae,plant,Indian ice cream
sea-buckthorn,sea buckthorn,Hippophae rhamnoides,Elaeagnaceae,plant,
chinese-sweet-plum,Chinese sweet plum,Sageretia thea,Rhamnaceae,plant,
bird-plum,bird plum,Berchemia discolor,Rhamnaceae,plant,
new-jersey-tea,New Jersey tea,Ceanothus americanus,Rhamnaceae,plant,
japanese-raisin-tree,Japanese raisin tree,Hovenia dulcis,Rhamnaceae,plant,
juazeiro,juazeiro,Ziziphus joazeiro,Rhamnaceae,plant,
lotus-jujube,lotus jujube,Ziziphus lotus,Rhamnaceae,plant,
wild-jujube,wild jujube (jhar ber),Ziziphus nummularia,Rhamnaceae,plant,jhar ber
jujube,jujube,Ziziphus jujuba,Rhamnaceae,plant,
christs-thorn-jujube,Christ's thorn jujube,Ziziphus spina-christi,Rhamnaceae,plant,
ber,ber (Indian jujube),Ziziphus mauritiana,Rhamnaceae,plant,Indian jujube
buffalo-thorn,buffalo thorn,Ziziphus mucronata,Rhamnaceae,plant,
slippery-elm,slippery elm,Ulmus rubra,Ulmaceae,plant,
siberian-elm,Siberian elm (samaras),Ulmus pumila,Ulmaceae,plant,samaras
african-hackberry,African hackberry (leaves),Celtis integrifolia,Cannabaceae,plant,
mediterranean-hackberry,Mediterranean hackberry,Celtis australis,Cannabaceae,plant,
common-hackberry,common hackberry,Celtis occidentalis,Cannabaceae,plant,
sugarberry,sugarberry,Celtis laevigata,Cannabaceae,plant,
hemp,hemp (seed),Cannabis sativa,Cannabaceae,plant,hemp seed
hops,hops,Humulus lupulus,Cannabaceae,plant,hops;beer;ipa
giant-yellow-mulberry,giant yellow mulberry,Myrianthus arboreus,Urticaceae,plant,
trumpet-tree,trumpet tree (fruit),Cecropia peltata,Urticaceae,plant,
amazon-tree-grape,Amazon tree grape (uvilla),Pourouma cecropiifolia,Urticaceae,plant,uvilla
mamaki,mamaki,Pipturus albidus,Urticaceae,plant,
orange-wild-rhea,orange wild rhea (fruit),Debregeasia longifolia,Urticaceae,plant,
west-indian-woodnettle,West Indian woodnettle,Laportea aestuans,Urticaceae,plant,
wood-nettle,wood nettle,Laportea canadensis,Urticaceae,plant,
himalayan-nettle,Himalayan nettle,Girardinia diversifolia,Urticaceae,plant,
small-nettle,small nettle,Urtica urens,Urticaceae,plant,
stinging-nettle,stinging nettle,Urtica dioica,Urticaceae,plant,
uwabami-so,uwabami-so,Elatostema involucratum,Urticaceae,plant,
leche-caspi,leche caspi,Pseudolmedia laevis,Moraceae,plant,
red-mulberry,red mulberry,Morus rubra,Moraceae,plant,
black-mulberry,black mulberry,Morus nigra,Moraceae,plant,
white-mulberry,white mulberry,Morus alba,Moraceae,plant,
long-mulberry,long mulberry,Morus macroura,Moraceae,plant,
monkey-jack,monkey jack,Artocarpus lacucha,Moraceae,plant,
jackfruit,jackfruit,Artocarpus heterophyllus,Moraceae,plant,jackfruit
cempedak,cempedak,Artocarpus integer,Moraceae,plant,
pedalai,pedalai,Artocarpus sericicarpus,Moraceae,plant,
marang,marang,Artocarpus odoratissimus,Moraceae,plant,
monkey-jackfruit,monkey jackfruit,Artocarpus rigidus,Moraceae,plant,
breadfruit,breadfruit,Artocarpus altilis,Moraceae,plant,breadfruit
breadnut,breadnut,Artocarpus camansi,Moraceae,plant,
che,che (cudrania),Maclura tricuspidata,Moraceae,plant,cudrania
paper-mulberry,paper mulberry (fruit),Broussonetia papyrifera,Moraceae,plant,
african-breadfruit,African breadfruit,Treculia africana,Moraceae,plant,
maya-nut,Maya nut (ramón),Brosimum alicastrum,Moraceae,plant,ramón
mistletoe-fig,mistletoe fig (tea),Ficus deltoidea,Moraceae,plant,
sycamore-fig,sycamore fig,Ficus sycomorus,Moraceae,plant,
cluster-fig,cluster fig,Ficus racemosa,Moraceae,plant,
roxburgh-fig,Roxburgh fig,Ficus auriculata,Moraceae,plant,
fig,fig,Ficus carica,Moraceae,plant,fig;figs
punjab-fig,Punjab fig,Ficus palmata,Moraceae,plant,
aiyu,aiyu (jelly fig),Ficus pumila,Moraceae,plant,jelly fig
cerote,cerote,Hesperomeles obtusifolia,Rosaceae,plant,
himalayan-cherry-prinsepia,Himalayan cherry prinsepia (oil),Prinsepia utilis,Rosaceae,plant,
osoberry,osoberry,Oemleria cerasiformis,Rosaceae,plant,
hollyleaf-cherry,hollyleaf cherry (islay),Prunus ilicifolia,Rosaceae,plant,islay
sand-cherry,sand cherry,Prunus pumila,Rosaceae,plant,
apricot-plum,apricot plum,Prunus simonii,Rosaceae,plant,
bird-cherry,bird cherry,Prunus padus,Rosaceae,plant,
black-cherry,black cherry,Prunus serotina,Rosaceae,plant,
chokecherry,chokecherry,Prunus virginiana,Rosaceae,plant,
cherry-laurel,cherry laurel (taflan),Prunus laurocerasus,Rosaceae,plant,taflan
mahleb,mahleb,Prunus mahaleb,Rosaceae,plant,
sour-cherry,sour cherry,Prunus cerasus,Rosaceae,plant,
sweet-cherry,sweet cherry,Prunus avium,Rosaceae,plant,cherry;cherries;sour cherry
steppe-cherry,steppe cherry,Prunus fruticosa,Rosaceae,plant,
almond,almond,Prunus dulcis,Rosaceae,plant,almond;almonds;marzipan;almond milk
peach,peach / nectarine,Prunus persica,Rosaceae,plant,nectarine;peach
ume,ume,Prunus mume,Rosaceae,plant,
nanking-cherry,Nanking cherry,Prunus tomentosa,Rosaceae,plant,
apricot,apricot,Prunus armeniaca,Rosaceae,plant,apricot
european-plum,European plum,Prunus domestica,Rosaceae,plant,plum;prune;prunes;umeboshi
japanese-plum,Japanese plum,Prunus salicina,Rosaceae,plant,
sloe,sloe,Prunus spinosa,Rosaceae,plant,
briancon-apricot,Briançon apricot,Prunus brigantina,Rosaceae,plant,
cherry-plum,cherry plum,Prunus cerasifera,Rosaceae,plant,
klamath-plum,Klamath plum,Prunus subcordata,Rosaceae,plant,
american-plum,American plum,Prunus americana,Rosaceae,plant,
beach-plum,beach plum,Prunus maritima,Rosaceae,plant,
chickasaw-plum,Chickasaw plum,Prunus angustifolia,Rosaceae,plant,
ulei,ulei,Osteomeles anthyllidifolia,Rosaceae,plant,
saskatoon,saskatoon,Amelanchier alnifolia,Rosaceae,plant,
shadbush,shadbush,Amelanchier canadensis,Rosaceae,plant,
juneberry,juneberry,Amelanchier lamarckii,Rosaceae,plant,
toyon,toyon,Heteromeles arbutifolia,Rosaceae,plant,
loquat,loquat,Eriobotrya japonica,Rosaceae,plant,
whitebeam,whitebeam,Sorbus aria,Rosaceae,plant,
wild-service-tree,wild service tree,Sorbus torminalis,Rosaceae,plant,
rowan,rowan,Sorbus aucuparia,Rosaceae,plant,
service-tree,service tree,Sorbus domestica,Rosaceae,plant,
ya-pear,Ya pear,Pyrus bretschneideri,Rosaceae,plant,
asian-pear,Asian pear (nashi),Pyrus pyrifolia,Rosaceae,plant,nashi
ussurian-pear,Ussurian pear,Pyrus ussuriensis,Rosaceae,plant,
european-pear,European pear,Pyrus communis,Rosaceae,plant,pear
medlar,medlar,Mespilus germanica,Rosaceae,plant,
tejocote,tejocote,Crataegus mexicana,Rosaceae,plant,
mayhaw,mayhaw,Crataegus aestivalis,Rosaceae,plant,
hawthorn,hawthorn,Crataegus monogyna,Rosaceae,plant,
azarole,azarole,Crataegus azarolus,Rosaceae,plant,
chinese-hawthorn,Chinese hawthorn (shanzha),Crataegus pinnatifida,Rosaceae,plant,shanzha
quince,quince,Cydonia oblonga,Rosaceae,plant,quince
chinese-quince,Chinese quince,Pseudocydonia sinensis,Rosaceae,plant,
japanese-quince,Japanese quince,Chaenomeles japonica,Rosaceae,plant,
flowering-quince,flowering quince,Chaenomeles speciosa,Rosaceae,plant,
black-chokeberry,black chokeberry,Aronia melanocarpa,Rosaceae,plant,
red-chokeberry,red chokeberry,Aronia arbutifolia,Rosaceae,plant,
assam-apple,assam apple,Docynia indica,Rosaceae,plant,
siberian-crab-apple,Siberian crab apple,Malus baccata,Rosaceae,plant,
wild-apple,wild apple (Tian Shan),Malus sieversii,Rosaceae,plant,Tian Shan
european-crab-apple,European crab apple,Malus sylvestris,Rosaceae,plant,
apple,apple,Malus domestica,Rosaceae,plant,apple;cider;apples;applesauce
dropwort,dropwort (tubers),Filipendula vulgaris,Rosaceae,plant,
meadowsweet,meadowsweet,Filipendula ulmaria,Rosaceae,plant,
wood-avens,wood avens (root),Geum urbanum,Rosaceae,plant,
american-red-raspberry,American red raspberry,Rubus strigosus,Rosaceae,plant,
cutleaf-blackberry,cutleaf blackberry,Rubus laciniatus,Rosaceae,plant,
loganberry,loganberry,Rubus loganobaccus,Rosaceae,plant,
mora-andina,mora andina,Rubus glaucus,Rosaceae,plant,
thimbleberry,thimbleberry,Rubus parviflorus,Rosaceae,plant,
whitebark-raspberry,whitebark raspberry,Rubus leucodermis,Rosaceae,plant,
blackberry,blackberry,Rubus fruticosus,Rosaceae,plant,
cloudberry,cloudberry,Rubus chamaemorus,Rosaceae,plant,
red-raspberry,red raspberry,Rubus idaeus,Rosaceae,plant,raspberry;raspberries
mysore-raspberry,Mysore raspberry,Rubus niveus,Rosaceae,plant,
wineberry,wineberry,Rubus phoenicolasius,Rosaceae,plant,
arctic-bramble,Arctic bramble,Rubus arcticus,Rosaceae,plant,
salmonberry,salmonberry,Rubus spectabilis,Rosaceae,plant,
yellow-himalayan-raspberry,yellow Himalayan raspberry,Rubus ellipticus,Rosaceae,plant,
mauritius-raspberry,Mauritius raspberry,Rubus rosifolius,Rosaceae,plant,
black-raspberry,black raspberry,Rubus occidentalis,Rosaceae,plant,
allegheny-blackberry,Allegheny blackberry,Rubus allegheniensis,Rosaceae,plant,
pacific-blackberry,Pacific blackberry,Rubus ursinus,Rosaceae,plant,
dewberry,dewberry,Rubus caesius,Rosaceae,plant,
sweet-briar,sweet briar (rosa mosqueta),Rosa rubiginosa,Rosaceae,plant,rosa mosqueta
cabbage-rose,cabbage rose,Rosa centifolia,Rosaceae,plant,
damask-rose,damask rose (rosewater),Rosa damascena,Rosaceae,plant,rosewater
chestnut-rose,chestnut rose,Rosa roxburghii,Rosaceae,plant,
rugosa-rose,rugosa rose (hips),Rosa rugosa,Rosaceae,plant,hips
french-rose,French rose,Rosa gallica,Rosaceae,plant,
dog-rose,dog rose (hips),Rosa canina,Rosaceae,plant,hips
salad-burnet,salad burnet,Sanguisorba minor,Rosaceae,plant,
pearlberry,pearlberry,Margyricarpus pinnatus,Rosaceae,plant,
garden-strawberry,garden strawberry,Fragaria × ananassa,Rosaceae,plant,strawberry;strawberries
musk-strawberry,musk strawberry,Fragaria moschata,Rosaceae,plant,
virginia-strawberry,Virginia strawberry,Fragaria virginiana,Rosaceae,plant,
beach-strawberry,beach strawberry,Fragaria chiloensis,Rosaceae,plant,
woodland-strawberry,woodland strawberry,Fragaria vesca,Rosaceae,plant,
silverweed,silverweed (roots),Potentilla anserina,Rosaceae,plant,
asian-hazel,Asian hazel,Corylus heterophylla,Betulaceae,plant,
turkish-hazel,Turkish hazel,Corylus colurna,Betulaceae,plant,
hazelnut,hazelnut,Corylus avellana,Betulaceae,plant,hazelnut;filbert;hazelnuts
beaked-hazelnut,beaked hazelnut,Corylus cornuta,Betulaceae,plant,
american-hazelnut,American hazelnut,Corylus americana,Betulaceae,plant,
chinese-hazel,Chinese hazel,Corylus chinensis,Betulaceae,plant,
filbert,filbert,Corylus maxima,Betulaceae,plant,
sweet-birch,sweet birch (birch beer),Betula lenta,Betulaceae,plant,birch beer
yellow-birch,yellow birch (sap),Betula alleghaniensis,Betulaceae,plant,
paper-birch,paper birch (sap),Betula papyrifera,Betulaceae,plant,
silver-birch,silver birch (sap),Betula pendula,Betulaceae,plant,
sweetfern,sweetfern (tea),Comptonia peregrina,Myricaceae,plant,
firetree,firetree (fruit),Morella faya,Myricaceae,plant,
yangmei,yangmei (Chinese bayberry),Myrica rubra,Myricaceae,plant,Chinese bayberry
box-myrtle,box myrtle (kaphal),Myrica esculenta,Myricaceae,plant,kaphal
bog-myrtle,bog myrtle (gruit),Myrica gale,Myricaceae,plant,gruit
sweet-tea-tree,sweet tea tree,Cyclocarya paliurus,Juglandaceae,plant,
japanese-walnut,Japanese walnut (heartnut),Juglans ailantifolia,Juglandaceae,plant,heartnut
butternut,butternut,Juglans cinerea,Juglandaceae,plant,
manchurian-walnut,Manchurian walnut,Juglans mandshurica,Juglandaceae,plant,
persian-walnut,Persian walnut,Juglans regia,Juglandaceae,plant,walnut;walnuts
black-walnut,black walnut,Juglans nigra,Juglandaceae,plant,
andean-walnut,Andean walnut,Juglans neotropica,Juglandaceae,plant,
mockernut-hickory,mockernut hickory,Carya tomentosa,Juglandaceae,plant,
shellbark-hickory,shellbark hickory,Carya laciniosa,Juglandaceae,plant,
shagbark-hickory,shagbark hickory,Carya ovata,Juglandaceae,plant,
pecan,pecan,Carya illinoinensis,Juglandaceae,plant,pecan;pecans
chinese-hickory,Chinese hickory,Carya cathayensis,Juglandaceae,plant,
tanoak,tanoak (acorn),Notholithocarpus densiflorus,Fagaceae,plant,acorn
mongolian-oak,Mongolian oak (dotori),Quercus mongolica,Fagaceae,plant,dotori
english-oak,English oak (acorn),Quercus robur,Fagaceae,plant,acorn
sessile-oak,sessile oak (acorn),Quercus petraea,Fagaceae,plant,acorn
holm-oak,holm oak (acorn),Quercus ilex,Fagaceae,plant,acorn
emory-oak,Emory oak (bellota),Quercus emoryi,Fagaceae,plant,bellota
holm-oak-2,holm oak (bellota),Quercus rotundifolia,Fagaceae,plant,bellota
white-oak,white oak (acorn),Quercus alba,Fagaceae,plant,acorn
bur-oak,bur oak (acorn),Quercus macrocarpa,Fagaceae,plant,acorn
valley-oak,valley oak (acorn),Quercus lobata,Fagaceae,plant,acorn
coast-live-oak,coast live oak (acorn),Quercus agrifolia,Fagaceae,plant,acorn
california-black-oak,California black oak (acorn),Quercus kelloggii,Fagaceae,plant,acorn
daimyo-oak,daimyo oak (acorn),Quercus dentata,Fagaceae,plant,acorn
sawtooth-oak,sawtooth oak (acorn),Quercus acutissima,Fagaceae,plant,acorn
chinese-cork-oak,Chinese cork oak (acorn),Quercus variabilis,Fagaceae,plant,acorn
brants-oak,Brant's oak (acorn bread),Quercus brantii,Fagaceae,plant,acorn bread
japanese-chinquapin,Japanese chinquapin (shii),Castanopsis cuspidata,Fagaceae,plant,shii
sudajii,sudajii,Castanopsis sieboldii,Fagaceae,plant,
indian-chestnut,Indian chestnut,Castanopsis indica,Fagaceae,plant,
chinquapin,chinquapin,Castanea pumila,Fagaceae,plant,
henrys-chestnut,Henry's chestnut,Castanea henryi,Fagaceae,plant,
sweet-chestnut,sweet chestnut,Castanea sativa,Fagaceae,plant,
american-chestnut,American chestnut,Castanea dentata,Fagaceae,plant,
chinese-chestnut,Chinese chestnut,Castanea mollissima,Fagaceae,plant,
japanese-chestnut,Japanese chestnut,Castanea crenata,Fagaceae,plant,
golden-chinquapin,golden chinquapin,Chrysolepis chrysophylla,Fagaceae,plant,
american-beech,American beech (beechnut),Fagus grandifolia,Fagaceae,plant,beechnut
european-beech,European beech (beechnut),Fagus sylvatica,Fagaceae,plant,beechnut
japanese-beech,Japanese beech (beechnut),Fagus crenata,Fagaceae,plant,beechnut
karaka,karaka (processed),Corynocarpus laevigatus,Corynocarpaceae,plant,
zi-bei-tian-kui,zi bei tian kui (tea),Begonia fimbristipula,Begoniaceae,plant,
tinda,tinda,Praecitrullus fistulosus,Cucurbitaceae,plant,
egusi,egusi (mannii),Cucumeropsis mannii,Cucurbitaceae,plant,mannii
jiaogulan,jiaogulan,Gynostemma pentaphyllum,Cucurbitaceae,plant,
manchu-tubergourd,Manchu tubergourd,Thladiantha dubia,Cucurbitaceae,plant,
balsam-apple,balsam apple,Momordica balsamina,Cucurbitaceae,plant,
bitter-melon,bitter melon,Momordica charantia,Cucurbitaceae,plant,bitter melon;bitter gourd
spine-gourd,spine gourd (kakrol),Momordica dioica,Cucurbitaceae,plant,kakrol
gac,gac,Momordica cochinchinensis,Cucurbitaceae,plant,
monk-fruit,monk fruit (luo han guo),Siraitia grosvenorii,Cucurbitaceae,plant,luo han guo
fluted-pumpkin,fluted pumpkin (ugu),Telfairia occidentalis,Cucurbitaceae,plant,ugu
oyster-nut,oyster nut,Telfairia pedata,Cucurbitaceae,plant,
sponge-gourd,sponge gourd,Luffa aegyptiaca,Cucurbitaceae,plant,
ridge-gourd,ridge gourd,Luffa acutangula,Cucurbitaceae,plant,
lard-seed,lard seed,Hodgsonia macrocarpa,Cucurbitaceae,plant,
caigua,caigua (achocha),Cyclanthera pedata,Cucurbitaceae,plant,achocha
chayote,chayote,Sechium edule,Cucurbitaceae,plant,
snake-gourd,snake gourd,Trichosanthes cucumerina,Cucurbitaceae,plant,
pointed-gourd,pointed gourd (parwal),Trichosanthes dioica,Cucurbitaceae,plant,parwal
fig-leaf-gourd,fig-leaf gourd (chilacayote),Cucurbita ficifolia,Cucurbitaceae,plant,chilacayote
cushaw,cushaw,Cucurbita argyrosperma,Cucurbitaceae,plant,
winter-squash,winter squash (maxima),Cucurbita maxima,Cucurbitaceae,plant,maxima
zucchini,zucchini / pumpkin (pepo),Cucurbita pepo,Cucurbitaceae,plant,pumpkin;pepo;zucchini;summer squash;acorn squash;courgette;pepitas
butternut-squash,butternut squash,Cucurbita moschata,Cucurbitaceae,plant,
cassabanana,cassabanana,Sicana odorifera,Cucurbitaceae,plant,
bottle-gourd,bottle gourd (calabash),Lagenaria siceraria,Cucurbitaceae,plant,calabash
watermelon,watermelon,Citrullus lanatus,Cucurbitaceae,plant,watermelon
egusi-melon,egusi melon,Citrullus mucosospermus,Cucurbitaceae,plant,
nara-melon,nara melon,Acanthosicyos horridus,Cucurbitaceae,plant,
winter-melon,winter melon (wax gourd),Benincasa hispida,Cucurbitaceae,plant,wax gourd
anchote,anchote,Coccinia abyssinica,Cucurbitaceae,plant,
ivy-gourd,ivy gourd (tindora),Coccinia grandis,Cucurbitaceae,plant,tindora
cucamelon,cucamelon,Melothria scabra,Cucurbitaceae,plant,
kiwano,kiwano (horned melon),Cucumis metuliferus,Cucurbitaceae,plant,horned melon
west-indian-gherkin,West Indian gherkin,Cucumis anguria,Cucurbitaceae,plant,
melon,melon,Cucumis melo,Cucurbitaceae,plant,melon;cantaloupe;honeydew
cucumber,cucumber,Cucumis sativus,Cucurbitaceae,plant,cucumber;pickle;pickles;gherkin
khat,khat,Catha edulis,Celastraceae,plant,
davidsons-plum,Davidson's plum (NSW),Davidsonia jerseyana,Cunoniaceae,plant,NSW
davidsons-plum-2,Davidson's plum,Davidsonia pruriens,Cunoniaceae,plant,
ceylon-olive,Ceylon olive,Elaeocarpus serratus,Elaeocarpaceae,plant,
kuranda-quandong,Kuranda quandong,Elaeocarpus bancroftii,Elaeocarpaceae,plant,
bermuda-buttercup,Bermuda buttercup (sour grass),Oxalis pes-caprae,Oxalidaceae,plant,sour grass
yellow-wood-sorrel,yellow wood sorrel,Oxalis stricta,Oxalidaceae,plant,
oca,oca,Oxalis tuberosa,Oxalidaceae,plant,
wood-sorrel,wood sorrel,Oxalis acetosella,Oxalidaceae,plant,
bilimbi,bilimbi,Averrhoa bilimbi,Oxalidaceae,plant,
starfruit,starfruit,Averrhoa carambola,Oxalidaceae,plant,
snuff-box-tree,snuff-box tree (fruit),Oncoba spinosa,Salicaceae,plant,
lovi-lovi,lovi-lovi,Flacourtia inermis,Salicaceae,plant,
indian-plum,Indian plum (paniala),Flacourtia jangomas,Salicaceae,plant,paniala
governors-plum,governor's plum,Flacourtia indica,Salicaceae,plant,
ketembilla,ketembilla,Dovyalis hebecarpa,Salicaceae,plant,
kei-apple,kei apple,Dovyalis caffra,Salicaceae,plant,
damiana,damiana,Turnera diffusa,Passifloraceae,plant,
curuba-india,curuba india,Passiflora tarminiana,Passifloraceae,plant,
banana-passionfruit,banana passionfruit (curuba),Passiflora tripartita,Passifloraceae,plant,curuba
giant-granadilla,giant granadilla,Passiflora quadrangularis,Passifloraceae,plant,
winged-stem-passion-flower,winged-stem passion flower,Passiflora alata,Passifloraceae,plant,
water-lemon,water lemon,Passiflora laurifolia,Passifloraceae,plant,
passion-fruit,passion fruit,Passiflora edulis,Passifloraceae,plant,passion fruit
maypop,maypop,Passiflora incarnata,Passifloraceae,plant,
sweet-calabash,sweet calabash,Passiflora maliformis,Passifloraceae,plant,
sweet-granadilla,sweet granadilla,Passiflora ligularis,Passifloraceae,plant,
heartsease,heartsease,Viola tricolor,Violaceae,plant,
sweet-violet,sweet violet (flowers),Viola odorata,Violaceae,plant,
keluak,keluak,Pangium edule,Achariaceae,plant,
mamey-apple,mamey apple,Mammea americana,Calophyllaceae,plant,
bacuri,bacuri,Platonia insignis,Clusiaceae,plant,
achachairu,achachairú,Garcinia humilis,Clusiaceae,plant,
mangosteen,mangosteen,Garcinia mangostana,Clusiaceae,plant,
asam-gelugor,asam gelugor,Garcinia atroviridis,Clusiaceae,plant,
kokum,kokum,Garcinia indica,Clusiaceae,plant,
malabar-tamarind,Malabar tamarind (kodampuli),Garcinia gummi-gutta,Clusiaceae,plant,kodampuli
cowa,cowa,Garcinia cowa,Clusiaceae,plant,
button-mangosteen,button mangosteen,Garcinia prainiana,Clusiaceae,plant,
african-mangosteen,African mangosteen,Garcinia livingstonei,Clusiaceae,plant,
madrono,madroño,Garcinia madruno,Clusiaceae,plant,
bitter-kola,bitter kola,Garcinia kola,Clusiaceae,plant,
gamboge,gamboge (false mangosteen),Garcinia xanthochymus,Clusiaceae,plant,false mangosteen
st-johns-wort,St John's wort (tea),Hypericum perforatum,Hypericaceae,plant,
acerola,acerola,Malpighia emarginata,Malpighiaceae,plant,
peanut-butter-fruit,peanut butter fruit,Bunchosia armeniaca,Malpighiaceae,plant,
nance,nance,Byrsonima crassifolia,Malpighiaceae,plant,
masuku,masuku (wild loquat),Uapaca kirkiana,Phyllanthaceae,plant,wild loquat
bignay,bignay,Antidesma bunius,Phyllanthaceae,plant,
belimbing-hutan,belimbing hutan,Baccaurea angulata,Phyllanthaceae,plant,
rambai,rambai,Baccaurea motleyana,Phyllanthaceae,plant,
burmese-grape,Burmese grape,Baccaurea ramiflora,Phyllanthaceae,plant,
katuk,katuk (sweet leaf),Sauropus androgynus,Phyllanthaceae,plant,
amla,amla,Phyllanthus emblica,Phyllanthaceae,plant,
otaheite-gooseberry,Otaheite gooseberry,Phyllanthus acidus,Phyllanthaceae,plant,
coca,coca (leaf),Erythroxylum coca,Erythroxylaceae,plant,
panda-nut,panda nut,Panda oleosa,Pandaceae,plant,
bitter-bush-mango,bitter bush mango,Irvingia wombolu,Irvingiaceae,plant,
bush-mango,bush mango (dika nut),Irvingia gabonensis,Irvingiaceae,plant,dika nut
cocoplum,cocoplum,Chrysobalanus icaco,Chrysobalanaceae,plant,
sansapote,sansapote,Licania platypus,Chrysobalanaceae,plant,
gingerbread-plum,gingerbread plum,Neocarya macrophylla,Chrysobalanaceae,plant,
mobola-plum,mobola plum,Parinari curatellifolia,Chrysobalanaceae,plant,
souari-nut,souari nut,Caryocar nuciferum,Caryocaraceae,plant,
pequi,pequi,Caryocar brasiliense,Caryocaraceae,plant,
piquia,piquiá,Caryocar villosum,Caryocaraceae,plant,
flax,flax (linseed),Linum usitatissimum,Linaceae,plant,linseed
njangsa,njangsa,Ricinodendron heudelotii,Euphorbiaceae,plant,
candlenut,candlenut,Aleurites moluccanus,Euphorbiaceae,plant,
chaya,chaya,Cnidoscolus aconitifolius,Euphorbiaceae,plant,
cassava,cassava,Manihot esculenta,Euphorbiaceae,plant,cassava;tapioca;yuca;manioc
african-walnut,African walnut (conophor),Tetracarpidium conophorum,Euphorbiaceae,plant,conophor
sacha-inchi,sacha inchi,Plukenetia volubilis,Euphorbiaceae,plant,
uxi,uxi,Endopleura uchi,Humiriaceae,plant,
field-horsetail,field horsetail (tsukushi),Equisetum arvense,Equisetaceae,plant,tsukushi
giant-fern,giant fern (starch),Angiopteris evecta,Marattiaceae,plant,
cinnamon-fern,cinnamon fern,Osmundastrum cinnamomeum,Osmundaceae,plant,
zenmai,zenmai,Osmunda japonica,Osmundaceae,plant,
nardoo,nardoo,Marsilea drummondii,Marsileaceae,plant,
vegetable-fern,vegetable fern (paco),Diplazium esculentum,Athyriaceae,plant,paco
ostrich-fern,ostrich fern (fiddlehead),Matteuccia struthiopteris,Onocleaceae,plant,fiddlehead;fiddlehead fern;ostrich fern
midin,midin,Stenochlaena palustris,Blechnaceae,plant,
bracken,bracken (warabi),Pteridium aquilinum,Dennstaedtiaceae,plant,warabi
water-sprite,water sprite,Ceratopteris thalictroides,Pteridaceae,plant,
kawanori,kawanori,Prasiola japonica,Prasiolaceae,green,
chlorella,chlorella (pyrenoidosa),Auxenochlorella pyrenoidosa,Chlorellaceae,green,pyrenoidosa
chlorella-2,chlorella,Chlorella vulgaris,Chlorellaceae,green,chlorella
dunaliella,dunaliella,Dunaliella salina,Dunaliellaceae,green,
haematococcus,haematococcus (astaxanthin),Haematococcus lacustris,Haematococcaceae,green,astaxanthin
velvet-horn,velvet horn,Codium tomentosum,Codiaceae,green,
miru-fingers,miru / dead man's fingers,Codium fragile,Codiaceae,green,dead man's fingers
lato,lato,Caulerpa racemosa,Caulerpaceae,green,
sea-grapes,sea grapes / umibudo,Caulerpa lentillifera,Caulerpaceae,green,umibudo;sea grapes
monostroma,monostroma,Monostroma latissimum,Monostromataceae,green,
hitoegusa,hitoegusa,Monostroma nitidum,Monostromataceae,green,
linza,linza,Ulva linza,Ulvaceae,green,
rigid-sea-lettuce,rigid sea lettuce,Ulva rigida,Ulvaceae,green,
gutweed,gutweed,Ulva intestinalis,Ulvaceae,green,
aosa,aosa,Ulva pertusa,Ulvaceae,green,
aonori,aonori,Ulva prolifera,Ulvaceae,green,
sea-lettuce,sea lettuce,Ulva lactuca,Ulvaceae,green,sea lettuce;aonori;aosa;ulva;ao-nori
landladys-wig,landlady's wig,Ahnfeltia plicata,Ahnfeltiaceae,red,
harpoon-weed,harpoon weed,Asparagopsis armata,Bonnemaisoniaceae,red,
limu-kohu,limu kohu,Asparagopsis taxiformis,Bonnemaisoniaceae,red,
hirakusa,hirakusa,Pterocladiella capillacea,Pterocladiaceae,red,
agar-weed,agar weed,Gelidium corneum,Gelidiaceae,red,
tengusa,tengusa (agar),Gelidium amansii,Gelidiaceae,red,agar
halymenia,halymenia,Halymenia durvillei,Halymeniaceae,red,
sarcodia,sarcodia,Sarcodia ceylanica,Sarcodiaceae,red,
funori,funori,Gloiopeltis furcata,Endocladiaceae,red,
devils-tongue-weed,devil's tongue weed,Grateloupia turuturu,Halymeniaceae,red,
dumonts-tubular-weed,dumont's tubular weed,Dumontia contorta,Dumontiaceae,red,
gelatinous-betaphycus,gelatinous betaphycus,Betaphycus gelatinus,Solieriaceae,red,
solieria,solieria,Solieria robusta,Solieriaceae,red,
catenella,catenella,Catenella nipae,Caulacanthaceae,red,
hooked-red-weed,hooked red weed,Hypnea musciformis,Cystocloniaceae,red,
tosakanori,tosakanori,Meristotheca papulosa,Solieriaceae,red,
carola,carola,Callophyllis variegata,Kallymeniaceae,red,
spinosum,spinosum,Eucheuma denticulatum,Solieriaceae,red,
cottonii,cottonii (carrageenan),Kappaphycus alvarezii,Solieriaceae,red,carrageenan
chicorea-de-mar,chicorea de mar,Chondracanthus chamissoi,Gigartinaceae,red,
luga-negra,luga negra,Gigartina skottsbergii,Gigartinaceae,red,
false-irish-moss,false Irish moss,Mastocarpus stellatus,Phyllophoraceae,red,
irish-moss,Irish moss,Chondrus crispus,Gigartinaceae,red,Irish moss;carrageenan
longxucai,longxucai,Gracilariopsis lemaneiformis,Gracilariaceae,red,
gracilaria,gracilaria,Gracilaria verrucosa,Gracilariaceae,red,
ceylon-moss,ceylon moss,Gracilaria edulis,Gracilariaceae,red,
ogo,ogo,Gracilaria gracilis,Gracilariaceae,red,
limu-lipeepee,limu lipeepee,Acanthophora spicifera,Rhodomelaceae,red,
truffle-seaweed,truffle seaweed,Vertebrata lanosa,Rhodomelaceae,red,
pepper-dulse,pepper dulse,Osmundea pinnatifida,Rhodomelaceae,red,
sea-noodle,sea noodle / umisomen,Nemalion helminthoides,Liagoraceae,red,umisomen
red-ribbon,red ribbon,Devaleraea mollis,Palmariaceae,red,
pacific-dulse,Pacific dulse,Palmaria mollis,Palmariaceae,red,
dulse,dulse,Palmaria palmata,Palmariaceae,red,dulse
bangia,bangia,Bangia fuscopurpurea,Bangiaceae,red,
laver,laver (Atlantic),Porphyra dioica,Bangiaceae,red,
purple-laver,purple laver,Porphyra purpurea,Bangiaceae,red,
laver-2,laver,Porphyra umbilicalis,Bangiaceae,red,laver;laverbread
tan-zicai,tan zicai,Pyropia haitanensis,Bangiaceae,red,
asakusa-nori,asakusa nori,Pyropia tenera,Bangiaceae,red,
nori,nori,Pyropia yezoensis,Bangiaceae,red,nori;seaweed;sushi seaweed;gim;kim
matsumo,matsumo,Analipus japonicus,Ralfsiaceae,brown,
sea-lace,sea lace,Chorda filum,Chordaceae,brown,
huiro-negro,huiro negro,Lessonia nigrescens,Lessoniaceae,brown,
sea-palm,sea palm,Postelsia palmaeformis,Laminariaceae,brown,
bull-kelp,bull kelp,Nereocystis luetkeana,Laminariaceae,brown,
giant-kelp,giant kelp,Macrocystis pyrifera,Laminariaceae,brown,
arame,arame,Eisenia bicyclis,Lessoniaceae,brown,
common-kelp,common kelp (Australia),Ecklonia radiata,Lessoniaceae,brown,Australia
kajime,kajime,Ecklonia cava,Lessoniaceae,brown,
ribbon-kelp,ribbon kelp,Alaria marginata,Alariaceae,brown,
winged-kelp,winged kelp / dabberlocks,Alaria esculenta,Alariaceae,brown,dabberlocks;winged kelp
wakame,wakame,Undaria pinnatifida,Alariaceae,brown,wakame
golden-kelp,golden kelp,Laminaria ochroleuca,Laminariaceae,brown,
tangle-kelp,tangle kelp,Laminaria hyperborea,Laminariaceae,brown,
oarweed,oarweed,Laminaria digitata,Laminariaceae,brown,
sugar-kelp,sugar kelp,Saccharina latissima,Laminariaceae,brown,
kombu,kombu,Saccharina japonica,Laminariaceae,brown,kombu;kelp;dashi;kelp noodles;laminaria
seiyo-habanori,seiyo-habanori,Petalonia binghamiae,Scytosiphonaceae,brown,
ito-mozuku,ito-mozuku,Nemacystus decipiens,Chordariaceae,brown,
mozuku,mozuku,Cladosiphon okamuranus,Chordariaceae,brown,
sea-spaghetti,sea spaghetti,Himanthalia elongata,Himanthaliaceae,brown,
spiral-wrack,spiral wrack,Fucus spiralis,Fucaceae,brown,
serrated-wrack,serrated wrack,Fucus serratus,Fucaceae,brown,
bladderwrack,bladderwrack,Fucus vesiculosus,Fucaceae,brown,bladderwrack
rockweed-wrack,rockweed / knotted wrack,Ascophyllum nodosum,Fucaceae,brown,knotted wrack;rockweed
wireweed,wireweed,Sargassum muticum,Sargassaceae,brown,
akamoku,akamoku,Sargassum horneri,Sargassaceae,brown,
hijiki,hijiki,Sargassum fusiforme,Sargassaceae,brown,hijiki
cochayuyo,cochayuyo,Durvillaea antarctica,Durvillaeaceae,brown,
euglena,euglena (midorimushi),Euglena gracilis,Euglenaceae,other,midorimushi
amphioxus,amphioxus (lancelet),Branchiostoma belcheri,Branchiostomatidae,animal,lancelet
eurasian-collared-dove,Eurasian collared dove,Streptopelia decaocto,Columbidae,animal,
rock-pigeon,rock pigeon / squab,Columba livia,Columbidae,animal,squab;pigeon
wood-pigeon,wood pigeon,Columba palumbus,Columbidae,animal,
white-winged-dove,white-winged dove,Zenaida asiatica,Columbidae,animal,
mourning-dove,mourning dove,Zenaida macroura,Columbidae,animal,
edible-nest-swiftlet,edible-nest swiftlet (bird's nest),Aerodramus fuciphagus,Apodidae,animal,bird's nest
ortolan-bunting,ortolan bunting (historical),Emberiza hortulana,Emberizidae,animal,
eurasian-tree-sparrow,Eurasian tree sparrow,Passer montanus,Passeridae,animal,
common-moorhen,common moorhen,Gallinula chloropus,Rallidae,animal,
eurasian-coot,Eurasian coot,Fulica atra,Rallidae,animal,
atlantic-puffin,Atlantic puffin,Fratercula arctica,Alcidae,animal,
thick-billed-murre,thick-billed murre,Uria lomvia,Alcidae,animal,
common-guillemot,common guillemot,Uria aalge,Alcidae,animal,
black-headed-gull,black-headed gull (eggs),Chroicocephalus ridibundus,Laridae,animal,
common-snipe,common snipe,Gallinago gallinago,Scolopacidae,animal,
american-woodcock,American woodcock,Scolopax minor,Scolopacidae,animal,
eurasian-woodcock,Eurasian woodcock,Scolopax rusticola,Scolopacidae,animal,
northern-fulmar,northern fulmar,Fulmarus glacialis,Procellariidae,animal,
short-tailed-shearwater,short-tailed shearwater (yolla),Ardenna tenuirostris,Procellariidae,animal,yolla
sooty-shearwater,sooty shearwater (muttonbird),Ardenna grisea,Procellariidae,animal,muttonbird
white-faced-whistling-duck,white-faced whistling duck,Dendrocygna viduata,Anatidae,animal,
canada-goose,Canada goose,Branta canadensis,Anatidae,animal,
greater-white-fronted-goose,greater white-fronted goose,Anser albifrons,Anatidae,animal,
swan-goose,swan goose (Chinese goose),Anser cygnoides,Anatidae,animal,Chinese goose
greylag-goose,greylag / domestic goose,Anser anser,Anatidae,animal,domestic goose;goose
northern-shoveler,northern shoveler,Spatula clypeata,Anatidae,animal,
eurasian-wigeon,Eurasian wigeon,Mareca penelope,Anatidae,animal,
gadwall,gadwall,Mareca strepera,Anatidae,animal,
eurasian-teal,Eurasian teal,Anas crecca,Anatidae,animal,
northern-pintail,northern pintail,Anas acuta,Anatidae,animal,
mallard-duck,mallard / domestic duck,Anas platyrhynchos,Anatidae,animal,domestic duck;duck;duck egg;foie gras
canvasback,canvasback,Aythya valisineria,Anatidae,animal,
common-eider,common eider,Somateria mollissima,Anatidae,animal,
wood-duck,wood duck,Aix sponsa,Anatidae,animal,
muscovy-duck,Muscovy duck,Cairina moschata,Anatidae,animal,
spur-winged-goose,spur-winged goose,Plectropterus gambensis,Anatidae,animal,
helmeted-guineafowl,helmeted guineafowl,Numida meleagris,Numididae,animal,guinea fowl
chicken,chicken,Gallus gallus,Phasianidae,animal,chicken;egg;eggs;hen;poultry
grey-francolin,grey francolin,Francolinus pondicerianus,Phasianidae,animal,
indian-peafowl,Indian peafowl (farmed),Pavo cristatus,Phasianidae,animal,
grey-partridge,grey partridge,Perdix perdix,Phasianidae,animal,
common-pheasant,common pheasant,Phasianus colchicus,Phasianidae,animal,pheasant
turkey,turkey,Meleagris gallopavo,Phasianidae,animal,turkey
hazel-grouse,hazel grouse,Tetrastes bonasia,Phasianidae,animal,
ruffed-grouse,ruffed grouse,Bonasa umbellus,Phasianidae,animal,
willow-ptarmigan,willow ptarmigan / red grouse,Lagopus lagopus,Phasianidae,animal,red grouse
rock-ptarmigan,rock ptarmigan,Lagopus muta,Phasianidae,animal,
western-capercaillie,western capercaillie,Tetrao urogallus,Phasianidae,animal,
black-grouse,black grouse,Lyrurus tetrix,Phasianidae,animal,
dusky-grouse,dusky grouse,Dendragapus obscurus,Phasianidae,animal,
greater-prairie-chicken,greater prairie chicken,Tympanuchus cupido,Phasianidae,animal,
japanese-quail,Japanese quail,Coturnix japonica,Phasianidae,animal,
common-quail,common quail,Coturnix coturnix,Phasianidae,animal,quail;quail egg
cape-spurfowl,Cape spurfowl,Pternistis capensis,Phasianidae,animal,
red-legged-partridge,red-legged partridge,Alectoris rufa,Phasianidae,animal,
chukar,chukar,Alectoris chukar,Phasianidae,animal,
northern-bobwhite,northern bobwhite,Colinus virginianus,Odontophoridae,animal,
california-quail,California quail,Callipepla californica,Odontophoridae,animal,
dusky-legged-guan,dusky-legged guan,Penelope obscura,Cracidae,animal,
bare-faced-curassow,bare-faced curassow,Crax fasciolata,Cracidae,animal,
plain-chachalaca,plain chachalaca,Ortalis vetula,Cracidae,animal,
dusky-megapode,dusky megapode (eggs),Megapodius freycinet,Megapodiidae,animal,
australian-brushturkey,Australian brushturkey (eggs),Alectura lathami,Megapodiidae,animal,
greater-rhea,greater rhea,Rhea americana,Rheidae,animal,
emu,emu,Dromaius novaehollandiae,Dromaiidae,animal,
ostrich,ostrich,Struthio camelus,Struthionidae,animal,ostrich;emu
great-tinamou,great tinamou,Tinamus major,Tinamidae,animal,
elegant-crested-tinamou,elegant crested tinamou,Eudromia elegans,Tinamidae,animal,
spotted-nothura,spotted nothura,Nothura maculosa,Tinamidae,animal,
red-winged-tinamou,red-winged tinamou,Rhynchotus rufescens,Tinamidae,animal,
yacare-caiman,yacare caiman,Caiman yacare,Alligatoridae,animal,
siamese-crocodile,Siamese crocodile (farmed),Crocodylus siamensis,Crocodylidae,animal,
saltwater-crocodile,saltwater crocodile,Crocodylus porosus,Crocodylidae,animal,
nile-crocodile,Nile crocodile,Crocodylus niloticus,Crocodylidae,animal,
american-alligator,American alligator,Alligator mississippiensis,Alligatoridae,animal,alligator;crocodile
diamondback-terrapin,diamondback terrapin,Malaclemys terrapin,Emydidae,animal,
pond-slider,pond slider,Trachemys scripta,Emydidae,animal,
asiatic-softshell,Asiatic softshell,Amyda cartilaginea,Trionychidae,animal,
florida-softshell,Florida softshell,Apalone ferox,Trionychidae,animal,
spiny-softshell,spiny softshell,Apalone spinifera,Trionychidae,animal,
chinese-softshell-turtle,Chinese softshell turtle,Pelodiscus sinensis,Trionychidae,animal,
snapping-turtle,snapping turtle,Chelydra serpentina,Chelydridae,animal,snapping turtle;turtle
black-and-white-tegu,black-and-white tegu,Salvator merianae,Teiidae,animal,
reticulated-python,reticulated python,Malayopython reticulatus,Pythonidae,animal,
burmese-python,Burmese python,Python bivittatus,Pythonidae,animal,
western-diamondback-rattlesnake,western diamondback rattlesnake,Crotalus atrox,Viperidae,animal,
many-banded-krait,many-banded krait (snake soup),Bungarus multicinctus,Elapidae,animal,snake soup
chinese-cobra,Chinese cobra (snake soup),Naja atra,Elapidae,animal,snake soup
oriental-ratsnake,oriental ratsnake,Ptyas mucosa,Colubridae,animal,
nile-monitor,Nile monitor,Varanus niloticus,Varanidae,animal,
asian-water-monitor,Asian water monitor,Varanus salvator,Varanidae,animal,
black-spiny-tailed-iguana,black spiny-tailed iguana (garrobo),Ctenosaura similis,Iguanidae,animal,garrobo
mexican-spiny-tailed-iguana,Mexican spiny-tailed iguana,Ctenosaura pectinata,Iguanidae,animal,
green-iguana,green iguana,Iguana iguana,Iguanidae,animal,
red-necked-wallaby,red-necked wallaby,Notamacropus rufogriseus,Macropodidae,animal,
red-kangaroo,red kangaroo,Osphranter rufus,Macropodidae,animal,
swamp-wallaby,swamp wallaby,Wallabia bicolor,Macropodidae,animal,
eastern-grey-kangaroo,eastern grey kangaroo,Macropus giganteus,Macropodidae,animal,
western-grey-kangaroo,western grey kangaroo,Macropus fuliginosus,Macropodidae,animal,
common-brushtail-possum,common brushtail possum,Trichosurus vulpecula,Phalangeridae,animal,
common-wombat,common wombat,Vombatus ursinus,Vombatidae,animal,
northern-brown-bandicoot,northern brown bandicoot,Isoodon macrourus,Peramelidae,animal,
common-opossum,common opossum,Didelphis marsupialis,Didelphidae,animal,
virginia-opossum,Virginia opossum,Didelphis virginiana,Didelphidae,animal,
aardvark,aardvark,Orycteropus afer,Orycteropodidae,animal,
rock-hyrax,rock hyrax,Procavia capensis,Procaviidae,animal,
dugong,dugong,Dugong dugon,Dugongidae,animal,
nine-banded-armadillo,nine-banded armadillo,Dasypus novemcinctus,Dasypodidae,animal,
european-rabbit,European rabbit,Oryctolagus cuniculus,Leporidae,animal,rabbit
eastern-cottontail,eastern cottontail,Sylvilagus floridanus,Leporidae,animal,
snowshoe-hare,snowshoe hare,Lepus americanus,Leporidae,animal,
mountain-hare,mountain hare,Lepus timidus,Leporidae,animal,
european-hare,European hare,Lepus europaeus,Leporidae,animal,hare
black-tailed-jackrabbit,black-tailed jackrabbit,Lepus californicus,Leporidae,animal,
american-beaver,American beaver,Castor canadensis,Castoridae,animal,
eurasian-beaver,Eurasian beaver,Castor fiber,Castoridae,animal,
gambian-pouched-rat,Gambian pouched rat,Cricetomys gambianus,Nesomyidae,animal,
muskrat,muskrat,Ondatra zibethicus,Cricetidae,animal,
lesser-bandicoot-rat,lesser bandicoot rat,Bandicota bengalensis,Muridae,animal,
ricefield-rat,ricefield rat,Rattus argentiventer,Muridae,animal,
nutria,nutria (coypu),Myocastor coypus,Echimyidae,animal,coypu
plains-viscacha,plains viscacha,Lagostomus maximus,Chinchillidae,animal,
pacarana,pacarana,Dinomys branickii,Dinomyidae,animal,
north-american-porcupine,North American porcupine,Erethizon dorsatum,Erethizontidae,animal,
guinea-pig,guinea pig (cuy),Cavia porcellus,Caviidae,animal,cuy;guinea pig
capybara,capybara,Hydrochoerus hydrochaeris,Caviidae,animal,
central-american-agouti,Central American agouti,Dasyprocta punctata,Dasyproctidae,animal,
red-rumped-agouti,red-rumped agouti,Dasyprocta leporina,Dasyproctidae,animal,
lowland-paca,lowland paca,Cuniculus paca,Cuniculidae,animal,
greater-cane-rat,greater cane rat (grasscutter),Thryonomys swinderianus,Thryonomyidae,animal,grasscutter
african-brush-tailed-porcupine,African brush-tailed porcupine,Atherurus africanus,Hystricidae,animal,
crested-porcupine,crested porcupine,Hystrix cristata,Hystricidae,animal,
eastern-grey-squirrel,eastern grey squirrel,Sciurus carolinensis,Sciuridae,animal,
fox-squirrel,fox squirrel,Sciurus niger,Sciuridae,animal,
mongolian-marmot,Mongolian marmot (tarbagan),Marmota sibirica,Sciuridae,animal,tarbagan
groundhog,groundhog,Marmota monax,Sciuridae,animal,
edible-dormouse,edible dormouse,Glis glis,Gliridae,animal,
large-flying-fox,large flying fox,Pteropus vampyrus,Pteropodidae,animal,
mariana-fruit-bat,Mariana fruit bat,Pteropus mariannus,Pteropodidae,animal,
straw-coloured-fruit-bat,straw-coloured fruit bat,Eidolon helvum,Pteropodidae,animal,
european-badger,European badger,Meles meles,Mustelidae,animal,
raccoon,raccoon,Procyon lotor,Procyonidae,animal,
harp-seal,harp seal,Pagophilus groenlandicus,Phocidae,animal,
harbour-seal,harbour seal,Phoca vitulina,Phocidae,animal,
ringed-seal,ringed seal,Pusa hispida,Phocidae,animal,
bearded-seal,bearded seal,Erignathus barbatus,Phocidae,animal,
walrus,walrus,Odobenus rosmarus,Odobenidae,animal,
northern-fur-seal,northern fur seal,Callorhinus ursinus,Otariidae,animal,
brown-bear,brown bear,Ursus arctos,Ursidae,animal,
polar-bear,polar bear,Ursus maritimus,Ursidae,animal,
american-black-bear,American black bear,Ursus americanus,Ursidae,animal,
dog,dog (familiaris),Canis lupus,Canidae,animal,familiaris
raccoon-dog,raccoon dog,Nyctereutes procyonoides,Canidae,animal,
common-eland,common eland,Taurotragus oryx,Bovidae,animal,
gemsbok,gemsbok,Oryx gazella,Bovidae,animal,
hartebeest,hartebeest,Alcelaphus buselaphus,Bovidae,animal,
blesbok,blesbok,Damaliscus pygargus,Bovidae,animal,
blue-wildebeest,blue wildebeest,Connochaetes taurinus,Bovidae,animal,
chamois,chamois,Rupicapra rupicapra,Bovidae,animal,
mountain-goat,mountain goat,Oreamnos americanus,Bovidae,animal,
goat,goat,Capra hircus,Bovidae,animal,goat;chevre;goat cheese;goat milk
alpine-ibex,Alpine ibex,Capra ibex,Bovidae,animal,
sheep,sheep,Ovis aries,Bovidae,animal,sheep;lamb;mutton;feta;pecorino;sheep milk
bighorn-sheep,bighorn sheep,Ovis canadensis,Bovidae,animal,
common-duiker,common duiker,Sylvicapra grimmia,Bovidae,animal,
blue-duiker,blue duiker,Philantomba monticola,Bovidae,animal,
springbok,springbok,Antidorcas marsupialis,Bovidae,animal,
blackbuck,blackbuck,Antilope cervicapra,Bovidae,animal,
steenbok,steenbok,Raphicerus campestris,Bovidae,animal,
waterbuck,waterbuck,Kobus ellipsiprymnus,Bovidae,animal,
impala,impala,Aepyceros melampus,Bovidae,animal,
nilgai,nilgai,Boselaphus tragocamelus,Bovidae,animal,
greater-kudu,greater kudu,Tragelaphus strepsiceros,Bovidae,animal,
bushbuck,bushbuck,Tragelaphus scriptus,Bovidae,animal,
water-buffalo,water buffalo,Bubalus bubalis,Bovidae,animal,water buffalo;buffalo mozzarella
african-buffalo,African buffalo,Syncerus caffer,Bovidae,animal,
american-bison,American bison,Bison bison,Bovidae,animal,bison;buffalo
domestic-yak,domestic yak,Bos grunniens,Bovidae,animal,
european-bison,European bison (wisent),Bison bonasus,Bovidae,animal,wisent
gayal,gayal (mithun),Bos frontalis,Bovidae,animal,mithun
banteng-cattle,banteng / Bali cattle,Bos javanicus,Bovidae,animal,Bali cattle
zebu,zebu,Bos indicus,Bovidae,animal,
cattle,cattle,Bos taurus,Bovidae,animal,cattle;beef;milk;cheese;butter;cream;yogurt;ghee;steak;veal;whey;parmesan;cheddar;mozzarella;burger;hamburger;cheeseburger;ground beef
moose,moose,Alces alces,Cervidae,animal,
roe-deer,roe deer,Capreolus capreolus,Cervidae,animal,
water-deer,water deer,Hydropotes inermis,Cervidae,animal,
mule-deer,mule deer,Odocoileus hemionus,Cervidae,animal,
white-tailed-deer,white-tailed deer,Odocoileus virginianus,Cervidae,animal,deer
reindeer,reindeer / caribou,Rangifer tarandus,Cervidae,animal,caribou
chital,chital,Axis axis,Cervidae,animal,
sambar,sambar,Rusa unicolor,Cervidae,animal,
javan-rusa,Javan rusa,Rusa timorensis,Cervidae,animal,
elk,elk (wapiti),Cervus canadensis,Cervidae,animal,wapiti
sika-deer,sika deer,Cervus nippon,Cervidae,animal,
red-deer,red deer,Cervus elaphus,Cervidae,animal,red deer;elk
fallow-deer,fallow deer,Dama dama,Cervidae,animal,
reevess-muntjac,Reeves's muntjac,Muntiacus reevesi,Cervidae,animal,
pronghorn,pronghorn,Antilocapra americana,Antilocapridae,animal,
giraffe,giraffe,Giraffa camelopardalis,Giraffidae,animal,
long-finned-pilot-whale,long-finned pilot whale,Globicephala melas,Delphinidae,animal,
dalls-porpoise,Dall's porpoise,Phocoenoides dalli,Phocoenidae,animal,
beluga,beluga,Delphinapterus leucas,Monodontidae,animal,
narwhal,narwhal,Monodon monoceros,Monodontidae,animal,
common-minke-whale,common minke whale,Balaenoptera acutorostrata,Balaenopteridae,animal,
bowhead-whale,bowhead whale,Balaena mysticetus,Balaenidae,animal,
fin-whale,fin whale,Balaenoptera physalus,Balaenopteridae,animal,
antarctic-minke-whale,Antarctic minke whale,Balaenoptera bonaerensis,Balaenopteridae,animal,
hippopotamus,hippopotamus,Hippopotamus amphibius,Hippopotamidae,animal,
babirusa,babirusa,Babyrousa celebensis,Suidae,animal,
common-warthog,common warthog,Phacochoerus africanus,Suidae,animal,
bearded-pig,bearded pig,Sus barbatus,Suidae,animal,
pig-boar,pig / wild boar,Sus scrofa,Suidae,animal,wild boar;pig;pork;bacon;ham;lard;prosciutto;sausage;pancetta;gelatin
celebes-warty-pig,Celebes warty pig,Sus celebensis,Suidae,animal,
bushpig,bushpig,Potamochoerus larvatus,Suidae,animal,
red-river-hog,red river hog,Potamochoerus porcus,Suidae,animal,
collared-peccary,collared peccary,Pecari tajacu,Tayassuidae,animal,
white-lipped-peccary,white-lipped peccary,Tayassu pecari,Tayassuidae,animal,
bactrian-camel,Bactrian camel,Camelus bactrianus,Camelidae,animal,
dromedary,dromedary,Camelus dromedarius,Camelidae,animal,camel
llama,llama,Lama glama,Camelidae,animal,
guanaco,guanaco,Lama guanicoe,Camelidae,animal,
alpaca,alpaca,Vicugna pacos,Camelidae,animal,
south-american-tapir,South American tapir,Tapirus terrestris,Tapiridae,animal,
donkey,donkey,Equus asinus,Equidae,animal,
horse,horse,Equus caballus,Equidae,animal,horse
plains-zebra,plains zebra,Equus quagga,Equidae,animal,
short-beaked-echidna,short-beaked echidna,Tachyglossus aculeatus,Tachyglossidae,animal,
smoky-jungle-frog,smoky jungle frog,Leptodactylus pentadactylus,Leptodactylidae,animal,
african-bullfrog,African bullfrog,Pyxicephalus adspersus,Pyxicephalidae,animal,
northern-leopard-frog,northern leopard frog,Lithobates pipiens,Ranidae,animal,
american-bullfrog,American bullfrog,Lithobates catesbeianus,Ranidae,animal,
edible-frog,edible frog,Pelophylax kl. esculentus,Ranidae,animal,
marsh-frog,marsh frog,Pelophylax ridibundus,Ranidae,animal,
indian-bullfrog,Indian bullfrog,Hoplobatrachus tigerinus,Dicroglossidae,animal,
chinese-edible-frog,Chinese edible frog,Hoplobatrachus rugulosus,Dicroglossidae,animal,
rice-field-frog,rice-field frog,Fejervarya limnocharis,Dicroglossidae,animal,
giant-spiny-frog,giant spiny frog,Quasipaa spinosa,Dicroglossidae,animal,
stone-creek-frog,stone creek frog,Limnonectes macrodon,Dicroglossidae,animal,
west-african-lungfish,West African lungfish,Protopterus annectens,Protopteridae,animal,
bichir,bichir,Polypterus senegalus,Polypteridae,animal,
paddlefish,paddlefish,Polyodon spathula,Polyodontidae,animal,
atlantic-sturgeon,Atlantic sturgeon,Acipenser oxyrinchus,Acipenseridae,animal,
white-sturgeon,white sturgeon,Acipenser transmontanus,Acipenseridae,animal,
beluga-sturgeon,beluga sturgeon,Huso huso,Acipenseridae,animal,
stellate-sturgeon,stellate sturgeon (sevruga),Acipenser stellatus,Acipenseridae,animal,sevruga
russian-sturgeon,Russian sturgeon (osetra),Acipenser gueldenstaedtii,Acipenseridae,animal,osetra
siberian-sturgeon,Siberian sturgeon,Acipenser baerii,Acipenseridae,animal,
bowfin,bowfin,Amia calva,Amiidae,animal,
alligator-gar,alligator gar,Atractosteus spatula,Lepisosteidae,animal,
longnose-gar,longnose gar,Lepisosteus osseus,Lepisosteidae,animal,
tarpon,tarpon,Megalops atlanticus,Megalopidae,animal,
ladyfish,ladyfish,Elops saurus,Elopidae,animal,
bonefish,bonefish,Albula vulpes,Albulidae,animal,
shortfin-eel,shortfin eel,Anguilla australis,Anguillidae,animal,
japanese-eel,Japanese eel (unagi),Anguilla japonica,Anguillidae,animal,unagi
european-eel,European eel,Anguilla anguilla,Anguillidae,animal,
american-eel,American eel,Anguilla rostrata,Anguillidae,animal,
giant-moray,giant moray,Gymnothorax javanicus,Muraenidae,animal,
european-conger,European conger,Conger conger,Congridae,animal,
whitespotted-conger,whitespotted conger (anago),Conger myriaster,Congridae,animal,anago
daggertooth-pike-conger,daggertooth pike conger (hamo),Muraenesox cinereus,Muraenesocidae,animal,hamo
goldeye,goldeye,Hiodon alosoides,Hiodontidae,animal,
african-bonytongue,African bonytongue,Heterotis niloticus,Arapaimidae,animal,
arapaima,arapaima (pirarucu),Arapaima gigas,Arapaimidae,animal,pirarucu
bronze-featherback,bronze featherback,Notopterus notopterus,Notopteridae,animal,
clown-featherback,clown featherback,Chitala ornata,Notopteridae,animal,
aba,aba,Gymnarchus niloticus,Gymnarchidae,animal,
cornish-jack,cornish jack,Mormyrops anguilloides,Mormyridae,animal,
indian-anchovy,Indian anchovy,Stolephorus indicus,Engraulidae,animal,
japanese-grenadier-anchovy,Japanese grenadier anchovy,Coilia nasus,Engraulidae,animal,
peruvian-anchoveta,Peruvian anchoveta,Engraulis ringens,Engraulidae,animal,
northern-anchovy,northern anchovy,Engraulis mordax,Engraulidae,animal,
european-anchovy,European anchovy,Engraulis encrasicolus,Engraulidae,animal,
japanese-anchovy,Japanese anchovy,Engraulis japonicus,Engraulidae,animal,
sprat,sprat,Sprattus sprattus,Clupeidae,animal,
atlantic-herring,Atlantic herring,Clupea harengus,Clupeidae,animal,herring
pacific-herring,Pacific herring,Clupea pallasii,Clupeidae,animal,
european-pilchard,European pilchard (sardine),Sardina pilchardus,Clupeidae,animal,sardine;sardines;pilchard
pacific-sardine,Pacific sardine,Sardinops sagax,Clupeidae,animal,
atlantic-menhaden,Atlantic menhaden,Brevoortia tyrannus,Alosidae,animal,
alewife,alewife,Alosa pseudoharengus,Alosidae,animal,
american-shad,American shad,Alosa sapidissima,Alosidae,animal,
allis-shad,allis shad,Alosa alosa,Alosidae,animal,
hilsa,hilsa,Tenualosa ilisha,Dorosomatidae,animal,
dotted-gizzard-shad,dotted gizzard shad (kohada),Konosirus punctatus,Dorosomatidae,animal,kohada
bonga-shad,bonga shad,Ethmalosa fimbriata,Dorosomatidae,animal,
indian-oil-sardine,Indian oil sardine,Sardinella longiceps,Dorosomatidae,animal,
round-sardinella,round sardinella,Sardinella aurita,Dorosomatidae,animal,
milkfish,milkfish,Chanos chanos,Chanidae,animal,
moon-fish,moon fish,Citharinus citharus,Citharinidae,animal,
grass-eater,grass-eater,Distichodus rostratus,Distichodontidae,animal,
tigerfish,tigerfish,Hydrocynus vittatus,Alestidae,animal,
tambaqui,tambaqui,Colossoma macropomum,Serrasalmidae,animal,
pirapitinga,pirapitinga,Piaractus brachypomus,Serrasalmidae,animal,
pacu,pacu,Piaractus mesopotamicus,Serrasalmidae,animal,
red-bellied-piranha,red-bellied piranha,Pygocentrus nattereri,Serrasalmidae,animal,
piapara,piapara,Leporinus obtusidens,Anostomidae,animal,
sabalo,sábalo (curimba),Prochilodus lineatus,Prochilodontidae,animal,curimba
curimata,curimatã,Prochilodus nigricans,Prochilodontidae,animal,
trahira,trahira,Hoplias malabaricus,Erythrinidae,animal,
dorado,dorado,Salminus brasiliensis,Bryconidae,animal,
matrinxa,matrinxã,Brycon amazonicus,Bryconidae,animal,
amazon-sailfin-catfish,Amazon sailfin catfish,Pterygoplichthys pardalis,Loricariidae,animal,
walking-catfish,walking catfish,Clarias batrachus,Clariidae,animal,
broadhead-catfish,broadhead catfish,Clarias macrocephalus,Clariidae,animal,
vundu,vundu,Heterobranchus longifilis,Clariidae,animal,
african-sharptooth-catfish,African sharptooth catfish,Clarias gariepinus,Clariidae,animal,
wels-catfish,wels catfish,Silurus glanis,Siluridae,animal,
amur-catfish,Amur catfish,Silurus asotus,Siluridae,animal,
wallago,wallago,Wallago attu,Siluridae,animal,
asian-redtail-catfish,Asian redtail catfish,Hemibagrus nemurus,Bagridae,animal,
bayad,bayad,Bagrus bajad,Bagridae,animal,
goonch,goonch,Bagarius yarrelli,Sisoridae,animal,
eel-tailed-catfish,eel-tailed catfish,Tandanus tandanus,Plotosidae,animal,
mekong-giant-catfish,Mekong giant catfish,Pangasianodon gigas,Pangasiidae,animal,
striped-catfish,striped catfish (basa/swai),Pangasianodon hypophthalmus,Pangasiidae,animal,swai);basa/swai
basa,basa,Pangasius bocourti,Pangasiidae,animal,
brown-bullhead,brown bullhead,Ameiurus nebulosus,Ictaluridae,animal,
blue-catfish,blue catfish,Ictalurus furcatus,Ictaluridae,animal,
channel-catfish,channel catfish,Ictalurus punctatus,Ictaluridae,animal,catfish
flathead-catfish,flathead catfish,Pylodictis olivaris,Ictaluridae,animal,
white-sea-catfish,white sea catfish,Genidens barbus,Ariidae,animal,
gafftopsail-catfish,gafftopsail catfish,Bagre marinus,Ariidae,animal,
giant-sea-catfish,giant sea catfish,Netuma thalassina,Ariidae,animal,
south-american-catfish,South American catfish (jundiá),Rhamdia quelen,Heptapteridae,animal,jundiá
surubi,surubí,Pseudoplatystoma corruscans,Pimelodidae,animal,
barred-sorubim,barred sorubim,Pseudoplatystoma fasciatum,Pimelodidae,animal,
piraiba,piraíba,Brachyplatystoma filamentosum,Pimelodidae,animal,
dourada,dourada,Brachyplatystoma rousseauxii,Pimelodidae,animal,
redtail-catfish,redtail catfish,Phractocephalus hemioliopterus,Pimelodidae,animal,
bagrid-catfish,bagrid catfish (West Africa),Chrysichthys nigrodigitatus,Claroteidae,animal,West Africa
nile-squeaker,Nile squeaker,Synodontis schall,Mochokidae,animal,
electric-catfish,electric catfish,Malapterurus electricus,Malapteruridae,animal,
smallmouth-buffalo,smallmouth buffalo,Ictiobus bubalus,Catostomidae,animal,
white-sucker,white sucker,Catostomus commersonii,Catostomidae,animal,
pond-loach,pond loach (dojo),Misgurnus anguillicaudatus,Cobitidae,animal,dojo
catla,catla,Labeo catla,Cyprinidae,animal,
rohu,rohu,Labeo rohita,Cyprinidae,animal,
mrigal,mrigal,Cirrhinus cirrhosus,Cyprinidae,animal,
mud-carp,mud carp,Cirrhinus molitorella,Cyprinidae,animal,
common-carp,common carp,Cyprinus carpio,Cyprinidae,animal,carp
crucian-carp,crucian carp,Carassius carassius,Cyprinidae,animal,
prussian-carp,Prussian carp,Carassius gibelio,Cyprinidae,animal,
silver-barb,silver barb,Barbonymus gonionotus,Cyprinidae,animal,
golden-mahseer,golden mahseer,Tor putitora,Cyprinidae,animal,
malaysian-mahseer,Malaysian mahseer (empurau),Tor tambroides,Cyprinidae,animal,empurau
barbel,barbel,Barbus barbus,Cyprinidae,animal,
yellowcheek,yellowcheek,Elopichthys bambusa,Xenocyprididae,animal,
grass-carp,grass carp,Ctenopharyngodon idella,Xenocyprididae,animal,
black-carp,black carp,Mylopharyngodon piceus,Xenocyprididae,animal,
silver-carp,silver carp,Hypophthalmichthys molitrix,Xenocyprididae,animal,
bighead-carp,bighead carp,Hypophthalmichthys nobilis,Xenocyprididae,animal,
wuchang-bream,Wuchang bream,Megalobrama amblycephala,Xenocyprididae,animal,
tench,tench,Tinca tinca,Tincidae,animal,
ide,ide,Leuciscus idus,Leuciscidae,animal,
chub,chub,Squalius cephalus,Leuciscidae,animal,
common-bream,common bream,Abramis brama,Leuciscidae,animal,
roach,roach,Rutilus rutilus,Leuciscidae,animal,
muskellunge,muskellunge,Esox masquinongy,Esocidae,animal,
northern-pike,northern pike,Esox lucius,Esocidae,animal,
inconnu,inconnu (sheefish),Stenodus leucichthys,Salmonidae,animal,sheefish
cisco,cisco,Coregonus artedi,Salmonidae,animal,
vendace,vendace,Coregonus albula,Salmonidae,animal,
lake-whitefish,lake whitefish,Coregonus clupeaformis,Salmonidae,animal,
european-whitefish,European whitefish,Coregonus lavaretus,Salmonidae,animal,
grayling,grayling,Thymallus thymallus,Salmonidae,animal,
arctic-grayling,Arctic grayling,Thymallus arcticus,Salmonidae,animal,
taimen,taimen,Hucho taimen,Salmonidae,animal,
huchen,huchen,Hucho hucho,Salmonidae,animal,
white-spotted-char,white-spotted char (iwana),Salvelinus leucomaenis,Salmonidae,animal,iwana
brook-trout,brook trout,Salvelinus fontinalis,Salmonidae,animal,
lake-trout,lake trout,Salvelinus namaycush,Salmonidae,animal,
dolly-varden,Dolly Varden,Salvelinus malma,Salmonidae,animal,
arctic-char,Arctic char,Salvelinus alpinus,Salmonidae,animal,
atlantic-salmon,Atlantic salmon,Salmo salar,Salmonidae,animal,Atlantic salmon;salmon;lox;gravlax;smoked salmon
brown-trout,brown / sea trout,Salmo trutta,Salmonidae,animal,sea trout
masu-salmon,masu salmon,Oncorhynchus masou,Salmonidae,animal,
sockeye-salmon,sockeye salmon,Oncorhynchus nerka,Salmonidae,animal,Pacific salmon;sockeye;coho;king salmon;chinook
chum-salmon,chum salmon,Oncorhynchus keta,Salmonidae,animal,
pink-salmon,pink salmon,Oncorhynchus gorbuscha,Salmonidae,animal,
chinook-salmon,chinook salmon,Oncorhynchus tshawytscha,Salmonidae,animal,
coho-salmon,coho salmon,Oncorhynchus kisutch,Salmonidae,animal,
cutthroat-trout,cutthroat trout,Oncorhynchus clarkii,Salmonidae,animal,
rainbow-trout,rainbow trout / steelhead,Oncorhynchus mykiss,Salmonidae,animal,steelhead;rainbow trout;trout
wakasagi,wakasagi,Hypomesus nipponensis,Osmeridae,animal,
capelin,capelin,Mallotus villosus,Osmeridae,animal,
rainbow-smelt,rainbow smelt,Osmerus mordax,Osmeridae,animal,
european-smelt,European smelt,Osmerus eperlanus,Osmeridae,animal,
eulachon,eulachon,Thaleichthys pacificus,Osmeridae,animal,
ayu,ayu,Plecoglossus altivelis,Plecoglossidae,animal,
japanese-icefish,Japanese icefish (shirauo),Salangichthys microdon,Salangidae,animal,shirauo
taihu-icefish,Taihu icefish,Neosalanx taihuensis,Salangidae,animal,
inanga,inanga (whitebait),Galaxias maculatus,Galaxiidae,animal,whitebait
bombay-duck,Bombay duck,Harpadon nehereus,Synodontidae,animal,
brushtooth-lizardfish,brushtooth lizardfish,Saurida undosquamis,Synodontidae,animal,
john-dory,John Dory,Zeus faber,Zeidae,animal,
deep-water-cape-hake,deep-water Cape hake,Merluccius paradoxus,Merlucciidae,animal,
shallow-water-cape-hake,shallow-water Cape hake,Merluccius capensis,Merlucciidae,animal,
european-hake,European hake,Merluccius merluccius,Merlucciidae,animal,
silver-hake,silver hake,Merluccius bilinearis,Merlucciidae,animal,
southern-hake,southern hake,Merluccius australis,Merlucciidae,animal,
argentine-hake,Argentine hake,Merluccius hubbsi,Merlucciidae,animal,
pacific-hake,Pacific hake,Merluccius productus,Merlucciidae,animal,
white-hake,white hake,Urophycis tenuis,Phycidae,animal,
red-hake,red hake,Urophycis chuss,Phycidae,animal,
cusk,cusk (tusk),Brosme brosme,Lotidae,animal,tusk
ling,ling,Molva molva,Lotidae,animal,
blue-ling,blue ling,Molva dypterygia,Lotidae,animal,
burbot,burbot,Lota lota,Lotidae,animal,
blue-whiting,blue whiting,Micromesistius poutassou,Gadidae,animal,
pouting,pouting,Trisopterus luscus,Gadidae,animal,
saffron-cod,saffron cod,Eleginus gracilis,Gadidae,animal,
pollack,pollack,Pollachius pollachius,Gadidae,animal,
saithe,saithe (coley),Pollachius virens,Gadidae,animal,coley
haddock,haddock,Melanogrammus aeglefinus,Gadidae,animal,haddock
whiting,whiting,Merlangius merlangus,Gadidae,animal,
polar-cod,polar cod,Boreogadus saida,Gadidae,animal,
alaska-pollock,Alaska pollock,Gadus chalcogrammus,Gadidae,animal,pollock;surimi;fish sticks
atlantic-cod,Atlantic cod,Gadus morhua,Gadidae,animal,cod;bacalao;salt cod
pacific-cod,Pacific cod,Gadus macrocephalus,Gadidae,animal,
hoki,hoki,Macruronus novaezelandiae,Merlucciidae,animal,
patagonian-grenadier,Patagonian grenadier,Macruronus magellanicus,Merlucciidae,animal,
roundnose-grenadier,roundnose grenadier,Coryphaenoides rupestris,Macrouridae,animal,
opah,opah,Lampris guttatus,Lampridae,animal,
bigscale-soldierfish,bigscale soldierfish (menpachi),Myripristis berndti,Holocentridae,animal,menpachi
orange-roughy,orange roughy,Hoplostethus atlanticus,Trachichthyidae,animal,
alfonsino,alfonsino,Beryx decadactylus,Berycidae,animal,
splendid-alfonsino,splendid alfonsino,Beryx splendens,Berycidae,animal,
congrio-colorado,congrio colorado,Genypterus chilensis,Ophidiidae,animal,
kingklip,kingklip,Genypterus capensis,Ophidiidae,animal,
pink-ling,pink ling (kingklip),Genypterus blacodes,Ophidiidae,animal,kingklip
hogfish,hogfish,Lachnolaimus maximus,Labridae,animal,
blackspot-tuskfish,blackspot tuskfish,Choerodon schoenleinii,Labridae,animal,
spanish-hogfish,Spanish hogfish,Bodianus rufus,Labridae,animal,
california-sheephead,California sheephead,Semicossyphus pulcher,Labridae,animal,
stoplight-parrotfish,stoplight parrotfish,Sparisoma viride,Scaridae,animal,
blue-barred-parrotfish,blue-barred parrotfish,Scarus ghobban,Scaridae,animal,
tautog,tautog,Tautoga onitis,Labridae,animal,
ballan-wrasse,ballan wrasse,Labrus bergylta,Labridae,animal,
west-australian-dhufish,West Australian dhufish,Glaucosoma hebraicum,Glaucosomatidae,animal,
yellow-goosefish,yellow goosefish (ankou),Lophius litulon,Lophiidae,animal,ankou
blackbellied-angler,blackbellied angler,Lophius budegassa,Lophiidae,animal,
monkfish,monkfish,Lophius piscatorius,Lophiidae,animal,
american-angler,American angler,Lophius americanus,Lophiidae,animal,
queen-triggerfish,queen triggerfish,Balistes vetula,Balistidae,animal,
grey-triggerfish,grey triggerfish,Balistes capriscus,Balistidae,animal,
thread-sail-filefish,thread-sail filefish (kawahagi),Stephanolepis cirrhifer,Monacanthidae,animal,kawahagi
unicorn-leatherjacket,unicorn leatherjacket,Aluterus monoceros,Monacanthidae,animal,
black-scraper,black scraper (umazurahagi),Thamnaconus modestus,Monacanthidae,animal,umazurahagi
fine-patterned-puffer,fine-patterned puffer,Takifugu poecilonotus,Tetraodontidae,animal,
tiger-puffer,tiger puffer (torafugu),Takifugu rubripes,Tetraodontidae,animal,torafugu
spotted-scat,spotted scat,Scatophagus argus,Scatophagidae,animal,
atlantic-bigeye,Atlantic bigeye,Priacanthus arenatus,Priacanthidae,animal,
mottled-spinefoot,mottled spinefoot,Siganus fuscescens,Siganidae,animal,
white-spotted-rabbitfish,white-spotted rabbitfish,Siganus canaliculatus,Siganidae,animal,
marbled-spinefoot,marbled spinefoot,Siganus rivulatus,Siganidae,animal,
golden-rabbitfish,golden rabbitfish,Siganus guttatus,Siganidae,animal,
atlantic-spadefish,Atlantic spadefish,Chaetodipterus faber,Ephippidae,animal,
spotted-sicklefish,spotted sicklefish,Drepane punctata,Drepaneidae,animal,
bluespine-unicornfish,bluespine unicornfish (kala),Naso unicornis,Acanthuridae,animal,kala
convict-tang,convict tang (manini),Acanthurus triostegus,Acanthuridae,animal,manini
corvina,corvina (Chile),Cilus gilberti,Sciaenidae,animal,Chile
shi-drum,shi drum,Umbrina cirrosa,Sciaenidae,animal,
black-drum,black drum,Pogonias cromis,Sciaenidae,animal,
red-drum,red drum,Sciaenops ocellatus,Sciaenidae,animal,
atlantic-croaker,Atlantic croaker,Micropogonias undulatus,Sciaenidae,animal,
whitemouth-croaker,whitemouth croaker,Micropogonias furnieri,Sciaenidae,animal,
white-seabass,white seabass,Atractoscion nobilis,Sciaenidae,animal,
weakfish,weakfish,Cynoscion regalis,Sciaenidae,animal,
spotted-seatrout,spotted seatrout,Cynoscion nebulosus,Sciaenidae,animal,
corvina-2,corvina (Pacific),Cynoscion squamipinnis,Sciaenidae,animal,
cassava-croaker,cassava croaker,Pseudotolithus senegalensis,Sciaenidae,animal,
mulloway,mulloway (kob),Argyrosomus japonicus,Sciaenidae,animal,kob
meagre,meagre,Argyrosomus regius,Sciaenidae,animal,
brown-croaker,brown croaker,Miichthys miiuy,Sciaenidae,animal,
small-yellow-croaker,small yellow croaker,Larimichthys polyactis,Sciaenidae,animal,
large-yellow-croaker,large yellow croaker,Larimichthys crocea,Sciaenidae,animal,
silver-croaker,silver croaker,Pennahia argentata,Sciaenidae,animal,
tigertooth-croaker,tigertooth croaker,Otolithes ruber,Sciaenidae,animal,
golden-tilefish,golden tilefish,Lopholatilus chamaeleonticeps,Malacanthidae,animal,
horsehead-tilefish,horsehead tilefish (amadai),Branchiostegus japonicus,Malacanthidae,animal,amadai
humpnose-big-eye-bream,humpnose big-eye bream,Monotaxis grandoculis,Lethrinidae,animal,
trumpet-emperor,trumpet emperor,Lethrinus miniatus,Lethrinidae,animal,
longface-emperor,longface emperor,Lethrinus olivaceus,Lethrinidae,animal,
spangled-emperor,spangled emperor,Lethrinus nebulosus,Lethrinidae,animal,
whitecheek-monocle-bream,whitecheek monocle bream,Scolopsis vosmeri,Nemipteridae,animal,
japanese-threadfin-bream,Japanese threadfin bream,Nemipterus japonicus,Nemipteridae,animal,
golden-threadfin-bream,golden threadfin bream,Nemipterus virgatus,Nemipteridae,animal,
jolthead-porgy,jolthead porgy,Calamus bajonado,Sparidae,animal,
red-steenbras,red steenbras,Petrus rupestris,Sparidae,animal,
roman,roman,Chrysoblephus laticeps,Sparidae,animal,
king-soldier-bream,king soldier bream,Argyrops spinifer,Sparidae,animal,
australasian-snapper,Australasian snapper,Chrysophrys auratus,Sparidae,animal,
gilthead-sea-bream,gilthead sea bream,Sparus aurata,Sparidae,animal,
yellowback-sea-bream,yellowback sea bream,Evynnis tumifrons,Sparidae,animal,
red-sea-bream,red sea bream (madai),Pagrus major,Sparidae,animal,madai
red-porgy,red porgy,Pagrus pagrus,Sparidae,animal,
common-pandora,common pandora,Pagellus erythrinus,Sparidae,animal,
common-dentex,common dentex,Dentex dentex,Sparidae,animal,
pink-dentex,pink dentex,Dentex gibbosus,Sparidae,animal,
sheepshead,sheepshead,Archosargus probatocephalus,Sparidae,animal,
scup,scup,Stenotomus chrysops,Sparidae,animal,
black-sea-bream,black sea bream,Spondyliosoma cantharus,Sparidae,animal,
salema,salema,Sarpa salpa,Sparidae,animal,
bogue,bogue,Boops boops,Sparidae,animal,
blackspot-sea-bream,blackspot sea bream,Pagellus bogaraveo,Sparidae,animal,
axillary-sea-bream,axillary sea bream,Pagellus acarne,Sparidae,animal,
sand-steenbras,sand steenbras,Lithognathus mormyrus,Sparidae,animal,
goldlined-sea-bream,goldlined sea bream,Rhabdosargus sarba,Sparidae,animal,
picnic-sea-bream,picnic sea bream,Acanthopagrus berda,Sparidae,animal,
yellowfin-sea-bream,yellowfin sea bream,Acanthopagrus latus,Sparidae,animal,
blackhead-sea-bream,blackhead sea bream (kurodai),Acanthopagrus schlegelii,Sparidae,animal,kurodai
two-banded-sea-bream,two-banded sea bream,Diplodus vulgaris,Sparidae,animal,
annular-sea-bream,annular sea bream,Diplodus annularis,Sparidae,animal,
white-sea-bream,white sea bream,Diplodus sargus,Sparidae,animal,
tripletail,tripletail,Lobotes surinamensis,Lobotidae,animal,
common-ponyfish,common ponyfish,Leiognathus equulus,Leiognathidae,animal,
cape-bonnetmouth,Cape bonnetmouth (redbait),Emmelichthys nitidus,Emmelichthyidae,animal,redbait
green-jobfish,green jobfish (uku),Aprion virescens,Lutjanidae,animal,uku
ruby-snapper,ruby snapper (ehu),Etelis carbunculus,Lutjanidae,animal,ehu
deepwater-longtail-red-snapper,deepwater longtail red snapper (onaga),Etelis coruscans,Lutjanidae,animal,onaga
crimson-jobfish,crimson jobfish (opakapaka),Pristipomoides filamentosus,Lutjanidae,animal,opakapaka
redbelly-yellowtail-fusilier,redbelly yellowtail fusilier,Caesio cuning,Caesionidae,animal,
malabar-blood-snapper,Malabar blood snapper,Lutjanus malabaricus,Lutjanidae,animal,
grey-snapper,grey snapper,Lutjanus griseus,Lutjanidae,animal,
mangrove-red-snapper,mangrove red snapper,Lutjanus argentimaculatus,Lutjanidae,animal,
mutton-snapper,mutton snapper,Lutjanus analis,Lutjanidae,animal,
lane-snapper,lane snapper,Lutjanus synagris,Lutjanidae,animal,
yellowtail-snapper,yellowtail snapper,Ocyurus chrysurus,Lutjanidae,animal,
vermilion-snapper,vermilion snapper,Rhomboplites aurorubens,Lutjanidae,animal,
southern-red-snapper,southern red snapper,Lutjanus purpureus,Lutjanidae,animal,
northern-red-snapper,northern red snapper,Lutjanus campechanus,Lutjanidae,animal,
johns-snapper,John's snapper,Lutjanus johnii,Lutjanidae,animal,
bluestripe-snapper,bluestripe snapper (ta'ape),Lutjanus kasmira,Lutjanidae,animal,ta'ape
two-spot-red-snapper,two-spot red snapper,Lutjanus bohar,Lutjanidae,animal,
chicken-grunt,chicken grunt (isaki),Parapristipoma trilineatum,Haemulidae,animal,isaki
brown-sweetlips,brown sweetlips,Plectorhinchus gibbosus,Haemulidae,animal,
spotted-grunter,spotted grunter,Pomadasys commersonnii,Haemulidae,animal,
porkfish,porkfish,Anisotremus virginicus,Haemulidae,animal,
white-grunt,white grunt,Haemulon plumierii,Haemulidae,animal,
european-sea-bass,European sea bass (branzino),Dicentrarchus labrax,Moronidae,animal,branzino;sea bass;striped bass
white-bass,white bass,Morone chrysops,Moronidae,animal,
striped-bass,striped bass,Morone saxatilis,Moronidae,animal,
white-perch,white perch,Morone americana,Moronidae,animal,
king-george-whiting,King George whiting,Sillaginodes punctatus,Sillaginidae,animal,
silver-sillago,silver sillago,Sillago sihama,Sillaginidae,animal,
common-silver-biddy,common silver-biddy,Gerres oyena,Gerreidae,animal,
japanese-stargazer,Japanese stargazer,Uranoscopus japonicus,Uranoscopidae,animal,
lesser-sand-eel,lesser sand eel,Ammodytes marinus,Ammodytidae,animal,
pacific-sand-lance,Pacific sand lance (ikanago),Ammodytes personatus,Ammodytidae,animal,ikanago
wreckfish,wreckfish,Polyprion americanus,Polyprionidae,animal,
japanese-sea-bass,Japanese sea bass (suzuki),Lateolabrax japonicus,Lateolabracidae,animal,suzuki
pelagic-armourhead,pelagic armourhead,Pseudopentaceros wheeleri,Pentacerotidae,animal,
blackthroat-seaperch,blackthroat seaperch (nodoguro),Doederleinia berycoides,Acropomatidae,animal,nodoguro
barred-knifejaw,barred knifejaw (ishidai),Oplegnathus fasciatus,Oplegnathidae,animal,ishidai
bermuda-chub,Bermuda chub,Kyphosus sectatrix,Kyphosidae,animal,
silver-sweep,silver sweep,Scorpis lineolata,Kyphosidae,animal,
largescale-blackfish,largescale blackfish (mejina),Girella punctata,Kyphosidae,animal,mejina
hawaiian-flagtail,Hawaiian flagtail (aholehole),Kuhlia sandvicensis,Kuhliidae,animal,aholehole
jarbua-terapon,jarbua terapon,Terapon jarbua,Terapontidae,animal,
striped-trumpeter,striped trumpeter,Latris lineata,Latridae,animal,
tarakihi,tarakihi,Nemadactylus macropterus,Latridae,animal,
murray-cod,Murray cod,Maccullochella peelii,Percichthyidae,animal,
patagonian-perch,Patagonian perch,Percichthys trucha,Percichthyidae,animal,
golden-perch,golden perch,Macquaria ambigua,Percichthyidae,animal,
mandarin-fish,mandarin fish,Siniperca chuatsi,Sinipercidae,animal,
black-crappie,black crappie,Pomoxis nigromaculatus,Centrarchidae,animal,
largemouth-bass,largemouth bass,Micropterus salmoides,Centrarchidae,animal,
smallmouth-bass,smallmouth bass,Micropterus dolomieu,Centrarchidae,animal,
bluegill,bluegill,Lepomis macrochirus,Centrarchidae,animal,
greater-weever,greater weever,Trachinus draco,Trachinidae,animal,
european-perch,European perch,Perca fluviatilis,Percidae,animal,
yellow-perch,yellow perch,Perca flavescens,Percidae,animal,
sauger,sauger,Sander canadensis,Percidae,animal,
walleye,walleye,Sander vitreus,Percidae,animal,
zander,zander,Sander lucioperca,Percidae,animal,
patagonian-blenny,Patagonian blenny (róbalo),Eleginops maclovinus,Eleginopidae,animal,róbalo
antarctic-toothfish,Antarctic toothfish,Dissostichus mawsoni,Nototheniidae,animal,
patagonian-toothfish,Patagonian toothfish,Dissostichus eleginoides,Nototheniidae,animal,
marbled-rockcod,marbled rockcod,Notothenia rossii,Nototheniidae,animal,
mackerel-icefish,mackerel icefish,Champsocephalus gunnari,Channichthyidae,animal,
comber,comber,Serranus cabrilla,Serranidae,animal,
coral-trout,coral trout,Plectropomus leopardus,Serranidae,animal,
coral-hind,coral hind,Cephalopholis miniata,Serranidae,animal,
dusky-grouper,dusky grouper,Epinephelus marginatus,Serranidae,animal,
gag,gag,Mycteroperca microlepis,Serranidae,animal,
black-grouper,black grouper,Mycteroperca bonaci,Serranidae,animal,
warsaw-grouper,Warsaw grouper,Hyporthodus nigritus,Serranidae,animal,
white-grouper,white grouper,Epinephelus aeneus,Serranidae,animal,
brown-marbled-grouper,brown-marbled grouper,Epinephelus fuscoguttatus,Serranidae,animal,
orange-spotted-grouper,orange-spotted grouper,Epinephelus coioides,Serranidae,animal,
malabar-grouper,Malabar grouper,Epinephelus malabaricus,Serranidae,animal,
giant-grouper,giant grouper,Epinephelus lanceolatus,Serranidae,animal,
nassau-grouper,Nassau grouper,Epinephelus striatus,Serranidae,animal,
red-grouper,red grouper,Epinephelus morio,Serranidae,animal,
bartail-flathead,bartail flathead,Platycephalus indicus,Platycephalidae,animal,
black-scorpionfish,black scorpionfish,Scorpaena porcus,Scorpaenidae,animal,
red-scorpionfish,red scorpionfish (rascasse),Scorpaena scrofa,Scorpaenidae,animal,rascasse
red-lionfish,red lionfish,Pterois volitans,Scorpaenidae,animal,
shortspine-thornyhead,shortspine thornyhead,Sebastolobus alascanus,Sebastidae,animal,
blackbelly-rosefish,blackbelly rosefish,Helicolenus dactylopterus,Sebastidae,animal,
japanese-rockfish,Japanese rockfish (mebaru),Sebastes inermis,Sebastidae,animal,mebaru
korean-rockfish,Korean rockfish (jopi-bolrak),Sebastes schlegelii,Sebastidae,animal,jopi-bolrak
pacific-ocean-perch,Pacific ocean perch,Sebastes alutus,Sebastidae,animal,
beaked-redfish,beaked redfish,Sebastes mentella,Sebastidae,animal,
golden-redfish,golden redfish,Sebastes norvegicus,Sebastidae,animal,
yellowtail-rockfish,yellowtail rockfish,Sebastes flavidus,Sebastidae,animal,
black-rockfish,black rockfish,Sebastes melanops,Sebastidae,animal,
northern-searobin,northern searobin,Prionotus carolinus,Triglidae,animal,
tub-gurnard,tub gurnard,Chelidonichthys lucerna,Triglidae,animal,
grey-gurnard,grey gurnard,Eutrigla gurnardus,Triglidae,animal,
sablefish,sablefish,Anoplopoma fimbria,Anoplopomatidae,animal,
wolf-eel,wolf eel,Anarrhichthys ocellatus,Anarhichadidae,animal,
spotted-wolffish,spotted wolffish,Anarhichas minor,Anarhichadidae,animal,
atlantic-wolffish,Atlantic wolffish,Anarhichas lupus,Anarhichadidae,animal,
ocean-pout,ocean pout,Zoarces americanus,Zoarcidae,animal,
lingcod,lingcod,Ophiodon elongatus,Hexagrammidae,animal,
okhotsk-atka-mackerel,Okhotsk atka mackerel (hokke),Pleurogrammus azonus,Hexagrammidae,animal,hokke
fat-greenling,fat greenling (ainame),Hexagrammos otakii,Hexagrammidae,animal,ainame
lumpfish,lumpfish (roe),Cyclopterus lumpus,Cyclopteridae,animal,
cabezon,cabezon,Scorpaenichthys marmoratus,Cottidae,animal,
pejesapo,pejesapo,Sicyases sanguineus,Gobiesocidae,animal,
bluefish,bluefish,Pomatomus saltatrix,Pomatomidae,animal,
escolar,escolar,Lepidocybium flavobrunneum,Gempylidae,animal,
australian-salmon,Australian salmon (kahawai),Arripis trutta,Arripidae,animal,kahawai
australian-herring,Australian herring,Arripis georgianus,Arripidae,animal,
bluenose-warehou,bluenose warehou,Hyperoglyphe antarctica,Centrolophidae,animal,
silver-warehou,silver warehou,Seriolella punctata,Centrolophidae,animal,
blue-warehou,blue warehou,Seriolella brama,Centrolophidae,animal,
oilfish,oilfish,Ruvettus pretiosus,Gempylidae,animal,
gemfish,gemfish,Rexea solandri,Gempylidae,animal,
snoek,snoek,Thyrsites atun,Gempylidae,animal,
black-scabbardfish,black scabbardfish,Aphanopus carbo,Trichiuridae,animal,
silver-scabbardfish,silver scabbardfish,Lepidopus caudatus,Trichiuridae,animal,
largehead-hairtail,largehead hairtail,Trichiurus lepturus,Trichiuridae,animal,
atlantic-pomfret,Atlantic pomfret,Brama brama,Bramidae,animal,
butterfish,butterfish,Peprilus triacanthus,Stromateidae,animal,
silver-pomfret,silver pomfret,Pampus argenteus,Stromateidae,animal,
chinese-pomfret,Chinese pomfret,Pampus chinensis,Stromateidae,animal,
dogtooth-tuna,dogtooth tuna,Gymnosarda unicolor,Scombridae,animal,
wahoo,wahoo,Acanthocybium solandri,Scombridae,animal,
atlantic-bonito,Atlantic bonito,Sarda sarda,Scombridae,animal,
pacific-bonito,Pacific bonito,Sarda chiliensis,Scombridae,animal,
striped-bonito,striped bonito,Sarda orientalis,Scombridae,animal,
little-tunny,little tunny,Euthynnus alletteratus,Scombridae,animal,
kawakawa,kawakawa,Euthynnus affinis,Scombridae,animal,
skipjack,skipjack (katsuo),Katsuwonus pelamis,Scombridae,animal,katsuo;bonito flakes;katsuobushi
bullet-tuna,bullet tuna,Auxis rochei,Scombridae,animal,
frigate-tuna,frigate tuna,Auxis thazard,Scombridae,animal,
blackfin-tuna,blackfin tuna,Thunnus atlanticus,Scombridae,animal,
longtail-tuna,longtail tuna,Thunnus tonggol,Scombridae,animal,
bigeye-tuna,bigeye tuna,Thunnus obesus,Scombridae,animal,
yellowfin-tuna,yellowfin tuna,Thunnus albacares,Scombridae,animal,tuna;canned tuna;tuna steak;ahi
albacore,albacore,Thunnus alalunga,Scombridae,animal,
southern-bluefin-tuna,southern bluefin tuna,Thunnus maccoyii,Scombridae,animal,
atlantic-bluefin-tuna,Atlantic bluefin tuna,Thunnus thynnus,Scombridae,animal,bluefin
pacific-bluefin-tuna,Pacific bluefin tuna,Thunnus orientalis,Scombridae,animal,
indian-mackerel,Indian mackerel,Rastrelliger kanagurta,Scombridae,animal,
short-mackerel,short mackerel,Rastrelliger brachysoma,Scombridae,animal,
atlantic-mackerel,Atlantic mackerel,Scomber scombrus,Scombridae,animal,mackerel;saba
atlantic-chub-mackerel,Atlantic chub mackerel,Scomber colias,Scombridae,animal,
chub-mackerel,chub mackerel (saba),Scomber japonicus,Scombridae,animal,saba
blue-mackerel,blue mackerel,Scomber australasicus,Scombridae,animal,
king-mackerel,king mackerel,Scomberomorus cavalla,Scombridae,animal,
pacific-sierra,Pacific sierra,Scomberomorus sierra,Scombridae,animal,
cero,cero,Scomberomorus regalis,Scombridae,animal,
atlantic-spanish-mackerel,Atlantic Spanish mackerel,Scomberomorus maculatus,Scombridae,animal,
narrow-barred-spanish-mackerel,narrow-barred Spanish mackerel,Scomberomorus commerson,Scombridae,animal,
japanese-spanish-mackerel,Japanese Spanish mackerel (sawara),Scomberomorus niphonius,Scombridae,animal,sawara
indo-pacific-king-mackerel,Indo-Pacific king mackerel,Scomberomorus guttatus,Scombridae,animal,
goldband-goatfish,goldband goatfish,Upeneus moluccensis,Mullidae,animal,
striped-red-mullet,striped red mullet,Mullus surmuletus,Mullidae,animal,
red-mullet,red mullet,Mullus barbatus,Mullidae,animal,
manybar-goatfish,manybar goatfish (moano),Parupeneus multifasciatus,Mullidae,animal,moano
marble-goby,marble goby,Oxyeleotris marmorata,Butidae,animal,
yellowfin-goby,yellowfin goby (haze),Acanthogobius flavimanus,Gobiidae,animal,haze
great-blue-spotted-mudskipper,great blue-spotted mudskipper,Boleophthalmus pectinirostris,Oxudercidae,animal,
red-tailed-goby,red-tailed goby (fry: bichique),Sicyopterus lagocephalus,Oxudercidae,animal,fry: bichique
tank-goby,tank goby,Glossogobius giuris,Gobiidae,animal,
dusky-frillgoby,dusky frillgoby,Bathygobius fuscus,Gobiidae,animal,
asian-swamp-eel,Asian swamp eel,Monopterus albus,Synbranchidae,animal,
zig-zag-eel,zig-zag eel,Mastacembelus armatus,Mastacembelidae,animal,
malabar-leaffish,Malabar leaffish,Pristolepis marginata,Pristolepididae,animal,
african-snakehead,African snakehead,Parachanna obscura,Channidae,animal,
giant-snakehead,giant snakehead,Channa micropeltes,Channidae,animal,
northern-snakehead,northern snakehead,Channa argus,Channidae,animal,
blotched-snakehead,blotched snakehead,Channa maculata,Channidae,animal,
striped-snakehead,striped snakehead,Channa striata,Channidae,animal,
kissing-gourami,kissing gourami,Helostoma temminckii,Helostomatidae,animal,
climbing-perch,climbing perch,Anabas testudineus,Anabantidae,animal,
giant-gourami,giant gourami,Osphronemus goramy,Osphronemidae,animal,
snakeskin-gourami,snakeskin gourami,Trichopodus pectoralis,Osphronemidae,animal,
akame,akame,Lates japonicus,Latidae,animal,
barramundi,barramundi,Lates calcarifer,Latidae,animal,
nile-perch,Nile perch,Lates niloticus,Latidae,animal,
six-finger-threadfin,six-finger threadfin (moi),Polydactylus sexfilis,Polynemidae,animal,moi
fourfinger-threadfin,fourfinger threadfin,Eleutheronema tetradactylum,Polynemidae,animal,
moonfish,moonfish,Mene maculata,Menidae,animal,
swordfish,swordfish,Xiphias gladius,Xiphiidae,animal,swordfish
striped-marlin,striped marlin,Kajikia audax,Istiophoridae,animal,
white-marlin,white marlin,Kajikia albida,Istiophoridae,animal,
indo-pacific-sailfish,Indo-Pacific sailfish,Istiophorus platypterus,Istiophoridae,animal,
blue-marlin,blue marlin,Makaira nigricans,Istiophoridae,animal,
cobia,cobia,Rachycentron canadum,Rachycentridae,animal,
mahi-mahi,mahi-mahi,Coryphaena hippurus,Coryphaenidae,animal,mahi-mahi;dorado;dolphinfish
leerfish,leerfish,Lichia amia,Carangidae,animal,
pompano,pompano (Mediterranean),Trachinotus ovatus,Carangidae,animal,
florida-pompano,Florida pompano,Trachinotus carolinus,Carangidae,animal,
permit,permit,Trachinotus falcatus,Carangidae,animal,
snubnose-pompano,snubnose pompano,Trachinotus blochii,Carangidae,animal,
rainbow-runner,rainbow runner,Elagatis bipinnulata,Carangidae,animal,
greater-amberjack,greater amberjack,Seriola dumerili,Carangidae,animal,
almaco-jack,almaco jack (kampachi),Seriola rivoliana,Carangidae,animal,kampachi
yellowtail-kingfish,yellowtail kingfish,Seriola lalandi,Carangidae,animal,
japanese-amberjack,Japanese amberjack (buri/hamachi),Seriola quinqueradiata,Carangidae,animal,hamachi);buri/hamachi
white-trevally,white trevally,Pseudocaranx dentex,Carangidae,animal,
mackerel-scad,mackerel scad,Decapterus macarellus,Carangidae,animal,
bigeye-scad,bigeye scad (akule),Selar crumenophthalmus,Carangidae,animal,akule
japanese-jack-mackerel,Japanese jack mackerel (aji),Trachurus japonicus,Carangidae,animal,aji
mediterranean-horse-mackerel,Mediterranean horse mackerel,Trachurus mediterraneus,Carangidae,animal,
atlantic-horse-mackerel,Atlantic horse mackerel,Trachurus trachurus,Carangidae,animal,
chilean-jack-mackerel,Chilean jack mackerel,Trachurus murphyi,Carangidae,animal,
pacific-jack-mackerel,Pacific jack mackerel,Trachurus symmetricus,Carangidae,animal,
african-pompano,African pompano,Alectis ciliaris,Carangidae,animal,
torpedo-scad,torpedo scad,Megalaspis cordyla,Carangidae,animal,
crevalle-jack,crevalle jack,Caranx hippos,Carangidae,animal,
bluefin-trevally,bluefin trevally,Caranx melampygus,Carangidae,animal,
giant-trevally,giant trevally,Caranx ignobilis,Carangidae,animal,
blue-runner,blue runner,Caranx crysos,Carangidae,animal,
great-barracuda,great barracuda,Sphyraena barracuda,Sphyraenidae,animal,
pickhandle-barracuda,pickhandle barracuda,Sphyraena jello,Sphyraenidae,animal,
european-barracuda,European barracuda,Sphyraena sphyraena,Sphyraenidae,animal,
indian-spiny-turbot,Indian spiny turbot,Psettodes erumei,Psettodidae,animal,
new-zealand-turbot,New Zealand turbot,Colistium nudipinnis,Rhombosoleidae,animal,
sand-flounder,sand flounder (NZ),Rhombosolea plebeia,Rhombosoleidae,animal,
arrowtooth-flounder,arrowtooth flounder,Atheresthes stomias,Pleuronectidae,animal,
largetooth-flounder,largetooth flounder,Pseudorhombus arsius,Paralichthyidae,animal,
southern-flounder,southern flounder,Paralichthys lethostigma,Paralichthyidae,animal,
summer-flounder,summer flounder (fluke),Paralichthys dentatus,Paralichthyidae,animal,fluke
olive-flounder,olive flounder (hirame),Paralichthys olivaceus,Paralichthyidae,animal,hirame
california-halibut,California halibut,Paralichthys californicus,Paralichthyidae,animal,
spotted-halibut,spotted halibut (hoshigarei),Verasper variegatus,Pleuronectidae,animal,hoshigarei
pacific-halibut,Pacific halibut,Hippoglossus stenolepis,Pleuronectidae,animal,
atlantic-halibut,Atlantic halibut,Hippoglossus hippoglossus,Pleuronectidae,animal,halibut;flounder
petrale-sole,petrale sole,Eopsetta jordani,Pleuronectidae,animal,
greenland-halibut,Greenland halibut,Reinhardtius hippoglossoides,Pleuronectidae,animal,
rex-sole,rex sole,Glyptocephalus zachirus,Pleuronectidae,animal,
witch-flounder,witch flounder,Glyptocephalus cynoglossus,Pleuronectidae,animal,
lemon-sole,lemon sole,Microstomus kitt,Pleuronectidae,animal,
pacific-dover-sole,Pacific Dover sole,Microstomus pacificus,Pleuronectidae,animal,
american-plaice,American plaice,Hippoglossoides platessoides,Pleuronectidae,animal,
yellowfin-sole,yellowfin sole,Limanda aspera,Pleuronectidae,animal,
dab,dab,Limanda limanda,Pleuronectidae,animal,
winter-flounder,winter flounder,Pseudopleuronectes americanus,Pleuronectidae,animal,
english-sole,English sole,Parophrys vetulus,Pleuronectidae,animal,
rock-sole,rock sole,Lepidopsetta bilineata,Pleuronectidae,animal,
yellowtail-flounder,yellowtail flounder,Limanda ferruginea,Pleuronectidae,animal,
european-plaice,European plaice,Pleuronectes platessa,Pleuronectidae,animal,
stone-flounder,stone flounder,Kareius bicoloratus,Pleuronectidae,animal,
starry-flounder,starry flounder,Platichthys stellatus,Pleuronectidae,animal,
european-flounder,European flounder,Platichthys flesus,Pleuronectidae,animal,
brill,brill,Scophthalmus rhombus,Scophthalmidae,animal,
turbot,turbot,Scophthalmus maximus,Scophthalmidae,animal,
megrim,megrim,Lepidorhombus whiffiagonis,Scophthalmidae,animal,
tongue-sole,tongue sole,Cynoglossus semilaevis,Cynoglossidae,animal,
wedge-sole,wedge sole,Dicologlossa cuneata,Soleidae,animal,
sand-sole,sand sole,Pegusa lascaris,Soleidae,animal,
common-sole,common sole (Dover sole),Solea solea,Soleidae,animal,Dover sole;sole
senegalese-sole,Senegalese sole,Solea senegalensis,Soleidae,animal,
flathead-grey-mullet,flathead grey mullet (bottarga),Mugil cephalus,Mugilidae,animal,bottarga
white-mullet,white mullet,Mugil curema,Mugilidae,animal,
thicklip-grey-mullet,thicklip grey mullet,Chelon labrosus,Mugilidae,animal,
redlip-mullet,redlip mullet,Planiliza haematocheila,Mugilidae,animal,
speckled-pavon,speckled pavon,Cichla temensis,Cichlidae,animal,
butterfly-peacock-bass,butterfly peacock bass,Cichla ocellaris,Cichlidae,animal,
oscar,oscar,Astronotus ocellatus,Cichlidae,animal,
banded-jewelfish,banded jewelfish,Hemichromis fasciatus,Cichlidae,animal,
blackchin-tilapia,blackchin tilapia,Sarotherodon melanotheron,Cichlidae,animal,
mango-tilapia,mango tilapia,Sarotherodon galilaeus,Cichlidae,animal,
blue-tilapia,blue tilapia,Oreochromis aureus,Cichlidae,animal,
nile-tilapia,Nile tilapia,Oreochromis niloticus,Cichlidae,animal,tilapia
mozambique-tilapia,Mozambique tilapia,Oreochromis mossambicus,Cichlidae,animal,
three-spotted-tilapia,three-spotted tilapia,Oreochromis andersonii,Cichlidae,animal,
redbelly-tilapia,redbelly tilapia,Coptodon zillii,Cichlidae,animal,
redbreast-tilapia,redbreast tilapia,Coptodon rendalli,Cichlidae,animal,
giant-cichlid,giant cichlid,Boulengerochromis microlepis,Cichlidae,animal,
pejerrey,pejerrey,Odontesthes bonariensis,Atherinopsidae,animal,
atlantic-silverside,Atlantic silverside,Menidia menidia,Atherinopsidae,animal,
charal,charal,Chirostoma humboldtianum,Atherinopsidae,animal,
big-scale-sand-smelt,big-scale sand smelt,Atherina boyeri,Atherinidae,animal,
medaka,medaka (historically eaten),Oryzias latipes,Adrianichthyidae,animal,historically eaten
pacific-saury,Pacific saury (sanma),Cololabis saira,Scomberesocidae,animal,sanma
atlantic-saury,Atlantic saury,Scomberesox saurus,Scomberesocidae,animal,
garfish,garfish,Belone belone,Belonidae,animal,
ballyhoo,ballyhoo,Hemiramphus brasiliensis,Hemiramphidae,animal,
yellowwing-flyingfish,yellowwing flyingfish (tobiko),Cypselurus poecilopterus,Exocoetidae,animal,tobiko
japanese-flying-fish,Japanese flying fish (tobiuo),Cheilopogon agoo,Exocoetidae,animal,tobiuo
shortfin-mako,shortfin mako,Isurus oxyrinchus,Lamnidae,animal,
porbeagle,porbeagle,Lamna nasus,Lamnidae,animal,
blue-shark,blue shark,Prionace glauca,Carcharhinidae,animal,
dusky-smoothhound,dusky smoothhound,Mustelus canis,Triakidae,animal,
smoothhound,smoothhound,Mustelus mustelus,Triakidae,animal,
tope-shark,tope / school shark,Galeorhinus galeus,Triakidae,animal,school shark
small-spotted-catshark,small-spotted catshark,Scyliorhinus canicula,Scyliorhinidae,animal,
spiny-dogfish,spiny dogfish,Squalus acanthias,Squalidae,animal,dogfish;shark;rock salmon
whitespotted-whipray,whitespotted whipray,Maculabatis gerrardi,Dasyatidae,animal,
big-skate,big skate,Beringraja binoculata,Rajidae,animal,
thorny-skate,thorny skate,Amblyraja radiata,Rajidae,animal,
little-skate,little skate,Leucoraja erinacea,Rajidae,animal,
thornback-ray,thornback ray,Raja clavata,Rajidae,animal,
rabbitfish,rabbitfish (chimaera),Chimaera monstrosa,Chimaeridae,animal,chimaera
elephant-fish,elephant fish,Callorhinchus milii,Callorhinchidae,animal,
pacific-hagfish,Pacific hagfish,Eptatretus stoutii,Myxinidae,animal,
inshore-hagfish,inshore hagfish (kkomjangeo),Eptatretus burgeri,Myxinidae,animal,kkomjangeo
pouched-lamprey,pouched lamprey,Geotria australis,Geotriidae,animal,
pacific-lamprey,Pacific lamprey,Entosphenus tridentatus,Petromyzontidae,animal,
arctic-lamprey,Arctic lamprey,Lethenteron camtschaticum,Petromyzontidae,animal,
river-lamprey,river lamprey,Lampetra fluviatilis,Petromyzontidae,animal,
sea-lamprey,sea lamprey,Petromyzon marinus,Petromyzontidae,animal,lamprey
mideodeok,mideodeok,Styela clava,Styelidae,animal,
violet,violet (sea fig),Microcosmus sabatieri,Pyuridae,animal,sea fig
piure,piure,Pyura chilensis,Pyuridae,animal,
sea-peach,sea peach,Halocynthia aurantium,Pyuridae,animal,
sea-pineapple,sea pineapple,Halocynthia roretzi,Pyuridae,animal,sea pineapple;sea squirt;meongge
brown-sea-cucumber,brown sea cucumber,Isostichopus fuscus,Stichopodidae,animal,
orange-footed-sea-cucumber,orange-footed sea cucumber,Cucumaria frondosa,Cucumariidae,animal,
prickly-redfish,prickly redfish,Thelenota ananas,Stichopodidae,animal,
dragonfish-sea-cucumber,dragonfish sea cucumber,Stichopus horrens,Stichopodidae,animal,
sandfish,sandfish,Holothuria scabra,Holothuriidae,animal,
california-sea-cucumber,California sea cucumber,Apostichopus californicus,Stichopodidae,animal,
japanese-sea-cucumber,Japanese sea cucumber,Apostichopus japonicus,Stichopodidae,animal,sea cucumber
edible-sea-urchin,edible sea urchin,Echinus esculentus,Echinidae,animal,
collector-urchin,collector urchin,Tripneustes gratilla,Toxopneustidae,animal,
chilean-sea-urchin,Chilean sea urchin,Loxechinus albus,Parechinidae,animal,
purple-urchin,purple urchin (Mediterranean),Paracentrotus lividus,Parechinidae,animal,
murasaki-uni,murasaki uni,Heliocidaris crassispina,Echinometridae,animal,
northern-sea-urchin,northern sea urchin (kita-murasaki),Mesocentrotus nudus,Strongylocentrotidae,animal,kita-murasaki
red-sea-urchin,red sea urchin,Mesocentrotus franciscanus,Strongylocentrotidae,animal,
green-sea-urchin,green sea urchin,Strongylocentrotus droebachiensis,Strongylocentrotidae,animal,
purple-sea-urchin,purple sea urchin,Strongylocentrotus purpuratus,Strongylocentrotidae,animal,sea urchin;uni;sea urchin roe
lamp-shell,lamp shell (brachiopod),Lingula anatina,Lingulidae,animal,brachiopod
fuzzy-chiton,fuzzy chiton,Acanthopleura granulata,Chitonidae,animal,
chilean-chiton,Chilean chiton,Chiton magnificus,Chitonidae,animal,
double-ear-bobtail-squid,double-ear bobtail squid,Euprymna berryi,Sepiolidae,animal,
little-cuttle,little cuttle,Sepiola atlantica,Sepiolidae,animal,
japanese-spineless-cuttlefish,Japanese spineless cuttlefish,Sepiella japonica,Sepiidae,animal,
kisslip-cuttlefish,kisslip cuttlefish,Sepia lycidas,Sepiidae,animal,
pharaoh-cuttlefish,pharaoh cuttlefish,Sepia pharaonis,Sepiidae,animal,
golden-cuttlefish,golden cuttlefish,Sepia esculenta,Sepiidae,animal,
common-cuttlefish,common cuttlefish,Sepia officinalis,Sepiidae,animal,cuttlefish
firefly-squid,firefly squid (hotaru-ika),Watasenia scintillans,Enoploteuthidae,animal,hotaru-ika
new-zealand-arrow-squid,New Zealand arrow squid,Nototodarus sloanii,Ommastrephidae,animal,
neon-flying-squid,neon flying squid,Ommastrephes bartramii,Ommastrephidae,animal,
humboldt-squid,Humboldt squid,Dosidicus gigas,Ommastrephidae,animal,
northern-shortfin-squid,northern shortfin squid,Illex illecebrosus,Ommastrephidae,animal,
argentine-shortfin-squid,Argentine shortfin squid,Illex argentinus,Ommastrephidae,animal,
european-flying-squid,European flying squid,Todarodes sagittatus,Ommastrephidae,animal,
japanese-flying-squid,Japanese flying squid (surume-ika),Todarodes pacificus,Ommastrephidae,animal,surume-ika
caribbean-reef-squid,Caribbean reef squid,Sepioteuthis sepioidea,Loliginidae,animal,
bigfin-reef-squid,bigfin reef squid,Sepioteuthis lessoniana,Loliginidae,animal,
indian-squid,Indian squid,Uroteuthis duvaucelii,Loliginidae,animal,
swordtip-squid,swordtip squid,Uroteuthis edulis,Loliginidae,animal,
chokka-squid,chokka squid,Loligo reynaudii,Loliginidae,animal,
veined-squid,veined squid,Loligo forbesii,Loliginidae,animal,
european-squid,European squid,Loligo vulgaris,Loliginidae,animal,
california-market-squid,California market squid,Doryteuthis opalescens,Loliginidae,animal,
longfin-inshore-squid,longfin inshore squid,Doryteuthis pealeii,Loliginidae,animal,squid;calamari
iidako,iidako,Amphioctopus fangsiao,Octopodidae,animal,
musky-octopus,musky octopus,Eledone moschata,Eledonidae,animal,
curled-octopus,curled octopus,Eledone cirrhosa,Eledonidae,animal,
giant-pacific-octopus,giant Pacific octopus,Enteroctopus dofleini,Enteroctopodidae,animal,
long-arm-octopus,long-arm octopus (nakji),Octopus minor,Octopodidae,animal,nakji
day-octopus,day octopus (he'e),Octopus cyanea,Octopodidae,animal,he'e
mexican-four-eyed-octopus,Mexican four-eyed octopus,Octopus maya,Octopodidae,animal,
east-asian-common-octopus,East Asian common octopus,Octopus sinensis,Octopodidae,animal,
common-octopus,common octopus,Octopus vulgaris,Octopodidae,animal,octopus;pulpo;tako
japanese-limpet,Japanese limpet,Cellana grata,Nacellidae,animal,
common-limpet,common limpet,Patella vulgata,Patellidae,animal,
nerite,nerite,Nerita albicilla,Neritidae,animal,
wedge-sea-hare,wedge sea hare,Dolabella auricularia,Aplysiidae,animal,
giant-west-african-snail,giant West African snail,Archachatina marginata,Achatinidae,animal,
giant-african-snail,giant African snail,Lissachatina fulica,Achatinidae,animal,
milk-snail,milk snail,Otala lactea,Helicidae,animal,
turkish-snail,Turkish snail,Helix lucorum,Helicidae,animal,
roman-snail,Roman snail (escargot),Helix pomatia,Helicidae,animal,escargot;land snail;snail;snails
garden-snail,garden snail (petit-gris),Cornu aspersum,Helicidae,animal,petit-gris
red-rimmed-melania,red-rimmed melania,Melanoides tuberculata,Thiaridae,animal,
kawanina,kawanina,Semisulcospira libertina,Semisulcospiridae,animal,
river-snail,river snail,Viviparus viviparus,Viviparidae,animal,
chinese-mystery-snail,Chinese mystery snail,Cipangopaludina chinensis,Viviparidae,animal,
golden-apple-snail,golden apple snail,Pomacea canaliculata,Ampullariidae,animal,
apple-snail,apple snail,Pila globosa,Ampullariidae,animal,
queen-conch,queen conch,Aliger gigas,Strombidae,animal,queen conch
horn-snail,horn snail (mud creeper),Telescopium telescopium,Potamididae,animal,mud creeper
mangrove-periwinkle,mangrove periwinkle (West Africa),Tympanotonus fuscatus,Potamididae,animal,West Africa
periwinkle,periwinkle,Littorina littorea,Littorinidae,animal,periwinkle;winkle;winkles
dog-whelk,dog whelk,Nucella lapillus,Muricidae,animal,
loco,loco,Concholepas concholepas,Muricidae,animal,
purple-dye-murex,purple dye murex,Bolinus brandaris,Muricidae,animal,
banded-dye-murex,banded dye-murex,Hexaplex trunculus,Muricidae,animal,
veined-rapa-whelk,veined rapa whelk,Rapana venosa,Muricidae,animal,
japanese-babylon,Japanese babylon (bai),Babylonia japonica,Babyloniidae,animal,bai
spotted-babylon,spotted babylon,Babylonia areolata,Babyloniidae,animal,
channeled-whelk,channeled whelk,Busycotypus canaliculatus,Busyconidae,animal,
knobbed-whelk,knobbed whelk,Busycon carica,Busyconidae,animal,
common-whelk,common whelk,Buccinum undatum,Buccinidae,animal,whelk
lapa-negra,lapa negra (keyhole limpet),Fissurella latimarginata,Fissurellidae,animal,keyhole limpet
turbinate-monodont,turbinate monodont,Phorcus turbinatus,Trochidae,animal,
trochus,trochus (top shell),Tectus niloticus,Tegulidae,animal,top shell
coronate-moon-turban,coronate moon turban,Lunella coronata,Turbinidae,animal,
green-turban,green turban,Turbo marmoratus,Turbinidae,animal,
sazae,sazae (horned turban),Turbo cornutus,Turbinidae,animal,horned turban
small-abalone,small abalone,Haliotis diversicolor,Haliotidae,animal,
blacklip-abalone,blacklip abalone,Haliotis rubra,Haliotidae,animal,
greenlip-abalone,greenlip abalone,Haliotis laevigata,Haliotidae,animal,
ormer,ormer,Haliotis tuberculata,Haliotidae,animal,
paua,paua,Haliotis iris,Haliotidae,animal,
south-african-abalone,South African abalone (perlemoen),Haliotis midae,Haliotidae,animal,perlemoen
red-abalone,red abalone,Haliotis rufescens,Haliotidae,animal,
japanese-abalone,Japanese abalone (ezo awabi),Haliotis discus,Haliotidae,animal,ezo awabi
coquina-clam,coquina clam,Donax variabilis,Donacidae,animal,
wedge-clam,wedge clam (tellina),Donax trunculus,Donacidae,animal,tellina
small-giant-clam,small giant clam,Tridacna maxima,Cardiidae,animal,
giant-clam,giant clam,Tridacna gigas,Cardiidae,animal,
common-cockle,common cockle,Cerastoderma edule,Cardiidae,animal,cockle
pacific-razor-clam,Pacific razor clam,Siliqua patula,Pharidae,animal,
grooved-razor,grooved razor,Solen marginatus,Solenidae,animal,
razor-clam,razor clam (Europe),Ensis magnus,Pharidae,animal,Europe
atlantic-jackknife-clam,Atlantic jackknife clam,Ensis leei,Pharidae,animal,
geoduck,geoduck,Panopea generosa,Hiatellidae,animal,geoduck
tamilok,tamilok (shipworm),Bactronophorus thoracites,Teredinidae,animal,shipworm
giant-shipworm,giant shipworm,Kuphus polythalamius,Teredinidae,animal,
common-piddock,common piddock,Pholas dactylus,Pholadidae,animal,
fat-gaper,fat gaper (horse clam),Tresus capax,Mactridae,animal,horse clam
ocean-quahog,ocean quahog,Arctica islandica,Arcticidae,animal,
shijimi,shijimi,Corbicula japonica,Cyrenidae,animal,
asian-clam,Asian clam,Corbicula fluminea,Cyrenidae,animal,
rayed-artemis,rayed artemis,Dosinia exoleta,Veneridae,animal,
striped-venus,striped venus (vongola),Chamelea gallina,Veneridae,animal,vongola
smooth-venus,smooth venus,Callista chione,Veneridae,animal,
pacific-littleneck,Pacific littleneck,Leukoma staminea,Veneridae,animal,
butter-clam,butter clam,Saxidomus gigantea,Veneridae,animal,
undulating-venus,undulating venus (lala),Paphia undulata,Veneridae,animal,lala
lyrate-hard-clam,lyrate hard clam,Meretrix lyrata,Veneridae,animal,
hamaguri,hamaguri,Meretrix lusoria,Veneridae,animal,
pullet-carpet-shell,pullet carpet shell,Venerupis corrugata,Veneridae,animal,
grooved-carpet-shell,grooved carpet shell,Ruditapes decussatus,Veneridae,animal,
manila-clam,Manila clam,Ruditapes philippinarum,Veneridae,animal,
arctic-surf-clam,Arctic surf clam (hokkigai),Mactromeris polynyma,Mactridae,animal,hokkigai
atlantic-surf-clam,Atlantic surf clam,Spisula solidissima,Mactridae,animal,
soft-shell-clam,soft-shell clam,Mya arenaria,Myidae,animal,soft-shell clam;steamers
hard-clam,hard clam (quahog),Mercenaria mercenaria,Veneridae,animal,quahog;hard clam;clam;clams;littleneck;cherrystone;manila clam
queen-scallop,queen scallop,Aequipecten opercularis,Pectinidae,animal,
iceland-scallop,Iceland scallop,Chlamys islandica,Pectinidae,animal,
yesso-scallop,Yesso scallop (hotate),Mizuhopecten yessoensis,Pectinidae,animal,hotate
peruvian-scallop,Peruvian scallop,Argopecten purpuratus,Pectinidae,animal,
bay-scallop,bay scallop,Argopecten irradians,Pectinidae,animal,
mediterranean-scallop,Mediterranean scallop,Pecten jacobaeus,Pectinidae,animal,
king-scallop,king scallop,Pecten maximus,Pectinidae,animal,
sea-scallop,sea scallop,Placopecten magellanicus,Pectinidae,animal,
dog-cockle,dog cockle,Glycymeris glycymeris,Glycymerididae,animal,
black-lip-pearl-oyster,black-lip pearl oyster,Pinctada margaritifera,Margaritidae,animal,
pen-shell,pen shell (tairagi),Atrina pectinata,Pinnidae,animal,tairagi
akagai,akagai,Anadara broughtonii,Arcidae,animal,
blood-cockle,blood cockle,Tegillarca granosa,Arcidae,animal,
horse-mussel,horse mussel,Modiolus modiolus,Mytilidae,animal,
choro-zapato,choro zapato,Choromytilus chorus,Mytilidae,animal,
brown-mussel,brown mussel,Perna perna,Mytilidae,animal,
asian-green-mussel,Asian green mussel,Perna viridis,Mytilidae,animal,
green-lipped-mussel,green-lipped mussel,Perna canaliculus,Mytilidae,animal,
chilean-mussel,Chilean mussel,Mytilus chilensis,Mytilidae,animal,
mediterranean-mussel,Mediterranean mussel,Mytilus galloprovincialis,Mytilidae,animal,
blue-mussel,blue mussel,Mytilus edulis,Mytilidae,animal,mussel;mussels
sydney-rock-oyster,Sydney rock oyster,Saccostrea glomerata,Ostreidae,animal,
olympia-oyster,Olympia oyster,Ostrea lurida,Ostreidae,animal,
european-flat-oyster,European flat oyster,Ostrea edulis,Ostreidae,animal,
portuguese-oyster,Portuguese oyster,Magallana angulata,Ostreidae,animal,
pacific-oyster,Pacific oyster,Magallana gigas,Ostreidae,animal,
eastern-oyster,eastern oyster,Crassostrea virginica,Ostreidae,animal,oysters;oyster
palolo-worm,palolo worm,Palola viridis,Eunicidae,animal,
fat-innkeeper-worm,fat innkeeper worm (gaebul),Urechis unicinctus,Urechidae,animal,gaebul
peanut-worm,peanut worm,Sipunculus nudus,Sipunculidae,animal,
giant-centipede,giant centipede (skewered),Scolopendra subspinipes,Scolopendridae,animal,skewered
red-maguey-worm,red maguey worm (chinicuil),Comadia redtenbacheri,Cossidae,animal,chinicuil
witchetty-grub,witchetty grub,Endoxyla leucomochla,Cossidae,animal,
maguey-worm,maguey worm (white),Aegiale hesperiaris,Hesperiidae,animal,
shea-caterpillar,shea caterpillar (kanni),Cirina forda,Saturniidae,animal,kanni
mopane-worm,mopane worm,Gonimbrasia belina,Saturniidae,animal,
eri-silkworm,eri silkworm,Samia ricini,Saturniidae,animal,
tussah-silkmoth-pupa,tussah silkmoth pupa,Antheraea pernyi,Saturniidae,animal,
silkworm-pupa,silkworm pupa,Bombyx mori,Bombycidae,animal,silkworm pupa;beondegi
lake-fly,lake fly (kungu),Chaoborus edulis,Chaoboridae,animal,kungu
black-soldier-fly-larva,black soldier fly larva,Hermetia illucens,Stratiomyidae,animal,
chafer-grub,chafer grub (Chinese),Holotrichia parallela,Scarabaeidae,animal,
diving-beetle,diving beetle (long ga),Cybister tripunctatus,Dytiscidae,animal,long ga
rhinoceros-beetle-larva,rhinoceros beetle larva,Oryctes rhinoceros,Scarabaeidae,animal,
south-american-palm-weevil,South American palm weevil (chontacuro),Rhynchophorus palmarum,Curculionidae,animal,chontacuro
african-palm-weevil-larva,African palm weevil larva,Rhynchophorus phoenicis,Curculionidae,animal,
red-palm-weevil-larva,red palm weevil larva,Rhynchophorus ferrugineus,Curculionidae,animal,
lesser-mealworm,lesser mealworm (buffalo worm),Alphitobius diaperinus,Tenebrionidae,animal,buffalo worm
superworm,superworm,Zophobas morio,Tenebrionidae,animal,
mealworm,mealworm,Tenebrio molitor,Tenebrionidae,animal,mealworm
wasp-brood,wasp brood (Mexico),Polybia occidentalis,Vespidae,animal,Mexico
yellowjacket-larvae,yellowjacket larvae,Vespula flaviceps,Vespidae,animal,
giant-hornet-larvae,giant hornet larvae (hachinoko),Vespa mandarinia,Vespidae,animal,hachinoko
escamoles,escamoles,Liometopum apiculatum,Formicidae,animal,
weaver-ant-eggs,weaver ant eggs,Oecophylla smaragdina,Formicidae,animal,
hormigas-culonas,hormigas culonas (leafcutter ant),Atta laevigata,Formicidae,animal,leafcutter ant
sugarbag-bee,sugarbag bee (honey),Tetragonula carbonaria,Apidae,animal,
maya-stingless-bee,Maya stingless bee (honey),Melipona beecheii,Apidae,animal,
giant-honey-bee,giant honey bee (honey),Apis dorsata,Apidae,animal,
asian-honey-bee,Asian honey bee (honey),Apis cerana,Apidae,animal,
honey-bee,honey bee (honey),Apis mellifera,Apidae,animal,honey bee;honey;royal jelly;bee pollen
periodical-cicada,periodical cicada,Magicicada septendecim,Cicadidae,animal,
black-cicada,black cicada,Cryptotympana atrata,Cicadidae,animal,
jumil,jumil,Euschistus taxcoensis,Pentatomidae,animal,
edible-stink-bug,edible stink bug,Encosternum delegorguei,Tessaratomidae,animal,
ahuautle,ahuautle (water boatman eggs),Corisella texcocana,Corixidae,animal,water boatman eggs
giant-water-bug,giant water bug (maeng da),Lethocerus indicus,Belostomatidae,animal,maeng da
termite,termite (subhyalinus),Macrotermes subhyalinus,Termitidae,animal,subhyalinus
termite-2,termite (alate),Macrotermes bellicosus,Termitidae,animal,
nsenene,nsenene (bush cricket),Ruspolia differens,Tettigoniidae,animal,bush cricket
chapulin,chapulín,Sphenarium purpurascens,Pyrgomorphidae,animal,
desert-locust,desert locust,Schistocerca gregaria,Acrididae,animal,
migratory-locust,migratory locust,Locusta migratoria,Acrididae,animal,
giant-cricket,giant cricket,Brachytrupes membranaceus,Gryllidae,animal,
banded-cricket,banded cricket,Gryllodes sigillatus,Gryllidae,animal,
two-spotted-cricket,two-spotted cricket,Gryllus bimaculatus,Gryllidae,animal,
house-cricket,house cricket,Acheta domesticus,Gryllidae,animal,cricket;crickets;cricket flour
giant-mantis-shrimp,giant mantis shrimp,Harpiosquilla raphidea,Squillidae,animal,
spottail-mantis-shrimp,spottail mantis shrimp,Squilla mantis,Squillidae,animal,
japanese-mantis-shrimp,Japanese mantis shrimp (shako),Oratosquilla oratoria,Squillidae,animal,shako
japanese-mysid,Japanese mysid (ami),Neomysis intermedia,Mysidae,animal,ami
pacific-krill,Pacific krill (isada),Euphausia pacifica,Euphausiidae,animal,isada
antarctic-krill,Antarctic krill,Euphausia superba,Euphausiidae,animal,krill
spanner-crab,spanner crab,Ranina ranina,Raninidae,animal,
paddle-crab,paddle crab,Ovalipes catharus,Ovalipidae,animal,
red-deep-sea-crab,red deep-sea crab,Chaceon quinquedens,Geryonidae,animal,
tasmanian-giant-crab,Tasmanian giant crab,Pseudocarcinus gigas,Menippidae,animal,
horsehair-crab,horsehair crab (kegani),Erimacrus isenbeckii,Cheiragonidae,animal,kegani
mangrove-crab,mangrove crab (caranguejo-uçá),Ucides cordatus,Ucididae,animal,caranguejo-uçá
blue-land-crab,blue land crab,Cardisoma guanhumi,Gecarcinidae,animal,
florida-stone-crab,Florida stone crab,Menippe mercenaria,Menippidae,animal,
japanese-mitten-crab,Japanese mitten crab,Eriocheir japonica,Varunidae,animal,
chinese-mitten-crab,Chinese mitten crab,Eriocheir sinensis,Varunidae,animal,
atlantic-spider-crab,Atlantic spider crab,Maja brachydactyla,Majidae,animal,
mediterranean-spider-crab,Mediterranean spider crab,Maja squinado,Majidae,animal,
red-snow-crab,red snow crab (beni-zuwai),Chionoecetes japonicus,Oregoniidae,animal,beni-zuwai
tanner-crab,tanner crab,Chionoecetes bairdi,Oregoniidae,animal,
snow-crab,snow crab,Chionoecetes opilio,Oregoniidae,animal,
european-shore-crab,European shore crab,Carcinus maenas,Carcinidae,animal,
velvet-crab,velvet crab,Necora puber,Polybiidae,animal,
asian-paddle-crab,Asian paddle crab,Charybdis japonica,Portunidae,animal,
crucifix-crab,crucifix crab,Charybdis feriata,Portunidae,animal,
green-mud-crab,green mud crab,Scylla paramamosain,Portunidae,animal,
mud-crab,mud crab,Scylla serrata,Portunidae,animal,
blue-swimmer-crab,blue swimmer crab,Portunus pelagicus,Portunidae,animal,
gazami-crab,gazami crab,Portunus trituberculatus,Portunidae,animal,
blue-crab,blue crab,Callinectes sapidus,Portunidae,animal,blue crab;crab;crabs;crab meat
dungeness-crab,Dungeness crab,Metacarcinus magister,Cancridae,animal,Dungeness crab
brown-crab,brown crab,Cancer pagurus,Cancridae,animal,
golden-king-crab,golden king crab,Lithodes aequispinus,Lithodidae,animal,
southern-king-crab,southern king crab (centolla),Lithodes santolla,Lithodidae,animal,centolla
blue-king-crab,blue king crab,Paralithodes platypus,Lithodidae,animal,
red-king-crab,red king crab,Paralithodes camtschaticus,Lithodidae,animal,king crab
red-squat-lobster,red squat lobster,Pleuroncodes monodon,Munididae,animal,
squat-lobster,squat lobster (langostino),Munida gregaria,Munididae,animal,langostino
new-zealand-scampi,New Zealand scampi,Metanephrops challengeri,Nephropidae,animal,
langoustine,langoustine,Nephrops norvegicus,Nephropidae,animal,
european-lobster,European lobster,Homarus gammarus,Nephropidae,animal,
american-lobster,American lobster,Homarus americanus,Nephropidae,animal,lobster
virile-crayfish,virile crayfish,Faxonius virilis,Cambaridae,animal,
marron,marron,Cherax cainii,Parastacidae,animal,
yabby,yabby,Cherax destructor,Parastacidae,animal,
redclaw,redclaw,Cherax quadricarinatus,Parastacidae,animal,
white-clawed-crayfish,white-clawed crayfish,Austropotamobius pallipes,Astacidae,animal,
signal-crayfish,signal crayfish,Pacifastacus leniusculus,Astacidae,animal,
noble-crayfish,noble crayfish,Astacus astacus,Astacidae,animal,
red-swamp-crayfish,red swamp crayfish,Procambarus clarkii,Cambaridae,animal,crayfish;crawfish;crawdad
balmain-bug,Balmain bug,Ibacus peronii,Scyllaridae,animal,
mediterranean-slipper-lobster,Mediterranean slipper lobster,Scyllarides latus,Scyllaridae,animal,
moreton-bay-bug,Moreton Bay bug,Thenus orientalis,Scyllaridae,animal,
eastern-rock-lobster,eastern rock lobster,Sagmariasus verreauxi,Palinuridae,animal,
west-coast-rock-lobster,West Coast rock lobster,Jasus lalandii,Palinuridae,animal,
southern-rock-lobster,southern rock lobster,Jasus edwardsii,Palinuridae,animal,
european-spiny-lobster,European spiny lobster,Palinurus elephas,Palinuridae,animal,
scalloped-spiny-lobster,scalloped spiny lobster,Panulirus homarus,Palinuridae,animal,
ornate-spiny-lobster,ornate spiny lobster,Panulirus ornatus,Palinuridae,animal,
california-spiny-lobster,California spiny lobster,Panulirus interruptus,Palinuridae,animal,
western-rock-lobster,western rock lobster,Panulirus cygnus,Palinuridae,animal,
caribbean-spiny-lobster,Caribbean spiny lobster,Panulirus argus,Palinuridae,animal,
striped-soldier-shrimp,striped soldier shrimp,Plesionika edwardsii,Pandalidae,animal,
oriental-river-prawn,oriental river prawn,Macrobrachium nipponense,Palaemonidae,animal,
giant-river-prawn,giant river prawn,Macrobrachium rosenbergii,Palaemonidae,animal,freshwater prawn
common-prawn,common prawn,Palaemon serratus,Palaemonidae,animal,
sculptured-shrimp,sculptured shrimp,Sclerocrangon boreas,Crangonidae,animal,
brown-shrimp,brown shrimp (North Sea),Crangon crangon,Crangonidae,animal,North Sea
chilean-nylon-shrimp,Chilean nylon shrimp,Heterocarpus reedi,Pandalidae,animal,
ocean-pink-shrimp,ocean pink shrimp,Pandalus jordani,Pandalidae,animal,
spot-prawn,spot prawn,Pandalus platyceros,Pandalidae,animal,
northern-shrimp,northern shrimp,Pandalus borealis,Pandalidae,animal,
jawla-paste-shrimp,jawla paste shrimp,Acetes indicus,Sergestidae,animal,
akiami-paste-shrimp,akiami paste shrimp,Acetes japonicus,Sergestidae,animal,
argentine-red-shrimp,Argentine red shrimp,Pleoticus muelleri,Solenoceridae,animal,
blue-and-red-shrimp,blue and red shrimp (gamba roja),Aristeus antennatus,Aristeidae,animal,gamba roja
giant-red-shrimp,giant red shrimp,Aristaeomorpha foliacea,Aristeidae,animal,
atlantic-seabob,Atlantic seabob,Xiphopenaeus kroyeri,Penaeidae,animal,
speckled-shrimp,speckled shrimp,Metapenaeus monoceros,Penaeidae,animal,
pink-shrimp,pink shrimp (Gulf),Penaeus duorarum,Penaeidae,animal,Gulf
brown-shrimp-2,brown shrimp (Gulf),Penaeus aztecus,Penaeidae,animal,Gulf
atlantic-white-shrimp,Atlantic white shrimp,Penaeus setiferus,Penaeidae,animal,
banana-prawn,banana prawn,Penaeus merguiensis,Penaeidae,animal,
green-tiger-prawn,green tiger prawn,Penaeus semisulcatus,Penaeidae,animal,
chinese-white-shrimp,Chinese white shrimp,Penaeus chinensis,Penaeidae,animal,
kuruma-prawn,kuruma prawn,Penaeus japonicus,Penaeidae,animal,
indian-white-prawn,Indian white prawn,Penaeus indicus,Penaeidae,animal,
whiteleg-shrimp,whiteleg shrimp,Penaeus vannamei,Penaeidae,animal,shrimp;prawns;prawn;shrimps
giant-tiger-prawn,giant tiger prawn,Penaeus monodon,Penaeidae,animal,
pelagic-goose-barnacle,pelagic goose barnacle,Lepas anatifera,Lepadidae,animal,
picoroco,picoroco,Austromegabalanus psittacus,Balanidae,animal,
pacific-goose-barnacle,Pacific goose barnacle,Pollicipes polymerus,Pollicipedidae,animal,
goose-barnacle,goose barnacle (percebes),Pollicipes pollicipes,Pollicipedidae,animal,percebes
mangrove-horseshoe-crab,mangrove horseshoe crab (eggs),Carcinoscorpius rotundicauda,Limulidae,animal,
horseshoe-crab,horseshoe crab (eggs),Tachypleus gigas,Limulidae,animal,
asian-forest-scorpion,Asian forest scorpion,Heterometrus longimanus,Scorpionidae,animal,
edible-tarantula,edible tarantula (a-ping),Cyriopagopus albostriatus,Theraphosidae,animal,a-ping
snakelocks-anemone,snakelocks anemone (ortiguillas),Anemonia viridis,Actiniidae,animal,ortiguillas
nomuras-jellyfish,Nomura's jellyfish,Nemopilema nomurai,Rhizostomatidae,animal,
cannonball-jellyfish,cannonball jellyfish,Stomolophus meleagris,Stomolophidae,animal,
sand-jellyfish,sand jellyfish,Rhopilema hispidum,Rhizostomatidae,animal,
edible-jellyfish,edible jellyfish,Rhopilema esculentum,Rhizostomatidae,animal,edible jellyfish
mucor,mucor,Mucor racemosus,Mucoraceae,fungus,
sufu-mould,sufu mould,Actinomucor elegans,Mucoraceae,fungus,
tempeh-mould,tempeh / ragi mould,Rhizopus oryzae,Rhizopodaceae,fungus,ragi mould
tempeh-mould-2,tempeh mould,Rhizopus oligosporus,Rhizopodaceae,fungus,tempeh mold;tempeh
huitlacoche,huitlacoche,Ustilago maydis,Ustilaginaceae,fungus,huitlacoche;corn smut
golden-ear,golden ear,Naematelia aurantialba,Naemateliaceae,fungus,
snow-fungus,snow fungus,Tremella fuciformis,Tremellaceae,fungus,snow fungus;white fungus
pacific-golden-chanterelle,Pacific golden chanterelle,Cantharellus formosus,Cantharellaceae,fungus,
cinnabar-chanterelle,cinnabar chanterelle,Cantharellus cinnabarinus,Cantharellaceae,fungus,
smooth-chanterelle,smooth chanterelle,Cantharellus lateritius,Cantharellaceae,fungus,
chanterelle,chanterelle,Cantharellus cibarius,Cantharellaceae,fungus,chanterelle
winter-chanterelle,winter chanterelle,Craterellus tubaeformis,Cantharellaceae,fungus,
black-trumpet,black trumpet,Craterellus cornucopioides,Cantharellaceae,fungus,
hedgehog-mushroom,hedgehog mushroom,Hydnum repandum,Hydnaceae,fungus,
terracotta-hedgehog,terracotta hedgehog,Hydnum rufescens,Hydnaceae,fungus,
jelly-ear,jelly ear (cornea),Auricularia cornea,Auriculariaceae,fungus,cornea
black-wood-ear,black wood ear,Auricularia heimuer,Auriculariaceae,fungus,
wood-ear,wood ear,Auricularia auricula-judae,Auriculariaceae,fungus,wood ear;black fungus;cloud ear
cloud-ear,cloud ear,Auricularia polytricha,Auriculariaceae,fungus,
bamboo-fungus,bamboo fungus,Phallus indusiatus,Phallaceae,fungus,
pigs-ear,pig's ear,Gomphus clavatus,Gomphaceae,fungus,
cauliflower-coral,cauliflower coral,Ramaria botrytis,Gomphaceae,fungus,
chaga,chaga,Inonotus obliquus,Hymenochaetaceae,fungus,
chicken-of-the-woods,chicken of the woods,Laetiporus sulphureus,Fomitopsidaceae,fungus,
cauliflower-fungus,cauliflower fungus,Sparassis crispa,Sparassidaceae,fungus,
white-pored-chicken-of-the-woods,white-pored chicken of the woods,Laetiporus cincinnatus,Fomitopsidaceae,fungus,
maitake,maitake,Grifola frondosa,Grifolaceae,fungus,maitake;hen of the woods
shingled-hedgehog,shingled hedgehog,Sarcodon imbricatus,Bankeraceae,fungus,
lingzhi,lingzhi,Ganoderma lingzhi,Ganodermataceae,fungus,
reishi,reishi,Ganoderma lucidum,Ganodermataceae,fungus,
dryads-saddle,dryad's saddle,Cerioporus squamosus,Polyporaceae,fungus,
hed-kradang,hed kradang,Lentinus polychrous,Polyporaceae,fungus,
lentinus,lentinus (tropical),Lentinus squarrosulus,Polyporaceae,fungus,tropical
turkey-tail,turkey tail,Trametes versicolor,Polyporaceae,fungus,
green-cracking-russula,green-cracking russula,Russula virescens,Russulaceae,fungus,
charcoal-burner,charcoal burner,Russula cyanoxantha,Russulaceae,fungus,
indigo-milk-cap,indigo milk cap,Lactarius indigo,Russulaceae,fungus,
false-saffron-milk-cap,false saffron milk cap,Lactarius deterrimus,Russulaceae,fungus,
saffron-milk-cap,saffron milk cap,Lactarius deliciosus,Russulaceae,fungus,
weeping-milk-cap,weeping milk cap,Lactifluus volemus,Russulaceae,fungus,
lions-mane,lion's mane,Hericium erinaceus,Hericiaceae,fungus,lion's mane
coral-tooth,coral tooth,Hericium coralloides,Hericiaceae,fungus,
sheep-polypore,sheep polypore,Albatrellus ovinus,Albatrellaceae,fungus,
bay-bolete,bay bolete,Imleria badia,Boletaceae,fungus,
old-man-of-the-woods,old man of the woods,Strobilomyces strobilaceus,Boletaceae,fungus,
porcini,porcini,Boletus edulis,Boletaceae,fungus,porcini;cep;penny bun
pine-bolete,pine bolete,Boletus pinophilus,Boletaceae,fungus,
bronze-bolete,bronze bolete,Boletus aereus,Boletaceae,fungus,
summer-bolete,summer bolete,Boletus reticulatus,Boletaceae,fungus,
birch-bolete,birch bolete,Leccinum scabrum,Boletaceae,fungus,
orange-birch-bolete,orange birch bolete,Leccinum aurantiacum,Boletaceae,fungus,
chestnut-bolete,chestnut bolete,Gyroporus castaneus,Gyroporaceae,fungus,
black-bolete,black bolete (Thai),Phlebopus portentosus,Boletinellaceae,fungus,Thai
weeping-bolete,weeping bolete,Suillus granulatus,Suillaceae,fungus,
jersey-cow-bolete,jersey cow bolete,Suillus bovinus,Suillaceae,fungus,
slippery-jack,slippery jack,Suillus luteus,Suillaceae,fungus,
copper-spike,copper spike,Chroogomphus rutilus,Gomphidiaceae,fungus,
pink-waxcap,pink waxcap,Hygrophorus russula,Hygrophoraceae,fungus,
giant-oyster,giant oyster,Pleurotus giganteus,Pleurotaceae,fungus,
phoenix-oyster,phoenix oyster,Pleurotus pulmonarius,Pleurotaceae,fungus,
king-oyster,king oyster,Pleurotus eryngii,Pleurotaceae,fungus,
oyster-mushroom,oyster mushroom,Pleurotus ostreatus,Pleurotaceae,fungus,oyster mushroom;king oyster
pink-oyster,pink oyster,Pleurotus djamor,Pleurotaceae,fungus,
golden-oyster,golden oyster,Pleurotus citrinopileatus,Pleurotaceae,fungus,
branched-oyster,branched oyster,Pleurotus cornucopiae,Pleurotaceae,fungus,
split-gill,split gill,Schizophyllum commune,Schizophyllaceae,fungus,
beefsteak-fungus,beefsteak fungus,Fistulina hepatica,Fistulinaceae,fungus,
straw-mushroom,straw mushroom,Volvariella volvacea,Pluteaceae,fungus,
american-caesar,American Caesar,Amanita jacksonii,Amanitaceae,fungus,
caesars-mushroom,Caesar's mushroom,Amanita caesarea,Amanitaceae,fungus,
blusher,blusher,Amanita rubescens,Amanitaceae,fungus,
pioppino,pioppino,Cyclocybe aegerita,Strophariaceae,fungus,
nameko,nameko,Pholiota nameko,Strophariaceae,fungus,
chestnut-mushroom,chestnut mushroom (adiposa),Pholiota adiposa,Strophariaceae,fungus,adiposa
wine-cap,wine cap,Stropharia rugosoannulata,Strophariaceae,fungus,
sheathed-woodtuft,sheathed woodtuft,Kuehneromyces mutabilis,Strophariaceae,fungus,
almond-mushroom,almond mushroom (blazei),Agaricus subrufescens,Agaricaceae,fungus,blazei
button,button / cremini / portobello,Agaricus bisporus,Agaricaceae,fungus,cremini;portobello;button;mushroom;mushrooms;portabella;champignon
field-mushroom,field mushroom,Agaricus campestris,Agaricaceae,fungus,
horse-mushroom,horse mushroom,Agaricus arvensis,Agaricaceae,fungus,
the-prince,the prince,Agaricus augustus,Agaricaceae,fungus,
parasol-mushroom,parasol mushroom,Macrolepiota procera,Agaricaceae,fungus,
giant-puffball,giant puffball,Calvatia gigantea,Agaricaceae,fungus,
common-puffball,common puffball,Lycoperdon perlatum,Agaricaceae,fungus,
shaggy-ink-cap,shaggy ink cap,Coprinus comatus,Agaricaceae,fungus,
hon-shimeji,hon-shimeji,Lyophyllum shimeji,Lyophyllaceae,fungus,
buna-shimeji,buna-shimeji,Hypsizygus tessellatus,Lyophyllaceae,fungus,
termite-mushroom,termite mushroom,Termitomyces robustus,Lyophyllaceae,fungus,
giant-termite-mushroom,giant termite mushroom,Termitomyces titanicus,Lyophyllaceae,fungus,
st-georges-mushroom,St George's mushroom,Calocybe gambosa,Lyophyllaceae,fungus,
american-matsutake,American matsutake,Tricholoma murrillianum,Tricholomataceae,fungus,
matsutake,matsutake,Tricholoma matsutake,Tricholomataceae,fungus,
field-blewit,field blewit,Lepista personata,Tricholomataceae,fungus,
wood-blewit,wood blewit,Lepista nuda,Tricholomataceae,fungus,
enoki,enoki (cultivated),Flammulina filiformis,Physalacriaceae,fungus,
velvet-shank,velvet shank,Flammulina velutipes,Physalacriaceae,fungus,enoki;enokitake
honey-fungus,honey fungus,Armillaria mellea,Physalacriaceae,fungus,
dark-honey-fungus,dark honey fungus,Armillaria ostoyae,Physalacriaceae,fungus,
butter-cap,butter cap,Rhodocollybia butyracea,Omphalotaceae,fungus,
shiitake,shiitake,Lentinula edodes,Omphalotaceae,fungus,shiitake
fairy-ring-champignon,fairy ring champignon,Marasmius oreades,Marasmiaceae,fungus,
cheese-rind-yeast,cheese-rind yeast,Debaryomyces hansenii,Debaryomycetaceae,fungus,
brett,brett,Brettanomyces bruxellensis,Pichiaceae,fungus,
wine-yeast,wine yeast,Saccharomyces bayanus,Saccharomycetaceae,fungus,
lager-yeast,lager yeast,Saccharomyces pastorianus,Saccharomycetaceae,fungus,
bakers-yeast,baker's / brewer's yeast,Saccharomyces cerevisiae,Saccharomycetaceae,fungus,brewer's yeast;baker's;yeast;bread;beer;wine;sourdough;leavened
torulaspora,torulaspora (wine),Torulaspora delbrueckii,Saccharomycetaceae,fungus,wine
kefir-yeast,kefir yeast (marxianus),Kluyveromyces marxianus,Saccharomycetaceae,fungus,
kefir-yeast-2,kefir yeast,Kluyveromyces lactis,Saccharomycetaceae,fungus,
cheese-mould,cheese mould (geotrichum),Geotrichum candidum,Dipodascaceae,fungus,geotrichum
orange-peel-fungus,orange peel fungus,Aleuria aurantia,Pyronemataceae,fungus,
scarlet-elf-cup,scarlet elf cup,Sarcoscypha coccinea,Sarcoscyphaceae,fungus,
false-morel,false morel (processed),Gyromitra esculenta,Discinaceae,fungus,
landscape-morel,landscape morel,Morchella importuna,Morchellaceae,fungus,
american-yellow-morel,American yellow morel,Morchella americana,Morchellaceae,fungus,
black-morel,black morel,Morchella elata,Morchellaceae,fungus,
morel,morel,Morchella esculenta,Morchellaceae,fungus,morel;morels
oregon-white-truffle,Oregon white truffle,Tuber oregonense,Tuberaceae,fungus,
chinese-truffle,Chinese truffle,Tuber indicum,Tuberaceae,fungus,
summer-truffle,summer truffle,Tuber aestivum,Tuberaceae,fungus,
white-truffle,white truffle,Tuber magnatum,Tuberaceae,fungus,white truffle
black-truffle,black truffle,Tuber melanosporum,Tuberaceae,fungus,black truffle;truffle
bianchetto-truffle,bianchetto truffle,Tuber borchii,Tuberaceae,fungus,
diguene,digüeñe,Cyttaria espinosae,Cyttariaceae,fungus,
oncom-mould,oncom mould (intermedia),Neurospora intermedia,Sordariaceae,fungus,intermedia
oncom-mould-2,oncom mould,Neurospora sitophila,Sordariaceae,fungus,
lobster-mushroom,lobster mushroom,Hypomyces lactifluorum,Hypocreaceae,fungus,
mycoprotein,mycoprotein (Quorn),Fusarium venenatum,Nectriaceae,fungus,Quorn;mycoprotein;quorn
caterpillar-fungus,caterpillar fungus,Ophiocordyceps sinensis,Ophiocordycipitaceae,fungus,
cordyceps,cordyceps,Cordyceps militaris,Cordycipitaceae,fungus,
red-yeast-rice,red yeast rice,Monascus purpureus,Monascaceae,fungus,
awamori-koji,awamori koji,Aspergillus luchuensis,Aspergillaceae,fungus,
koji,koji,Aspergillus oryzae,Aspergillaceae,fungus,koji mold;koji;miso;soy sauce;sake;mirin
soy-sauce-koji,soy sauce koji,Aspergillus sojae,Aspergillaceae,fungus,
salami-mould,salami mould,Penicillium nalgiovense,Aspergillaceae,fungus,
blue-cheese-mould,blue cheese mould,Penicillium roqueforti,Aspergillaceae,fungus,blue cheese mold;blue cheese;roquefort;gorgonzola;stilton
camembert-mould,camembert mould,Penicillium camemberti,Aspergillaceae,fungus,camembert mold;brie;camembert
